$version Generated by VerilatedVcd $end
$timescale 1ps $end

 $scope module TOP $end
  $scope module tb_traffic_fsm $end
   $var wire  1 9 A_G1 $end
   $var wire  1 : A_G2 $end
   $var wire  1 7 A_R $end
   $var wire  1 8 A_Y $end
   $var wire  1 = B_G1 $end
   $var wire  1 > B_G2 $end
   $var wire  1 ; B_R $end
   $var wire  1 < B_Y $end
   $var wire  1 B B_free_left $end
   $var wire  1 A C_G $end
   $var wire  1 ? C_R $end
   $var wire  1 @ C_Y $end
   $var wire  1 C C_free_left $end
   $var wire 32 [ TAMB [31:0] $end
   $var wire 32 [ TCLR [31:0] $end
   $var wire 32 X TG1 [31:0] $end
   $var wire 32 Y TG2 [31:0] $end
   $var wire 32 Z TGC [31:0] $end
   $var wire  1 * chk_en $end
   $var wire  1 P clk $end
   $var wire  4 J cur [3:0] $end
   $var wire 32 K dwell [31:0] $end
   $var wire 32 Q errors [31:0] $end
   $var wire 32 , expect_next__Vstatic__c0 [31:0] $end
   $var wire 32 - expect_next__Vstatic__n [31:0] $end
   $var wire 32 M green_count [31:0] $end
   $var wire 32 / i [31:0] $end
   $var wire 32 + k [31:0] $end
   $var wire  4 N last_green [3:0] $end
   $var wire  1 D legal $end
   $var wire  1 L ok $end
   $var wire  4 R prev [3:0] $end
   $var wire  1 $ reqA $end
   $var wire  1 ' reqA_turn $end
   $var wire  1 % reqB $end
   $var wire  1 ( reqB_turn $end
   $var wire  1 & reqC $end
   $var wire  1 # rst_n $end
   $var wire  8 O seen [7:0] $end
   $var wire 32 1 served[1] [31:0] $end
   $var wire 32 2 served[2] [31:0] $end
   $var wire 32 3 served[3] [31:0] $end
   $var wire 32 4 served[4] [31:0] $end
   $var wire 32 5 served[5] [31:0] $end
   $var wire 32 6 served[6] [31:0] $end
   $var wire  1 S skip $end
   $var wire 32 . test_illegal__Vstatic__j [31:0] $end
   $var wire  1 ) yield_en $end
   $scope module dut $end
    $var wire  1 9 A_G1 $end
    $var wire  1 : A_G2 $end
    $var wire  1 7 A_R $end
    $var wire  1 8 A_Y $end
    $var wire  1 = B_G1 $end
    $var wire  1 > B_G2 $end
    $var wire  1 ; B_R $end
    $var wire  1 < B_Y $end
    $var wire  1 B B_free_left $end
    $var wire  1 A C_G $end
    $var wire  1 ? C_R $end
    $var wire  1 @ C_Y $end
    $var wire  1 C C_free_left $end
    $var wire  4 \ P0 [3:0] $end
    $var wire  4 ] P1 [3:0] $end
    $var wire  4 ^ P2 [3:0] $end
    $var wire  4 _ P3 [3:0] $end
    $var wire  4 ` P4 [3:0] $end
    $var wire  4 a P5 [3:0] $end
    $var wire  4 b P6 [3:0] $end
    $var wire  4 c P7 [3:0] $end
    $var wire 32 [ T_AMB [31:0] $end
    $var wire 32 [ T_CLR [31:0] $end
    $var wire 32 X T_G1 [31:0] $end
    $var wire 32 Y T_G2 [31:0] $end
    $var wire 32 Z T_GC [31:0] $end
    $var wire  1 P clk $end
    $var wire  8 V cnt [7:0] $end
    $var wire  3 U last [2:0] $end
    $var wire  4 E next_state [3:0] $end
    $var wire  4 G pick__Vstatic__c [3:0] $end
    $var wire  1 I pick__Vstatic__found $end
    $var wire 32 F pick__Vstatic__i [31:0] $end
    $var wire  3 H pick__Vstatic__ls [2:0] $end
    $var wire  1 $ reqA $end
    $var wire  1 ' reqA_turn $end
    $var wire  1 % reqB $end
    $var wire  1 ( reqB_turn $end
    $var wire  1 & reqC $end
    $var wire  6 0 rq [6:1] $end
    $var wire  1 # rst_n $end
    $var wire  4 T state [3:0] $end
    $var wire  1 W t_done $end
    $var wire  1 ) yield_en $end
   $upscope $end
  $upscope $end
 $upscope $end
$enddefinitions $end


#0
0#
0$
0%
1&
0'
0(
1)
0*
b00000000000000000000000000000111 +
b00000000000000000000000000000000 ,
b00000000000000000000000000000000 -
b00000000000000000000000000000000 .
b00000000000000000000000000000000 /
b001000 0
b00000000000000000000000000000000 1
b00000000000000000000000000000000 2
b00000000000000000000000000000000 3
b00000000000000000000000000000000 4
b00000000000000000000000000000000 5
b00000000000000000000000000000000 6
17
08
09
0:
1;
0<
0=
0>
1?
0@
0A
0B
0C
1D
b0100 E
b00000000000000000000000000000111 F
b0110 G
b110 H
1I
b0000 J
b00000000000000000000000000000000 K
0L
b00000000000000000000000000000000 M
b0000 N
b00000000 O
0P
b00000000000000000000000000000000 Q
b0000 R
1S
b0000 T
b000 U
b00000000 V
1W
b00000000000000000000000000000011 X
b00000000000000000000000000000100 Y
b00000000000000000000000000000101 Z
b00000000000000000000000000000010 [
b0000 \
b0001 ]
b0010 ^
b0011 _
b0100 `
b0101 a
b0110 b
b0111 c
#5000
b0000 E
1P
b110 U
b00000001 V
0W
#10000
0P
#15000
1P
#20000
1*
b00000001 O
0P
#25000
1P
#30000
1#
b00000000000000000000000000000001 K
0P
#35000
b0100 E
1P
b00000000 V
1W
#40000
b00000000000000000000000000000010 K
0P
#41000
b00000000000000000000000000000001 -
#45000
0?
1A
1C
1P
b0100 T
b100 U
b00000100 V
0W
#50000
b00000000000000000000000000000001 4
b0100 J
b00000000000000000000000000000001 K
b00000000000000000000000000000001 M
b0100 N
b00010001 O
0P
b0100 R
0S
#51000
b00000000000000000000000000000010 -
#55000
1P
b00000011 V
#60000
0&
b00000000000000000000000000000001 ,
b00000000000000000000000000000000 -
b000000 0
b00000000000000000000000000000010 K
0P
#65000
1P
b00000010 V
#70000
b00000000000000000000000000000011 K
0P
#71000
b00000000000000000000000000000001 -
#75000
1P
b00000001 V
#80000
b00000000000000000000000000000100 K
0P
#81000
b00000000000000000000000000000010 -
#85000
b0111 E
1P
b00000000 V
1W
#90000
b00000000000000000000000000000101 K
0P
#91000
b00000000000000000000000000000011 -
#95000
1@
0A
0C
1P
b0111 T
b00000001 V
0W
#100000
b0111 J
b00000000000000000000000000000001 K
1L
b10010001 O
0P
b0111 R
#101000
b00000000000000000000000000000100 -
#105000
b0000 E
1P
b00000000 V
1W
#110000
b00000000000000000000000000000010 K
0P
#111000
b00000000000000000000000000000101 -
#115000
1?
0@
1P
b0000 T
b00000001 V
0W
#120000
b0000 J
b00000000000000000000000000000001 K
0P
b0000 R
#121000
b00000000000000000000000000000110 -
#125000
b0101 E
b0100 G
b100 H
0I
1P
b00000000 V
1W
#130000
b00000000000000000000000000000010 K
0P
#131000
b00000000000000000000000000000111 -
#135000
07
1:
1P
b0101 T
b101 U
b00000011 V
0W
#140000
b00000000000000000000000000000001 5
b0101 J
b00000000000000000000000000000001 K
b00000000000000000000000000000010 M
b0101 N
b10110001 O
0P
b0101 R
#141000
b00000000000000000000000000000010 ,
b00000000000000000000000000000000 -
#145000
1P
b00000010 V
#150000
b00000000000000000000000000000010 K
0P
#151000
b00000000000000000000000000000001 -
#155000
1P
b00000001 V
#160000
b00000000000000000000000000000011 K
0P
#161000
b00000000000000000000000000000010 -
#165000
b0111 E
1P
b00000000 V
1W
#170000
b00000000000000000000000000000100 K
0P
#171000
b00000000000000000000000000000011 -
#175000
18
0:
1P
b0111 T
b00000001 V
0W
#180000
b0111 J
b00000000000000000000000000000001 K
0P
b0111 R
#181000
b00000000000000000000000000000100 -
#185000
b0000 E
1P
b00000000 V
1W
#190000
b00000000000000000000000000000010 K
0P
#191000
b00000000000000000000000000000101 -
#195000
17
08
1P
b0000 T
b00000001 V
0W
#200000
b0000 J
b00000000000000000000000000000001 K
0P
b0000 R
#201000
b00000000000000000000000000000110 -
#205000
b0110 E
b0101 G
b101 H
1P
b00000000 V
1W
#210000
b00000000000000000000000000000010 K
0P
#211000
b00000000000000000000000000000111 -
#215000
0;
1>
1B
1P
b0110 T
b110 U
b00000011 V
0W
#220000
b00000000000000000000000000000001 6
b0110 J
b00000000000000000000000000000001 K
b00000000000000000000000000000011 M
b0110 N
b11110001 O
0P
b0110 R
#221000
b00000000000000000000000000000011 ,
b00000000000000000000000000000000 -
#225000
1P
b00000010 V
#230000
b00000000000000000000000000000010 K
0P
#231000
b00000000000000000000000000000001 -
#235000
1P
b00000001 V
#240000
b00000000000000000000000000000011 K
0P
#241000
b00000000000000000000000000000010 -
#245000
b0111 E
1P
b00000000 V
1W
#250000
b00000000000000000000000000000100 K
0P
#251000
b00000000000000000000000000000011 -
#255000
1<
0>
0B
1P
b0111 T
b00000001 V
0W
#260000
b0111 J
b00000000000000000000000000000001 K
0P
b0111 R
#261000
b00000000000000000000000000000100 -
#265000
b0000 E
1P
b00000000 V
1W
#270000
b00000000000000000000000000000010 K
0P
#271000
b00000000000000000000000000000101 -
#275000
1;
0<
1P
b0000 T
b00000001 V
0W
#280000
b0000 J
b00000000000000000000000000000001 K
0P
b0000 R
#281000
b00000000000000000000000000000110 -
#285000
b0001 E
b0110 G
b110 H
1P
b00000000 V
1W
#290000
b00000000000000000000000000000010 K
0P
#291000
b00000000000000000000000000000111 -
#295000
07
19
1P
b0001 T
b001 U
b00000010 V
0W
#300000
b00000000000000000000000000000001 1
b0001 J
b00000000000000000000000000000001 K
b00000000000000000000000000000100 M
b0001 N
b11110011 O
0P
b0001 R
#301000
b00000000000000000000000000000100 ,
b00000000000000000000000000000000 -
#305000
1P
b00000001 V
#310000
b00000000000000000000000000000010 K
0P
#311000
b00000000000000000000000000000001 -
#315000
b0111 E
1P
b00000000 V
1W
#320000
b00000000000000000000000000000011 K
0P
#321000
b00000000000000000000000000000010 -
#325000
18
09
1P
b0111 T
b00000001 V
0W
#330000
b0111 J
b00000000000000000000000000000001 K
0P
b0111 R
#331000
b00000000000000000000000000000011 -
#335000
b0000 E
1P
b00000000 V
1W
#340000
b00000000000000000000000000000010 K
0P
#341000
b00000000000000000000000000000100 -
#345000
17
08
1P
b0000 T
b00000001 V
0W
#350000
b0000 J
b00000000000000000000000000000001 K
0P
b0000 R
#351000
b00000000000000000000000000000101 -
#355000
b0010 E
b0001 G
b001 H
1P
b00000000 V
1W
#360000
b00000000000000000000000000000010 K
0P
#361000
b00000000000000000000000000000110 -
#365000
0;
1=
1P
b0010 T
b010 U
b00000010 V
0W
#370000
b00000000000000000000000000000001 2
b0010 J
b00000000000000000000000000000001 K
b00000000000000000000000000000101 M
b0010 N
b11110111 O
0P
b0010 R
#371000
b00000000000000000000000000000101 ,
b00000000000000000000000000000000 -
#375000
1P
b00000001 V
#380000
b00000000000000000000000000000010 K
0P
#381000
b00000000000000000000000000000001 -
#385000
b0111 E
1P
b00000000 V
1W
#390000
b00000000000000000000000000000011 K
0P
#391000
b00000000000000000000000000000010 -
#395000
1<
0=
1P
b0111 T
b00000001 V
0W
#400000
b0111 J
b00000000000000000000000000000001 K
0P
b0111 R
#401000
b00000000000000000000000000000011 -
#405000
b0000 E
1P
b00000000 V
1W
#410000
b00000000000000000000000000000010 K
0P
#411000
b00000000000000000000000000000100 -
#415000
1;
0<
1P
b0000 T
b00000001 V
0W
#420000
b0000 J
b00000000000000000000000000000001 K
0P
b0000 R
#421000
b00000000000000000000000000000101 -
#425000
b0011 E
b0010 G
b010 H
1P
b00000000 V
1W
#430000
b00000000000000000000000000000010 K
0P
#431000
b00000000000000000000000000000110 -
#435000
07
19
0;
1=
1P
b0011 T
b011 U
b00000010 V
0W
#440000
b00000000000000000000000000000001 3
b0011 J
b00000000000000000000000000000001 K
b00000000000000000000000000000110 M
b0011 N
b11111111 O
0P
b0011 R
#441000
b00000000000000000000000000000110 ,
b00000000000000000000000000000000 -
#445000
1P
b00000001 V
#450000
b00000000000000000000000000000010 K
0P
#451000
b00000000000000000000000000000001 -
#455000
b0111 E
1P
b00000000 V
1W
#460000
b00000000000000000000000000000011 K
0P
#461000
b00000000000000000000000000000010 -
#465000
18
09
1<
0=
1P
b0111 T
b00000001 V
0W
#470000
b0111 J
b00000000000000000000000000000001 K
0P
b0111 R
#471000
b00000000000000000000000000000011 -
#475000
b0000 E
1P
b00000000 V
1W
#480000
b00000000000000000000000000000010 K
0P
#481000
b00000000000000000000000000000100 -
#485000
17
08
1;
0<
1P
b0000 T
b00000001 V
0W
#490000
b0000 J
b00000000000000000000000000000001 K
0P
b0000 R
#491000
b00000000000000000000000000000101 -
#495000
b0100 E
b0011 G
b011 H
1P
b00000000 V
1W
#500000
b00000000000000000000000000000010 K
0P
#501000
b00000000000000000000000000000110 -
#505000
0?
1A
1C
1P
b0100 T
b100 U
b00000100 V
0W
#510000
b00000000000000000000000000000010 4
b0100 J
b00000000000000000000000000000001 K
b00000000000000000000000000000111 M
b0100 N
0P
b0100 R
#511000
b00000000000000000000000000000111 -
#515000
1P
b00000011 V
#520000
1$
b00000000000000000000000000000111 ,
b00000000000000000000000000000000 -
b000001 0
b00000000000000000000000000000010 K
0P
#525000
1P
b00000010 V
#530000
b00000000000000000000000000000011 K
0P
#531000
b00000000000000000000000000000001 -
#535000
1P
b00000001 V
#540000
b00000000000000000000000000000100 K
0P
#541000
b00000000000000000000000000000010 -
#545000
b0111 E
1P
b00000000 V
1W
#550000
b00000000000000000000000000000101 K
0P
#551000
b00000000000000000000000000000011 -
#555000
1@
0A
0C
1P
b0111 T
b00000001 V
0W
#560000
b0111 J
b00000000000000000000000000000001 K
0P
b0111 R
#561000
b00000000000000000000000000000100 -
#565000
b0000 E
1P
b00000000 V
1W
#570000
b00000000000000000000000000000010 K
0P
#571000
b00000000000000000000000000000101 -
#575000
1?
0@
1P
b0000 T
b00000001 V
0W
#580000
b0000 J
b00000000000000000000000000000001 K
0P
b0000 R
#581000
b00000000000000000000000000000110 -
#585000
b0001 E
b0100 G
b100 H
1I
1P
b00000000 V
1W
#590000
b00000000000000000000000000000010 K
0P
#591000
b00000000000000000000000000000111 -
#595000
07
19
1P
b0001 T
b001 U
b00000010 V
0W
#600000
b00000000000000000000000000000010 1
b0001 J
b00000000000000000000000000000001 K
b00000000000000000000000000001000 M
b0001 N
0P
b0001 R
#601000
b00000000000000000000000000001000 -
#605000
1P
b00000001 V
#610000
0$
1%
b00000000000000000000000000001000 ,
b00000000000000000000000000000000 -
b000010 0
b00000000000000000000000000000010 K
0P
#615000
b0111 E
1P
b00000000 V
1W
#620000
b00000000000000000000000000000011 K
0P
#621000
b00000000000000000000000000000001 -
#625000
18
09
1P
b0111 T
b00000001 V
0W
#630000
b0111 J
b00000000000000000000000000000001 K
0P
b0111 R
#631000
b00000000000000000000000000000010 -
#635000
b0000 E
1P
b00000000 V
1W
#640000
b00000000000000000000000000000010 K
0P
#641000
b00000000000000000000000000000011 -
#645000
17
08
1P
b0000 T
b00000001 V
0W
#650000
b0000 J
b00000000000000000000000000000001 K
0P
b0000 R
#651000
b00000000000000000000000000000100 -
#655000
b0010 E
b0001 G
b001 H
1P
b00000000 V
1W
#660000
b00000000000000000000000000000010 K
0P
#661000
b00000000000000000000000000000101 -
#665000
0;
1=
1P
b0010 T
b010 U
b00000010 V
0W
#670000
b00000000000000000000000000000010 2
b0010 J
b00000000000000000000000000000001 K
b00000000000000000000000000001001 M
b0010 N
0P
b0010 R
#671000
b00000000000000000000000000000110 -
#675000
1P
b00000001 V
#680000
1$
b00000000000000000000000000001001 ,
b00000000000000000000000000000000 -
b000100 0
b00000000000000000000000000000010 K
0P
#685000
b0111 E
1P
b00000000 V
1W
#690000
b00000000000000000000000000000011 K
0P
#691000
b00000000000000000000000000000001 -
#695000
1<
0=
1P
b0111 T
b00000001 V
0W
#700000
b0111 J
b00000000000000000000000000000001 K
0P
b0111 R
#701000
b00000000000000000000000000000010 -
#705000
b0000 E
1P
b00000000 V
1W
#710000
b00000000000000000000000000000010 K
0P
#711000
b00000000000000000000000000000011 -
#715000
1;
0<
1P
b0000 T
b00000001 V
0W
#720000
b0000 J
b00000000000000000000000000000001 K
0P
b0000 R
#721000
b00000000000000000000000000000100 -
#725000
b0011 E
b0010 G
b010 H
1P
b00000000 V
1W
#730000
b00000000000000000000000000000010 K
0P
#731000
b00000000000000000000000000000101 -
#735000
07
19
0;
1=
1P
b0011 T
b011 U
b00000010 V
0W
#740000
b00000000000000000000000000000010 3
b0011 J
b00000000000000000000000000000001 K
b00000000000000000000000000001010 M
b0011 N
0P
b0011 R
#741000
b00000000000000000000000000000110 -
#745000
1P
b00000001 V
#750000
0$
0%
1&
b00000000000000000000000000001010 ,
b00000000000000000000000000000000 -
b001000 0
b00000000000000000000000000000010 K
0P
#755000
b0111 E
1P
b00000000 V
1W
#760000
b00000000000000000000000000000011 K
0P
#761000
b00000000000000000000000000000001 -
#765000
18
09
1<
0=
1P
b0111 T
b00000001 V
0W
#770000
b0111 J
b00000000000000000000000000000001 K
0P
b0111 R
#771000
b00000000000000000000000000000010 -
#775000
b0000 E
1P
b00000000 V
1W
#780000
b00000000000000000000000000000010 K
0P
#781000
b00000000000000000000000000000011 -
#785000
17
08
1;
0<
1P
b0000 T
b00000001 V
0W
#790000
b0000 J
b00000000000000000000000000000001 K
0P
b0000 R
#791000
b00000000000000000000000000000100 -
#795000
b0100 E
b0011 G
b011 H
1P
b00000000 V
1W
#800000
b00000000000000000000000000000010 K
0P
#801000
b00000000000000000000000000000101 -
#805000
0?
1A
1C
1P
b0100 T
b100 U
b00000100 V
0W
#810000
b00000000000000000000000000000011 4
b0100 J
b00000000000000000000000000000001 K
b00000000000000000000000000001011 M
b0100 N
0P
b0100 R
#811000
b00000000000000000000000000000110 -
#815000
1P
b00000011 V
#820000
0&
1'
b00000000000000000000000000001011 ,
b00000000000000000000000000000000 -
b010000 0
b00000000000000000000000000000010 K
0P
#825000
1P
b00000010 V
#830000
b00000000000000000000000000000011 K
0P
#831000
b00000000000000000000000000000001 -
#835000
1P
b00000001 V
#840000
b00000000000000000000000000000100 K
0P
#841000
b00000000000000000000000000000010 -
#845000
b0111 E
1P
b00000000 V
1W
#850000
b00000000000000000000000000000101 K
0P
#851000
b00000000000000000000000000000011 -
#855000
1@
0A
0C
1P
b0111 T
b00000001 V
0W
#860000
b0111 J
b00000000000000000000000000000001 K
0P
b0111 R
#861000
b00000000000000000000000000000100 -
#865000
b0000 E
1P
b00000000 V
1W
#870000
b00000000000000000000000000000010 K
0P
#871000
b00000000000000000000000000000101 -
#875000
1?
0@
1P
b0000 T
b00000001 V
0W
#880000
b0000 J
b00000000000000000000000000000001 K
0P
b0000 R
#881000
b00000000000000000000000000000110 -
#885000
b0101 E
b0100 G
b100 H
1P
b00000000 V
1W
#890000
b00000000000000000000000000000010 K
0P
#891000
b00000000000000000000000000000111 -
#895000
07
1:
1P
b0101 T
b101 U
b00000011 V
0W
#900000
b00000000000000000000000000000010 5
b0101 J
b00000000000000000000000000000001 K
b00000000000000000000000000001100 M
b0101 N
0P
b0101 R
#901000
b00000000000000000000000000001000 -
#905000
1P
b00000010 V
#910000
0'
1(
b00000000000000000000000000001100 ,
b00000000000000000000000000000000 -
b100000 0
b00000000000000000000000000000010 K
0P
#915000
1P
b00000001 V
#920000
b00000000000000000000000000000011 K
0P
#921000
b00000000000000000000000000000001 -
#925000
b0111 E
1P
b00000000 V
1W
#930000
b00000000000000000000000000000100 K
0P
#931000
b00000000000000000000000000000010 -
#935000
18
0:
1P
b0111 T
b00000001 V
0W
#940000
b0111 J
b00000000000000000000000000000001 K
0P
b0111 R
#941000
b00000000000000000000000000000011 -
#945000
b0000 E
1P
b00000000 V
1W
#950000
b00000000000000000000000000000010 K
0P
#951000
b00000000000000000000000000000100 -
#955000
17
08
1P
b0000 T
b00000001 V
0W
#960000
b0000 J
b00000000000000000000000000000001 K
0P
b0000 R
#961000
b00000000000000000000000000000101 -
#965000
b0110 E
b0101 G
b101 H
1P
b00000000 V
1W
#970000
b00000000000000000000000000000010 K
0P
#971000
b00000000000000000000000000000110 -
#975000
0;
1>
1B
1P
b0110 T
b110 U
b00000011 V
0W
#980000
b00000000000000000000000000000010 6
b0110 J
b00000000000000000000000000000001 K
b00000000000000000000000000001101 M
b0110 N
0P
b0110 R
#981000
b00000000000000000000000000000111 -
#985000
1P
b00000010 V
#990000
1$
1&
0(
b00000000000000000000000000001101 ,
b00000000000000000000000000000000 -
b001001 0
b00000000000000000000000000000010 K
0P
#995000
1P
b00000001 V
#1000000
b00000000000000000000000000000011 K
0P
#1001000
b00000000000000000000000000000001 -
#1005000
b0111 E
1P
b00000000 V
1W
#1010000
b00000000000000000000000000000100 K
0P
#1011000
b00000000000000000000000000000010 -
#1015000
1<
0>
0B
1P
b0111 T
b00000001 V
0W
#1020000
b0111 J
b00000000000000000000000000000001 K
0P
b0111 R
#1021000
b00000000000000000000000000000011 -
#1025000
b0000 E
1P
b00000000 V
1W
#1030000
b00000000000000000000000000000010 K
0P
#1031000
b00000000000000000000000000000100 -
#1035000
1;
0<
1P
b0000 T
b00000001 V
0W
#1040000
b0000 J
b00000000000000000000000000000001 K
0P
b0000 R
#1041000
b00000000000000000000000000000101 -
#1045000
b0001 E
b0110 G
b110 H
1P
b00000000 V
1W
#1050000
b00000000000000000000000000000010 K
0P
#1051000
b00000000000000000000000000000110 -
#1055000
07
19
1P
b0001 T
b001 U
b00000010 V
0W
#1060000
b00000000000000000000000000000011 1
b0001 J
b00000000000000000000000000000001 K
b00000000000000000000000000001110 M
b0001 N
0P
b0001 R
#1061000
b00000000000000000000000000001110 ,
b00000000000000000000000000000000 -
#1065000
1P
b00000001 V
#1070000
b00000000000000000000000000000010 K
0P
#1071000
b00000000000000000000000000000001 -
#1075000
b0111 E
1P
b00000000 V
1W
#1080000
b00000000000000000000000000000011 K
0P
#1081000
b00000000000000000000000000000010 -
#1085000
18
09
1P
b0111 T
b00000001 V
0W
#1090000
b0111 J
b00000000000000000000000000000001 K
0P
b0111 R
#1091000
b00000000000000000000000000000011 -
#1095000
b0000 E
1P
b00000000 V
1W
#1100000
b00000000000000000000000000000010 K
0P
#1101000
b00000000000000000000000000000100 -
#1105000
17
08
1P
b0000 T
b00000001 V
0W
#1110000
b0000 J
b00000000000000000000000000000001 K
0P
b0000 R
#1111000
b00000000000000000000000000000101 -
#1115000
b0100 E
b0001 G
b001 H
1P
b00000000 V
1W
#1120000
b00000000000000000000000000000010 K
0P
#1121000
b00000000000000000000000000000110 -
#1125000
0?
1A
1C
1P
b0100 T
b100 U
b00000100 V
0W
#1130000
b00000000000000000000000000000100 4
b0100 J
b00000000000000000000000000000001 K
b00000000000000000000000000001111 M
b0100 N
0P
b0100 R
#1131000
b00000000000000000000000000001111 ,
b00000000000000000000000000000000 -
#1135000
1P
b00000011 V
#1140000
b00000000000000000000000000000010 K
0P
#1141000
b00000000000000000000000000000001 -
#1145000
1P
b00000010 V
#1150000
b00000000000000000000000000000011 K
0P
#1151000
b00000000000000000000000000000010 -
#1155000
1P
b00000001 V
#1160000
b00000000000000000000000000000100 K
0P
#1161000
b00000000000000000000000000000011 -
#1165000
b0111 E
1P
b00000000 V
1W
#1170000
b00000000000000000000000000000101 K
0P
#1171000
b00000000000000000000000000000100 -
#1175000
1@
0A
0C
1P
b0111 T
b00000001 V
0W
#1180000
b0111 J
b00000000000000000000000000000001 K
0P
b0111 R
#1181000
b00000000000000000000000000000101 -
#1185000
b0000 E
1P
b00000000 V
1W
#1190000
b00000000000000000000000000000010 K
0P
#1191000
b00000000000000000000000000000110 -
#1195000
1?
0@
1P
b0000 T
b00000001 V
0W
#1200000
b0000 J
b00000000000000000000000000000001 K
0P
b0000 R
#1201000
b00000000000000000000000000000111 -
#1205000
b0001 E
b0100 G
b100 H
1P
b00000000 V
1W
#1210000
b00000000000000000000000000000010 K
0P
#1211000
b00000000000000000000000000001000 -
#1215000
07
19
1P
b0001 T
b001 U
b00000010 V
0W
#1220000
b00000000000000000000000000000100 1
b0001 J
b00000000000000000000000000000001 K
b00000000000000000000000000010000 M
b0001 N
0P
b0001 R
#1221000
b00000000000000000000000000001001 -
#1225000
1P
b00000001 V
#1230000
0$
0&
b00000000000000000000000000010000 ,
b00000000000000000000000000000000 -
b000000 0
b00000000000000000000000000000010 K
0P
#1235000
b0111 E
1P
b00000000 V
1W
#1240000
b00000000000000000000000000000011 K
0P
#1241000
b00000000000000000000000000000001 -
#1245000
18
09
1P
b0111 T
b00000001 V
0W
#1250000
b0111 J
b00000000000000000000000000000001 K
0P
b0111 R
#1251000
b00000000000000000000000000000010 -
#1255000
b0000 E
1P
b00000000 V
1W
#1260000
b00000000000000000000000000000010 K
0P
#1261000
b00000000000000000000000000000011 -
#1265000
17
08
1P
b0000 T
b00000001 V
0W
#1270000
b0000 J
b00000000000000000000000000000001 K
0P
b0000 R
#1271000
b00000000000000000000000000000100 -
#1275000
b0010 E
b0001 G
b001 H
0I
1P
b00000000 V
1W
#1280000
b00000000000000000000000000000010 K
0P
#1281000
b00000000000000000000000000000101 -
#1285000
0;
1=
1P
b0010 T
b010 U
b00000010 V
0W
#1290000
b00000000000000000000000000000011 2
b0010 J
b00000000000000000000000000000001 K
b00000000000000000000000000010001 M
b0010 N
0P
b0010 R
#1291000
b00000000000000000000000000000110 -
#1295000
1P
b00000001 V
#1300000
0#
1;
0=
b0000 E
b00000000000000000000000000000000 K
0P
1S
b0000 T
b110 U
#1301000
#1305000
1P
#1310000
b0000 J
0P
b0000 R
#1315000
1P
#1320000
1#
b00000000000000000000000000010001 ,
b00000000000000000000000000000000 -
b00000000000000000000000000000001 K
0P
#1325000
b0001 E
b0110 G
b110 H
1P
b00000000 V
1W
#1330000
b00000000000000000000000000000010 K
0P
#1331000
b00000000000000000000000000000001 -
#1335000
07
19
1P
b0001 T
b001 U
b00000010 V
0W
#1340000
b00000000000000000000000000000101 1
b0001 J
b00000000000000000000000000000001 K
b00000000000000000000000000010010 M
b0001 N
0P
b0001 R
0S
#1341000
b00000000000000000000000000000010 -
#1345000
1P
b00000001 V
#1350000
17
09
b0000 E
b1000 J
0P
b1000 R
b1000 T
#1351000
#1355000
1P
b0000 T
#1356000
b00000000000000000000000000001001 .
#1360000
b1001 J
0P
b1001 R
b1001 T
#1361000
#1365000
1P
b0000 T
#1366000
b00000000000000000000000000001010 .
#1370000
b1010 J
0P
b1010 R
b1010 T
#1371000
#1375000
1P
b0000 T
#1376000
b00000000000000000000000000001011 .
#1380000
b1011 J
0P
b1011 R
b1011 T
#1381000
#1385000
1P
b0000 T
#1386000
b00000000000000000000000000001100 .
#1390000
b1100 J
0P
b1100 R
b1100 T
#1391000
#1395000
1P
b0000 T
#1396000
b00000000000000000000000000001101 .
#1400000
b1101 J
0P
b1101 R
b1101 T
#1401000
#1405000
1P
b0000 T
#1406000
b00000000000000000000000000001110 .
#1410000
b1110 J
0P
b1110 R
b1110 T
#1411000
#1415000
1P
b0000 T
#1416000
b00000000000000000000000000001111 .
#1420000
b1111 J
0P
b1111 R
b1111 T
#1421000
#1425000
1P
b0000 T
#1426000
b00000000000000000000000000010000 .
#1430000
0)
b00000000000000000000000000000001 /
b0000 J
0P
b0000 R
#1435000
b0010 E
b0001 G
b001 H
1P
b00000000 V
1W
#1440000
1&
1'
1(
b00000000000000000000000000000010 /
b111000 0
b0100 E
1I
b00000000000000000000000000000010 K
0P
#1445000
0?
1A
1P
b0100 T
b100 U
b00000100 V
0W
#1450000
1$
1%
0&
0'
b00000000000000000000000000000011 /
b100100 0
b00000000000000000000000000000101 4
b0100 J
b00000000000000000000000000000001 K
b00000000000000000000000000010011 M
b0100 N
0P
b0100 R
#1455000
1P
b00000011 V
#1460000
0$
0%
1&
b00000000000000000000000000000100 /
b101000 0
b00000000000000000000000000000010 K
0P
#1465000
1P
b00000010 V
#1470000
0&
0(
b00000000000000000000000000000101 /
b000000 0
b00000000000000000000000000000011 K
0P
#1475000
1P
b00000001 V
#1480000
1(
b00000000000000000000000000000110 /
b100000 0
b00000000000000000000000000000100 K
0P
#1485000
b0111 E
1P
b00000000 V
1W
#1490000
1%
b00000000000000000000000000000111 /
b100010 0
b00000000000000000000000000000101 K
0P
#1495000
1@
0A
1P
b0111 T
b00000001 V
0W
#1500000
1$
0%
1&
b00000000000000000000000000001000 /
b101001 0
b0111 J
b00000000000000000000000000000001 K
0P
b0111 R
#1505000
b0000 E
1P
b00000000 V
1W
#1510000
0(
b00000000000000000000000000001001 /
b001001 0
b00000000000000000000000000000010 K
0P
#1515000
1?
0@
1P
b0000 T
b00000001 V
0W
#1520000
1%
0&
b00000000000000000000000000001010 /
b000100 0
b0000 J
b00000000000000000000000000000001 K
0P
b0000 R
#1525000
b0011 E
b0100 G
b100 H
1P
b00000000 V
1W
#1530000
1&
1'
b00000000000000000000000000001011 /
b011100 0
b0101 E
b00000000000000000000000000000010 K
0P
#1535000
07
1:
1P
b0101 T
b101 U
b00000011 V
0W
#1540000
0'
1(
b00000000000000000000000000001100 /
b101100 0
b00000000000000000000000000000011 5
b0101 J
b00000000000000000000000000000001 K
b00000000000000000000000000010100 M
b0101 N
0P
b0101 R
#1545000
1P
b00000010 V
#1550000
0&
1'
b00000000000000000000000000001101 /
b110100 0
b00000000000000000000000000000010 K
0P
#1555000
1P
b00000001 V
#1560000
0$
1&
b00000000000000000000000000001110 /
b111010 0
b00000000000000000000000000000011 K
0P
#1565000
b0111 E
1P
b00000000 V
1W
#1570000
0%
0&
0'
0(
b00000000000000000000000000001111 /
b000000 0
b00000000000000000000000000000100 K
0P
#1575000
18
0:
1P
b0111 T
b00000001 V
0W
#1580000
1$
1%
1&
1'
1(
b00000000000000000000000000010000 /
b111100 0
b0111 J
b00000000000000000000000000000001 K
0P
b0111 R
#1585000
b0000 E
1P
b00000000 V
1W
#1590000
0$
b00000000000000000000000000010001 /
b111010 0
b00000000000000000000000000000010 K
0P
#1595000
17
08
1P
b0000 T
b00000001 V
0W
#1600000
b00000000000000000000000000010010 /
b0000 J
b00000000000000000000000000000001 K
0P
b0000 R
#1605000
b0110 E
b0101 G
b101 H
1P
b00000000 V
1W
#1610000
1$
0%
0'
b00000000000000000000000000010011 /
b101001 0
b00000000000000000000000000000010 K
0P
#1615000
0;
1>
1P
b0110 T
b110 U
b00000011 V
0W
#1620000
1%
0&
b00000000000000000000000000010100 /
b100100 0
b00000000000000000000000000000011 6
b0110 J
b00000000000000000000000000000001 K
b00000000000000000000000000010101 M
b0110 N
0P
b0110 R
#1625000
1P
b00000010 V
#1630000
0$
0%
1&
0(
b00000000000000000000000000010101 /
b001000 0
b00000000000000000000000000000010 K
0P
#1635000
1P
b00000001 V
#1640000
1$
1%
1'
1(
b00000000000000000000000000010110 /
b111100 0
b00000000000000000000000000000011 K
0P
#1645000
b0111 E
1P
b00000000 V
1W
#1650000
0&
0'
0(
b00000000000000000000000000010111 /
b000100 0
b00000000000000000000000000000100 K
0P
#1655000
1<
0>
1P
b0111 T
b00000001 V
0W
#1660000
0$
b00000000000000000000000000011000 /
b000010 0
b0111 J
b00000000000000000000000000000001 K
0P
b0111 R
#1665000
b0000 E
1P
b00000000 V
1W
#1670000
1$
0%
1&
b00000000000000000000000000011001 /
b001001 0
b00000000000000000000000000000010 K
0P
#1675000
1;
0<
1P
b0000 T
b00000001 V
0W
#1680000
1%
1(
b00000000000000000000000000011010 /
b101100 0
b0000 J
b00000000000000000000000000000001 K
0P
b0000 R
#1685000
b0011 E
b0110 G
b110 H
1P
b00000000 V
1W
#1690000
0$
0%
b00000000000000000000000000011011 /
b101000 0
b0100 E
b00000000000000000000000000000010 K
0P
#1695000
0?
1A
1P
b0100 T
b100 U
b00000100 V
0W
#1700000
1$
0&
0(
b00000000000000000000000000011100 /
b000001 0
b00000000000000000000000000000110 4
b0100 J
b00000000000000000000000000000001 K
b00000000000000000000000000010110 M
b0100 N
0P
b0100 R
#1705000
1P
b00000011 V
#1710000
1%
1(
b00000000000000000000000000011101 /
b100100 0
b00000000000000000000000000000010 K
0P
#1715000
1P
b00000010 V
#1720000
0$
1&
1'
0(
b00000000000000000000000000011110 /
b011010 0
b00000000000000000000000000000011 K
0P
#1725000
1P
b00000001 V
#1730000
0%
0&
b00000000000000000000000000011111 /
b010000 0
b00000000000000000000000000000100 K
0P
#1735000
b0111 E
1P
b00000000 V
1W
#1740000
1&
b00000000000000000000000000100000 /
b011000 0
b00000000000000000000000000000101 K
0P
#1745000
1@
0A
1P
b0111 T
b00000001 V
0W
#1750000
1$
1%
0'
b00000000000000000000000000100001 /
b001100 0
b0111 J
b00000000000000000000000000000001 K
0P
b0111 R
#1755000
b0000 E
1P
b00000000 V
1W
#1760000
0$
0&
1'
b00000000000000000000000000100010 /
b010010 0
b00000000000000000000000000000010 K
0P
#1765000
1?
0@
1P
b0000 T
b00000001 V
0W
#1770000
1$
1&
0'
b00000000000000000000000000100011 /
b001100 0
b0000 J
b00000000000000000000000000000001 K
0P
b0000 R
#1775000
b0011 E
b0100 G
b100 H
1P
b00000000 V
1W
#1780000
0$
1(
b00000000000000000000000000100100 /
b101010 0
b0110 E
b00000000000000000000000000000010 K
0P
#1785000
0;
1>
1P
b0110 T
b110 U
b00000011 V
0W
#1790000
0%
b00000000000000000000000000100101 /
b101000 0
b00000000000000000000000000000100 6
b0110 J
b00000000000000000000000000000001 K
b00000000000000000000000000010111 M
b0110 N
0P
b0110 R
#1795000
1P
b00000010 V
#1800000
1$
1%
0(
b00000000000000000000000000100110 /
b001100 0
b00000000000000000000000000000010 K
0P
#1805000
1P
b00000001 V
#1810000
0$
0&
1(
b00000000000000000000000000100111 /
b100010 0
b00000000000000000000000000000011 K
0P
#1815000
b0111 E
1P
b00000000 V
1W
#1820000
1$
1&
0(
b00000000000000000000000000101000 /
b001100 0
b00000000000000000000000000000100 K
0P
#1825000
1<
0>
1P
b0111 T
b00000001 V
0W
#1830000
0$
0%
0&
1(
b00000000000000000000000000101001 /
b100000 0
b0111 J
b00000000000000000000000000000001 K
0P
b0111 R
#1835000
b0000 E
1P
b00000000 V
1W
#1840000
1$
b00000000000000000000000000101010 /
b100001 0
b00000000000000000000000000000010 K
0P
#1845000
1;
0<
1P
b0000 T
b00000001 V
0W
#1850000
1'
b00000000000000000000000000101011 /
b110001 0
b0000 J
b00000000000000000000000000000001 K
0P
b0000 R
#1855000
b0001 E
b0110 G
b110 H
1P
b00000000 V
1W
#1860000
0$
1&
0'
b00000000000000000000000000101100 /
b101000 0
b0100 E
b00000000000000000000000000000010 K
0P
#1865000
0?
1A
1P
b0100 T
b100 U
b00000100 V
0W
#1870000
1$
1%
0&
0(
b00000000000000000000000000101101 /
b000100 0
b00000000000000000000000000000111 4
b0100 J
b00000000000000000000000000000001 K
b00000000000000000000000000011000 M
b0100 N
0P
b0100 R
#1875000
1P
b00000011 V
#1880000
0%
1'
b00000000000000000000000000101110 /
b010001 0
b00000000000000000000000000000010 K
0P
#1885000
1P
b00000010 V
#1890000
0$
1%
1&
b00000000000000000000000000101111 /
b011010 0
b00000000000000000000000000000011 K
0P
#1895000
1P
b00000001 V
#1900000
0&
b00000000000000000000000000110000 /
b010010 0
b00000000000000000000000000000100 K
0P
#1905000
b0111 E
1P
b00000000 V
1W
#1910000
0%
0'
1(
b00000000000000000000000000110001 /
b100000 0
b00000000000000000000000000000101 K
0P
#1915000
1@
0A
1P
b0111 T
b00000001 V
0W
#1920000
1%
b00000000000000000000000000110010 /
b100010 0
b0111 J
b00000000000000000000000000000001 K
0P
b0111 R
#1925000
b0000 E
1P
b00000000 V
1W
#1930000
1$
0%
1'
0(
b00000000000000000000000000110011 /
b010001 0
b00000000000000000000000000000010 K
0P
#1935000
1?
0@
1P
b0000 T
b00000001 V
0W
#1940000
1(
b00000000000000000000000000110100 /
b110001 0
b0000 J
b00000000000000000000000000000001 K
0P
b0000 R
#1945000
b0101 E
b0100 G
b100 H
1P
b00000000 V
1W
#1950000
0$
1%
0'
b00000000000000000000000000110101 /
b100010 0
b0110 E
b00000000000000000000000000000010 K
0P
#1955000
0;
1>
1P
b0110 T
b110 U
b00000011 V
0W
#1960000
1$
0%
1&
0(
b00000000000000000000000000110110 /
b001001 0
b00000000000000000000000000000101 6
b0110 J
b00000000000000000000000000000001 K
b00000000000000000000000000011001 M
b0110 N
0P
b0110 R
#1965000
1P
b00000010 V
#1970000
0$
1%
0&
1'
1(
b00000000000000000000000000110111 /
b110010 0
b00000000000000000000000000000010 K
0P
#1975000
1P
b00000001 V
#1980000
1$
0%
1&
0'
0(
b00000000000000000000000000111000 /
b001001 0
b00000000000000000000000000000011 K
0P
#1985000
b0111 E
1P
b00000000 V
1W
#1990000
0$
1%
0&
1'
b00000000000000000000000000111001 /
b010010 0
b00000000000000000000000000000100 K
0P
#1995000
1<
0>
1P
b0111 T
b00000001 V
0W
#2000000
1$
b00000000000000000000000000111010 /
b010100 0
b0111 J
b00000000000000000000000000000001 K
0P
b0111 R
#2005000
b0000 E
1P
b00000000 V
1W
#2010000
0$
0%
1&
0'
1(
b00000000000000000000000000111011 /
b101000 0
b00000000000000000000000000000010 K
0P
#2015000
1;
0<
1P
b0000 T
b00000001 V
0W
#2020000
1$
b00000000000000000000000000111100 /
b101001 0
b0000 J
b00000000000000000000000000000001 K
0P
b0000 R
#2025000
b0001 E
b0110 G
b110 H
1P
b00000000 V
1W
#2030000
1%
0&
b00000000000000000000000000111101 /
b100100 0
b0011 E
b00000000000000000000000000000010 K
0P
#2035000
07
19
0;
1=
1P
b0011 T
b011 U
b00000010 V
0W
#2040000
0$
1'
b00000000000000000000000000111110 /
b110010 0
b00000000000000000000000000000011 3
b0011 J
b00000000000000000000000000000001 K
b00000000000000000000000000011010 M
b0011 N
0P
b0011 R
#2045000
1P
b00000001 V
#2050000
1$
1&
0'
b00000000000000000000000000111111 /
b101100 0
b00000000000000000000000000000010 K
0P
#2055000
b0111 E
1P
b00000000 V
1W
#2060000
1'
0(
b00000000000000000000000001000000 /
b011100 0
b00000000000000000000000000000011 K
0P
#2065000
18
09
1<
0=
1P
b0111 T
b00000001 V
0W
#2070000
0%
0'
b00000000000000000000000001000001 /
b001001 0
b0111 J
b00000000000000000000000000000001 K
0P
b0111 R
#2075000
b0000 E
1P
b00000000 V
1W
#2080000
1%
1'
b00000000000000000000000001000010 /
b011100 0
b00000000000000000000000000000010 K
0P
#2085000
17
08
1;
0<
1P
b0000 T
b00000001 V
0W
#2090000
0$
1(
b00000000000000000000000001000011 /
b111010 0
b0000 J
b00000000000000000000000000000001 K
0P
b0000 R
#2095000
b0100 E
b0011 G
b011 H
1P
b00000000 V
1W
#2100000
0%
0&
0'
b00000000000000000000000001000100 /
b100000 0
b0110 E
b00000000000000000000000000000010 K
0P
#2105000
0;
1>
1P
b0110 T
b110 U
b00000011 V
0W
#2110000
1$
1%
0(
b00000000000000000000000001000101 /
b000100 0
b00000000000000000000000000000110 6
b0110 J
b00000000000000000000000000000001 K
b00000000000000000000000000011011 M
b0110 N
0P
b0110 R
#2115000
1P
b00000010 V
#2120000
1(
b00000000000000000000000001000110 /
b100100 0
b00000000000000000000000000000010 K
0P
#2125000
1P
b00000001 V
#2130000
1&
1'
0(
b00000000000000000000000001000111 /
b011100 0
b00000000000000000000000000000011 K
0P
#2135000
b0111 E
1P
b00000000 V
1W
#2140000
0$
0&
0'
b00000000000000000000000001001000 /
b000010 0
b00000000000000000000000000000100 K
0P
#2145000
1<
0>
1P
b0111 T
b00000001 V
0W
#2150000
1$
0%
1(
b00000000000000000000000001001001 /
b100001 0
b0111 J
b00000000000000000000000000000001 K
0P
b0111 R
#2155000
b0000 E
1P
b00000000 V
1W
#2160000
0$
1'
b00000000000000000000000001001010 /
b110000 0
b00000000000000000000000000000010 K
0P
#2165000
1;
0<
1P
b0000 T
b00000001 V
0W
#2170000
1&
b00000000000000000000000001001011 /
b111000 0
b0000 J
b00000000000000000000000000000001 K
0P
b0000 R
#2175000
b0100 E
b0110 G
b110 H
1P
b00000000 V
1W
#2180000
0&
0'
0(
b00000000000000000000000001001100 /
b000000 0
b0001 E
0I
b00000000000000000000000000000010 K
0P
#2185000
07
19
1P
b0001 T
b001 U
b00000010 V
0W
#2190000
1&
b00000000000000000000000001001101 /
b001000 0
b00000000000000000000000000000110 1
b0001 J
b00000000000000000000000000000001 K
b00000000000000000000000000011100 M
b0001 N
0P
b0001 R
#2195000
1P
b00000001 V
#2200000
1'
1(
b00000000000000000000000001001110 /
b111000 0
b00000000000000000000000000000010 K
0P
#2205000
b0111 E
1P
b00000000 V
1W
#2210000
1$
0&
0(
b00000000000000000000000001001111 /
b010001 0
b00000000000000000000000000000011 K
0P
#2215000
18
09
1P
b0111 T
b00000001 V
0W
#2220000
1%
0'
1(
b00000000000000000000000001010000 /
b100100 0
b0111 J
b00000000000000000000000000000001 K
0P
b0111 R
#2225000
b0000 E
1P
b00000000 V
1W
#2230000
1&
0(
b00000000000000000000000001010001 /
b001100 0
b00000000000000000000000000000010 K
0P
#2235000
17
08
1P
b0000 T
b00000001 V
0W
#2240000
0$
1(
b00000000000000000000000001010010 /
b101010 0
b0000 J
b00000000000000000000000000000001 K
0P
b0000 R
#2245000
b0010 E
b0001 G
b001 H
1I
1P
b00000000 V
1W
#2250000
0%
1'
0(
b00000000000000000000000001010011 /
b011000 0
b0100 E
b00000000000000000000000000000010 K
0P
#2255000
0?
1A
1P
b0100 T
b100 U
b00000100 V
0W
#2260000
0&
0'
1(
b00000000000000000000000001010100 /
b100000 0
b00000000000000000000000000001000 4
b0100 J
b00000000000000000000000000000001 K
b00000000000000000000000000011101 M
b0100 N
0P
b0100 R
#2265000
1P
b00000011 V
#2270000
1%
1'
b00000000000000000000000001010101 /
b110010 0
b00000000000000000000000000000010 K
0P
#2275000
1P
b00000010 V
#2280000
0%
1&
b00000000000000000000000001010110 /
b111000 0
b00000000000000000000000000000011 K
0P
#2285000
1P
b00000001 V
#2290000
1%
0&
0(
b00000000000000000000000001010111 /
b010010 0
b00000000000000000000000000000100 K
0P
#2295000
b0111 E
1P
b00000000 V
1W
#2300000
0'
1(
b00000000000000000000000001011000 /
b100010 0
b00000000000000000000000000000101 K
0P
#2305000
1@
0A
1P
b0111 T
b00000001 V
0W
#2310000
0(
b00000000000000000000000001011001 /
b000010 0
b0111 J
b00000000000000000000000000000001 K
0P
b0111 R
#2315000
b0000 E
1P
b00000000 V
1W
#2320000
1$
1&
b00000000000000000000000001011010 /
b001100 0
b00000000000000000000000000000010 K
0P
#2325000
1?
0@
1P
b0000 T
b00000001 V
0W
#2330000
0$
1'
1(
b00000000000000000000000001011011 /
b111010 0
b0000 J
b00000000000000000000000000000001 K
0P
b0000 R
#2335000
b0101 E
b0100 G
b100 H
1P
b00000000 V
1W
#2340000
0%
0&
0'
0(
b00000000000000000000000001011100 /
b000000 0
0I
b00000000000000000000000000000010 K
0P
#2345000
07
1:
1P
b0101 T
b101 U
b00000011 V
0W
#2350000
1%
1(
b00000000000000000000000001011101 /
b100010 0
b00000000000000000000000000000100 5
b0101 J
b00000000000000000000000000000001 K
b00000000000000000000000000011110 M
b0101 N
0P
b0101 R
#2355000
1P
b00000010 V
#2360000
1$
1&
1'
0(
b00000000000000000000000001011110 /
b011100 0
b00000000000000000000000000000010 K
0P
#2365000
1P
b00000001 V
#2370000
0%
0&
1(
b00000000000000000000000001011111 /
b110001 0
b00000000000000000000000000000011 K
0P
#2375000
b0111 E
1P
b00000000 V
1W
#2380000
1%
0'
b00000000000000000000000001100000 /
b100100 0
b00000000000000000000000000000100 K
0P
#2385000
18
0:
1P
b0111 T
b00000001 V
0W
#2390000
0$
1'
0(
b00000000000000000000000001100001 /
b010010 0
b0111 J
b00000000000000000000000000000001 K
0P
b0111 R
#2395000
b0000 E
1P
b00000000 V
1W
#2400000
1&
0'
b00000000000000000000000001100010 /
b001010 0
b00000000000000000000000000000010 K
0P
#2405000
17
08
1P
b0000 T
b00000001 V
0W
#2410000
1$
0%
1'
b00000000000000000000000001100011 /
b011001 0
b0000 J
b00000000000000000000000000000001 K
0P
b0000 R
#2415000
b0001 E
b0101 G
b101 H
1I
1P
b00000000 V
1W
#2420000
0$
1%
0&
0'
1(
b00000000000000000000000001100100 /
b100010 0
b0110 E
b00000000000000000000000000000010 K
0P
#2425000
0;
1>
1P
b0110 T
b110 U
b00000011 V
0W
#2430000
1&
b00000000000000000000000001100101 /
b101010 0
b00000000000000000000000000000111 6
b0110 J
b00000000000000000000000000000001 K
b00000000000000000000000000011111 M
b0110 N
0P
b0110 R
#2435000
1P
b00000010 V
#2440000
0%
0&
1'
0(
b00000000000000000000000001100110 /
b010000 0
b00000000000000000000000000000010 K
0P
#2445000
1P
b00000001 V
#2450000
1$
0'
1(
b00000000000000000000000001100111 /
b100001 0
b00000000000000000000000000000011 K
0P
#2455000
b0111 E
1P
b00000000 V
1W
#2460000
1'
b00000000000000000000000001101000 /
b110001 0
b00000000000000000000000000000100 K
0P
#2465000
1<
0>
1P
b0111 T
b00000001 V
0W
#2470000
1%
1&
0'
0(
b00000000000000000000000001101001 /
b001100 0
b0111 J
b00000000000000000000000000000001 K
0P
b0111 R
#2475000
b0000 E
1P
b00000000 V
1W
#2480000
0$
0%
0&
b00000000000000000000000001101010 /
b000000 0
b00000000000000000000000000000010 K
0P
#2485000
1;
0<
1P
b0000 T
b00000001 V
0W
#2490000
1$
1%
1&
b00000000000000000000000001101011 /
b001100 0
b0000 J
b00000000000000000000000000000001 K
0P
b0000 R
#2495000
b0011 E
b0110 G
b110 H
1P
b00000000 V
1W
#2500000
0$
0%
1'
b00000000000000000000000001101100 /
b011000 0
b0100 E
b00000000000000000000000000000010 K
0P
#2505000
0?
1A
1P
b0100 T
b100 U
b00000100 V
0W
#2510000
0&
b00000000000000000000000001101101 /
b010000 0
b00000000000000000000000000001001 4
b0100 J
b00000000000000000000000000000001 K
b00000000000000000000000000100000 M
b0100 N
0P
b0100 R
#2515000
1P
b00000011 V
#2520000
1%
1&
0'
b00000000000000000000000001101110 /
b001010 0
b00000000000000000000000000000010 K
0P
#2525000
1P
b00000010 V
#2530000
1$
0%
1'
b00000000000000000000000001101111 /
b011001 0
b00000000000000000000000000000011 K
0P
#2535000
1P
b00000001 V
#2540000
0$
0'
b00000000000000000000000001110000 /
b001000 0
b00000000000000000000000000000100 K
0P
#2545000
b0111 E
1P
b00000000 V
1W
#2550000
1$
0&
b00000000000000000000000001110001 /
b000001 0
b00000000000000000000000000000101 K
0P
#2555000
1@
0A
1P
b0111 T
b00000001 V
0W
#2560000
0$
1&
1'
b00000000000000000000000001110010 /
b011000 0
b0111 J
b00000000000000000000000000000001 K
0P
b0111 R
#2565000
b0000 E
1P
b00000000 V
1W
#2570000
1%
b00000000000000000000000001110011 /
b011010 0
b00000000000000000000000000000010 K
0P
#2575000
1?
0@
1P
b0000 T
b00000001 V
0W
#2580000
0%
0&
1(
b00000000000000000000000001110100 /
b110000 0
b0000 J
b00000000000000000000000000000001 K
0P
b0000 R
#2585000
b0101 E
b0100 G
b100 H
1P
b00000000 V
1W
#2590000
1%
0'
b00000000000000000000000001110101 /
b100010 0
b0110 E
b00000000000000000000000000000010 K
0P
#2595000
0;
1>
1P
b0110 T
b110 U
b00000011 V
0W
#2600000
1$
b00000000000000000000000001110110 /
b100100 0
b00000000000000000000000000001000 6
b0110 J
b00000000000000000000000000000001 K
b00000000000000000000000000100001 M
b0110 N
0P
b0110 R
#2605000
1P
b00000010 V
#2610000
0%
1'
0(
b00000000000000000000000001110111 /
b010001 0
b00000000000000000000000000000010 K
0P
#2615000
1P
b00000001 V
#2620000
0$
1&
1(
b00000000000000000000000001111000 /
b111000 0
b00000000000000000000000000000011 K
0P
#2625000
b0111 E
1P
b00000000 V
1W
#2630000
1%
0&
0'
b00000000000000000000000001111001 /
b100010 0
b00000000000000000000000000000100 K
0P
#2635000
1<
0>
1P
b0111 T
b00000001 V
0W
#2640000
1$
1&
0(
b00000000000000000000000001111010 /
b001100 0
b0111 J
b00000000000000000000000000000001 K
0P
b0111 R
#2645000
b0000 E
1P
b00000000 V
1W
#2650000
0%
0&
1(
b00000000000000000000000001111011 /
b100001 0
b00000000000000000000000000000010 K
0P
#2655000
1;
0<
1P
b0000 T
b00000001 V
0W
#2660000
1'
b00000000000000000000000001111100 /
b110001 0
b0000 J
b00000000000000000000000000000001 K
0P
b0000 R
#2665000
b0001 E
b0110 G
b110 H
1P
b00000000 V
1W
#2670000
0$
1&
0'
0(
b00000000000000000000000001111101 /
b001000 0
b0100 E
b00000000000000000000000000000010 K
0P
#2675000
0?
1A
1P
b0100 T
b100 U
b00000100 V
0W
#2680000
1$
b00000000000000000000000001111110 /
b001001 0
b00000000000000000000000000001010 4
b0100 J
b00000000000000000000000000000001 K
b00000000000000000000000000100010 M
b0100 N
0P
b0100 R
#2685000
1P
b00000011 V
#2690000
1%
0&
1'
b00000000000000000000000001111111 /
b010100 0
b00000000000000000000000000000010 K
0P
#2695000
1P
b00000010 V
#2700000
1&
1(
b00000000000000000000000010000000 /
b111100 0
b00000000000000000000000000000011 K
0P
#2705000
1P
b00000001 V
#2710000
0%
0'
b00000000000000000000000010000001 /
b101001 0
b00000000000000000000000000000100 K
0P
#2715000
b0111 E
1P
b00000000 V
1W
#2720000
0&
b00000000000000000000000010000010 /
b100001 0
b00000000000000000000000000000101 K
0P
#2725000
1@
0A
1P
b0111 T
b00000001 V
0W
#2730000
0$
1&
b00000000000000000000000010000011 /
b101000 0
b0111 J
b00000000000000000000000000000001 K
0P
b0111 R
#2735000
b0000 E
1P
b00000000 V
1W
#2740000
1$
0&
1'
b00000000000000000000000010000100 /
b110001 0
b00000000000000000000000000000010 K
0P
#2745000
1?
0@
1P
b0000 T
b00000001 V
0W
#2750000
1%
0'
0(
b00000000000000000000000010000101 /
b000100 0
b0000 J
b00000000000000000000000000000001 K
0P
b0000 R
#2755000
b0011 E
b0100 G
b100 H
1P
b00000000 V
1W
#2760000
0$
1&
1'
1(
b00000000000000000000000010000110 /
b111010 0
b0101 E
b00000000000000000000000000000010 K
0P
#2765000
07
1:
1P
b0101 T
b101 U
b00000011 V
0W
#2770000
0%
0'
0(
b00000000000000000000000010000111 /
b001000 0
b00000000000000000000000000000101 5
b0101 J
b00000000000000000000000000000001 K
b00000000000000000000000000100011 M
b0101 N
0P
b0101 R
#2775000
1P
b00000010 V
#2780000
1'
1(
b00000000000000000000000010001000 /
b111000 0
b00000000000000000000000000000010 K
0P
#2785000
1P
b00000001 V
#2790000
1$
1%
0'
b00000000000000000000000010001001 /
b101100 0
b00000000000000000000000000000011 K
0P
#2795000
b0111 E
1P
b00000000 V
1W
#2800000
0$
1'
b00000000000000000000000010001010 /
b111010 0
b00000000000000000000000000000100 K
0P
#2805000
18
0:
1P
b0111 T
b00000001 V
0W
#2810000
0%
0(
b00000000000000000000000010001011 /
b011000 0
b0111 J
b00000000000000000000000000000001 K
0P
b0111 R
#2815000
b0000 E
1P
b00000000 V
1W
#2820000
1$
1%
1(
b00000000000000000000000010001100 /
b111100 0
b00000000000000000000000000000010 K
0P
#2825000
17
08
1P
b0000 T
b00000001 V
0W
#2830000
0$
0&
b00000000000000000000000010001101 /
b110010 0
b0000 J
b00000000000000000000000000000001 K
0P
b0000 R
#2835000
b0110 E
b0101 G
b101 H
1P
b00000000 V
1W
#2840000
0%
0'
0(
b00000000000000000000000010001110 /
b000000 0
0I
b00000000000000000000000000000010 K
0P
#2845000
0;
1>
1P
b0110 T
b110 U
b00000011 V
0W
#2850000
1%
1&
1'
1(
b00000000000000000000000010001111 /
b111010 0
b00000000000000000000000000001001 6
b0110 J
b00000000000000000000000000000001 K
b00000000000000000000000000100100 M
b0110 N
0P
b0110 R
#2855000
1P
b00000010 V
#2860000
0&
0'
b00000000000000000000000010010000 /
b100010 0
b00000000000000000000000000000010 K
0P
#2865000
1P
b00000001 V
#2870000
1$
0%
1'
0(
b00000000000000000000000010010001 /
b010001 0
b00000000000000000000000000000011 K
0P
#2875000
b0111 E
1P
b00000000 V
1W
#2880000
0$
0'
1(
b00000000000000000000000010010010 /
b100000 0
b00000000000000000000000000000100 K
0P
#2885000
1<
0>
1P
b0111 T
b00000001 V
0W
#2890000
1%
1&
0(
b00000000000000000000000010010011 /
b001010 0
b0111 J
b00000000000000000000000000000001 K
0P
b0111 R
#2895000
b0000 E
1P
b00000000 V
1W
#2900000
1$
0&
1(
b00000000000000000000000010010100 /
b100100 0
b00000000000000000000000000000010 K
0P
#2905000
1;
0<
1P
b0000 T
b00000001 V
0W
#2910000
0%
1&
0(
b00000000000000000000000010010101 /
b001001 0
b0000 J
b00000000000000000000000000000001 K
0P
b0000 R
#2915000
b0001 E
b0110 G
b110 H
1I
1P
b00000000 V
1W
#2920000
0&
1'
1(
b00000000000000000000000010010110 /
b110001 0
b00000000000000000000000000000010 K
0P
#2925000
07
19
1P
b0001 T
b001 U
b00000010 V
0W
#2930000
1&
b00000000000000000000000010010111 /
b111001 0
b00000000000000000000000000000111 1
b0001 J
b00000000000000000000000000000001 K
b00000000000000000000000000100101 M
b0001 N
0P
b0001 R
#2935000
1P
b00000001 V
#2940000
0$
0&
0'
b00000000000000000000000010011000 /
b100000 0
b00000000000000000000000000000010 K
0P
#2945000
b0111 E
1P
b00000000 V
1W
#2950000
1$
1'
0(
b00000000000000000000000010011001 /
b010001 0
b00000000000000000000000000000011 K
0P
#2955000
18
09
1P
b0111 T
b00000001 V
0W
#2960000
0$
0'
1(
b00000000000000000000000010011010 /
b100000 0
b0111 J
b00000000000000000000000000000001 K
0P
b0111 R
#2965000
b0000 E
1P
b00000000 V
1W
#2970000
1$
0(
b00000000000000000000000010011011 /
b000001 0
b00000000000000000000000000000010 K
0P
#2975000
17
08
1P
b0000 T
b00000001 V
0W
#2980000
1%
1(
b00000000000000000000000010011100 /
b100100 0
b0000 J
b00000000000000000000000000000001 K
0P
b0000 R
#2985000
b0011 E
b0001 G
b001 H
1P
b00000000 V
1W
#2990000
0$
0%
1&
b00000000000000000000000010011101 /
b101000 0
b0100 E
b00000000000000000000000000000010 K
0P
#2995000
0?
1A
1P
b0100 T
b100 U
b00000100 V
0W
#3000000
1$
1'
0(
b00000000000000000000000010011110 /
b011001 0
b00000000000000000000000000001011 4
b0100 J
b00000000000000000000000000000001 K
b00000000000000000000000000100110 M
b0100 N
0P
b0100 R
#3005000
1P
b00000011 V
#3010000
0$
1%
0&
b00000000000000000000000010011111 /
b010010 0
b00000000000000000000000000000010 K
0P
#3015000
1P
b00000010 V
#3020000
1$
0%
1(
b00000000000000000000000010100000 /
b110001 0
b00000000000000000000000000000011 K
0P
#3025000
1P
b00000001 V
#3030000
1&
0'
b00000000000000000000000010100001 /
b101001 0
b00000000000000000000000000000100 K
0P
#3035000
b0111 E
1P
b00000000 V
1W
#3040000
1%
1'
0(
b00000000000000000000000010100010 /
b011100 0
b00000000000000000000000000000101 K
0P
#3045000
1@
0A
1P
b0111 T
b00000001 V
0W
#3050000
b00000000000000000000000010100011 /
b0111 J
b00000000000000000000000000000001 K
0P
b0111 R
#3055000
b0000 E
1P
b00000000 V
1W
#3060000
0$
0%
0'
1(
b00000000000000000000000010100100 /
b101000 0
b00000000000000000000000000000010 K
0P
#3065000
1?
0@
1P
b0000 T
b00000001 V
0W
#3070000
1$
1%
1'
0(
b00000000000000000000000010100101 /
b011100 0
b0000 J
b00000000000000000000000000000001 K
0P
b0000 R
#3075000
b0101 E
b0100 G
b100 H
1P
b00000000 V
1W
#3080000
0$
0&
b00000000000000000000000010100110 /
b010010 0
b00000000000000000000000000000010 K
0P
#3085000
07
1:
1P
b0101 T
b101 U
b00000011 V
0W
#3090000
0%
0'
b00000000000000000000000010100111 /
b000000 0
b00000000000000000000000000000110 5
b0101 J
b00000000000000000000000000000001 K
b00000000000000000000000000100111 M
b0101 N
0P
b0101 R
#3095000
1P
b00000010 V
#3100000
1%
1&
1'
b00000000000000000000000010101000 /
b011010 0
b00000000000000000000000000000010 K
0P
#3105000
1P
b00000001 V
#3110000
0'
b00000000000000000000000010101001 /
b001010 0
b00000000000000000000000000000011 K
0P
#3115000
b0111 E
1P
b00000000 V
1W
#3120000
0&
b00000000000000000000000010101010 /
b000010 0
b00000000000000000000000000000100 K
0P
#3125000
18
0:
1P
b0111 T
b00000001 V
0W
#3130000
1$
0%
b00000000000000000000000010101011 /
b000001 0
b0111 J
b00000000000000000000000000000001 K
0P
b0111 R
#3135000
b0000 E
1P
b00000000 V
1W
#3140000
1%
1'
b00000000000000000000000010101100 /
b010100 0
b00000000000000000000000000000010 K
0P
#3145000
17
08
1P
b0000 T
b00000001 V
0W
#3150000
0$
0%
0'
1(
b00000000000000000000000010101101 /
b100000 0
b0000 J
b00000000000000000000000000000001 K
0P
b0000 R
#3155000
b0110 E
b0101 G
b101 H
1P
b00000000 V
1W
#3160000
1$
1&
b00000000000000000000000010101110 /
b101001 0
b00000000000000000000000000000010 K
0P
#3165000
0;
1>
1P
b0110 T
b110 U
b00000011 V
0W
#3170000
b00000000000000000000000010101111 /
b00000000000000000000000000001010 6
b0110 J
b00000000000000000000000000000001 K
b00000000000000000000000000101000 M
b0110 N
0P
b0110 R
#3175000
1P
b00000010 V
#3180000
0$
1%
0&
0(
b00000000000000000000000010110000 /
b000010 0
b00000000000000000000000000000010 K
0P
#3185000
1P
b00000001 V
#3190000
1&
1(
b00000000000000000000000010110001 /
b101010 0
b00000000000000000000000000000011 K
0P
#3195000
b0111 E
1P
b00000000 V
1W
#3200000
1$
0%
0&
b00000000000000000000000010110010 /
b100001 0
b00000000000000000000000000000100 K
0P
#3205000
1<
0>
1P
b0111 T
b00000001 V
0W
#3210000
1%
1&
b00000000000000000000000010110011 /
b101100 0
b0111 J
b00000000000000000000000000000001 K
0P
b0111 R
#3215000
b0000 E
1P
b00000000 V
1W
#3220000
0$
0&
0(
b00000000000000000000000010110100 /
b000010 0
b00000000000000000000000000000010 K
0P
#3225000
1;
0<
1P
b0000 T
b00000001 V
0W
#3230000
1'
1(
b00000000000000000000000010110101 /
b110010 0
b0000 J
b00000000000000000000000000000001 K
0P
b0000 R
#3235000
b0010 E
b0110 G
b110 H
1P
b00000000 V
1W
#3240000
1&
b00000000000000000000000010110110 /
b111010 0
b00000000000000000000000000000010 K
0P
#3245000
0;
1=
1P
b0010 T
b010 U
b00000010 V
0W
#3250000
1$
0%
0&
0'
b00000000000000000000000010110111 /
b100001 0
b00000000000000000000000000000100 2
b0010 J
b00000000000000000000000000000001 K
b00000000000000000000000000101001 M
b0010 N
0P
b0010 R
#3255000
1P
b00000001 V
#3260000
1%
1&
0(
b00000000000000000000000010111000 /
b001100 0
b00000000000000000000000000000010 K
0P
#3265000
b0111 E
1P
b00000000 V
1W
#3270000
0$
0&
b00000000000000000000000010111001 /
b000010 0
b00000000000000000000000000000011 K
0P
#3275000
1<
0=
1P
b0111 T
b00000001 V
0W
#3280000
1$
0%
1(
b00000000000000000000000010111010 /
b100001 0
b0111 J
b00000000000000000000000000000001 K
0P
b0111 R
#3285000
b0000 E
1P
b00000000 V
1W
#3290000
1'
b00000000000000000000000010111011 /
b110001 0
b00000000000000000000000000000010 K
0P
#3295000
1;
0<
1P
b0000 T
b00000001 V
0W
#3300000
0$
1%
0(
b00000000000000000000000010111100 /
b010010 0
b0000 J
b00000000000000000000000000000001 K
0P
b0000 R
#3305000
b0101 E
b0010 G
b010 H
1P
b00000000 V
1W
#3310000
0%
1&
0'
1(
b00000000000000000000000010111101 /
b101000 0
b0100 E
b00000000000000000000000000000010 K
0P
#3315000
0?
1A
1P
b0100 T
b100 U
b00000100 V
0W
#3320000
1%
0&
0(
b00000000000000000000000010111110 /
b000010 0
b00000000000000000000000000001100 4
b0100 J
b00000000000000000000000000000001 K
b00000000000000000000000000101010 M
b0100 N
0P
b0100 R
#3325000
1P
b00000011 V
#3330000
1$
0%
1&
1'
1(
b00000000000000000000000010111111 /
b111001 0
b00000000000000000000000000000010 K
0P
#3335000
1P
b00000010 V
#3340000
1%
0&
0'
b00000000000000000000000011000000 /
b100100 0
b00000000000000000000000000000011 K
0P
#3345000
1P
b00000001 V
#3350000
1'
0(
b00000000000000000000000011000001 /
b010100 0
b00000000000000000000000000000100 K
0P
#3355000
b0111 E
1P
b00000000 V
1W
#3360000
0$
0%
1&
b00000000000000000000000011000010 /
b011000 0
b00000000000000000000000000000101 K
0P
#3365000
1@
0A
1P
b0111 T
b00000001 V
0W
#3370000
1$
0&
0'
1(
1)
b00000000000000000000000011000011 /
b100001 0
b0111 J
b00000000000000000000000000000001 K
0P
b0111 R
#3375000
b0000 E
1P
b00000000 V
1W
#3380000
0$
1'
b00000000000000000000000011000100 /
b110000 0
b00000000000000000000000000000010 K
0P
#3385000
1?
0@
1P
b0000 T
b00000001 V
0W
#3390000
1$
0'
0(
b00000000000000000000000011000101 /
b000001 0
b0000 J
b00000000000000000000000000000001 K
0P
b0000 R
#3395000
b0001 E
b0100 G
b100 H
1P
b00000000 V
1W
#3400000
1&
b00000000000000000000000011000110 /
b001001 0
b00000000000000000000000000000010 K
0P
#3405000
07
19
1P
b0001 T
b001 U
b00000010 V
0W
#3410000
1%
b00000000000000000000000011000111 /
b001100 0
b00000000000000000000000000001000 1
b0001 J
b00000000000000000000000000000001 K
b00000000000000000000000000101011 M
b0001 N
0P
b0001 R
#3415000
1P
b00000001 V
#3420000
0&
1'
b00000000000000000000000011001000 /
b010100 0
b00000000000000000000000000000010 K
0P
#3425000
b0111 E
1P
b00000000 V
1W
#3430000
1(
b00000000000000000000000011001001 /
b110100 0
b00000000000000000000000000000011 K
0P
#3435000
18
09
1P
b0111 T
b00000001 V
0W
#3440000
0$
0%
0'
b00000000000000000000000011001010 /
b100000 0
b0111 J
b00000000000000000000000000000001 K
0P
b0111 R
#3445000
b0000 E
1P
b00000000 V
1W
#3450000
1%
1&
0(
b00000000000000000000000011001011 /
b001010 0
b00000000000000000000000000000010 K
0P
#3455000
17
08
1P
b0000 T
b00000001 V
0W
#3460000
0%
0&
1(
b00000000000000000000000011001100 /
b100000 0
b0000 J
b00000000000000000000000000000001 K
0P
b0000 R
#3465000
b0110 E
b0001 G
b001 H
1P
b00000000 V
1W
#3470000
1$
1%
1&
0(
b00000000000000000000000011001101 /
b001100 0
b0011 E
b00000000000000000000000000000010 K
0P
#3475000
07
19
0;
1=
1P
b0011 T
b011 U
b00000010 V
0W
#3480000
0%
0&
b00000000000000000000000011001110 /
b000001 0
b00000000000000000000000000000100 3
b0011 J
b00000000000000000000000000000001 K
b00000000000000000000000000101100 M
b0011 N
0P
b0011 R
#3485000
1P
b00000001 V
#3490000
0$
1&
1'
1(
b00000000000000000000000011001111 /
b111000 0
b00000000000000000000000000000010 K
0P
#3495000
b0111 E
1P
b00000000 V
1W
#3500000
1%
0'
0(
b00000000000000000000000011010000 /
b001010 0
b00000000000000000000000000000011 K
0P
#3505000
18
09
1<
0=
1P
b0111 T
b00000001 V
0W
#3510000
0%
1(
b00000000000000000000000011010001 /
b101000 0
b0111 J
b00000000000000000000000000000001 K
0P
b0111 R
#3515000
b0000 E
1P
b00000000 V
1W
#3520000
1%
1'
b00000000000000000000000011010010 /
b111010 0
b00000000000000000000000000000010 K
0P
#3525000
17
08
1;
0<
1P
b0000 T
b00000001 V
0W
#3530000
0%
0(
b00000000000000000000000011010011 /
b011000 0
b0000 J
b00000000000000000000000000000001 K
0P
b0000 R
#3535000
b0100 E
b0011 G
b011 H
1P
b00000000 V
1W
#3540000
1$
1(
b00000000000000000000000011010100 /
b111001 0
b00000000000000000000000000000010 K
0P
#3545000
0?
1A
1C
1P
b0100 T
b100 U
b00000100 V
0W
#3550000
0&
0'
b00000000000000000000000011010101 /
b100001 0
b00000000000000000000000000001101 4
b0100 J
b00000000000000000000000000000001 K
b00000000000000000000000000101101 M
b0100 N
0P
b0100 R
#3555000
1P
b00000011 V
#3560000
0$
1&
b00000000000000000000000011010110 /
b101000 0
b00000000000000000000000000000010 K
0P
#3565000
1P
b00000010 V
#3570000
1$
1%
0&
0(
b00000000000000000000000011010111 /
b000100 0
b00000000000000000000000000000011 K
0P
#3575000
1P
b00000001 V
#3580000
1&
1(
b00000000000000000000000011011000 /
b101100 0
b00000000000000000000000000000100 K
0P
#3585000
b0111 E
1P
b00000000 V
1W
#3590000
0$
0%
0&
1'
0(
b00000000000000000000000011011001 /
b010000 0
b00000000000000000000000000000101 K
0P
#3595000
1@
0A
0C
1P
b0111 T
b00000001 V
0W
#3600000
1%
1&
0'
b00000000000000000000000011011010 /
b001010 0
b0111 J
b00000000000000000000000000000001 K
0P
b0111 R
#3605000
b0000 E
1P
b00000000 V
1W
#3610000
1$
0%
0&
1'
1(
b00000000000000000000000011011011 /
b110001 0
b00000000000000000000000000000010 K
0P
#3615000
1?
0@
1P
b0000 T
b00000001 V
0W
#3620000
0$
1&
0(
b00000000000000000000000011011100 /
b011000 0
b0000 J
b00000000000000000000000000000001 K
0P
b0000 R
#3625000
b0101 E
b0100 G
b100 H
1P
b00000000 V
1W
#3630000
0'
1(
b00000000000000000000000011011101 /
b101000 0
b0110 E
b00000000000000000000000000000010 K
0P
#3635000
0;
1>
1B
1P
b0110 T
b110 U
b00000011 V
0W
#3640000
1$
1'
0(
b00000000000000000000000011011110 /
b011001 0
b00000000000000000000000000001011 6
b0110 J
b00000000000000000000000000000001 K
b00000000000000000000000000101110 M
b0110 N
0P
b0110 R
#3645000
1P
b00000010 V
#3650000
0$
1%
b00000000000000000000000011011111 /
b011010 0
b00000000000000000000000000000010 K
0P
#3655000
1P
b00000001 V
#3660000
1$
0'
1(
b00000000000000000000000011100000 /
b101100 0
b00000000000000000000000000000011 K
0P
#3665000
b0111 E
1P
b00000000 V
1W
#3670000
0&
1'
0(
b00000000000000000000000011100001 /
b010100 0
b00000000000000000000000000000100 K
0P
#3675000
1<
0>
0B
1P
b0111 T
b00000001 V
0W
#3680000
1&
0'
b00000000000000000000000011100010 /
b001100 0
b0111 J
b00000000000000000000000000000001 K
0P
b0111 R
#3685000
b0000 E
1P
b00000000 V
1W
#3690000
b00000000000000000000000011100011 /
b00000000000000000000000000000010 K
0P
#3695000
1;
0<
1P
b0000 T
b00000001 V
0W
#3700000
0&
1(
b00000000000000000000000011100100 /
b100100 0
b0000 J
b00000000000000000000000000000001 K
0P
b0000 R
#3705000
b0011 E
b0110 G
b110 H
1P
b00000000 V
1W
#3710000
0$
0%
1&
0(
b00000000000000000000000011100101 /
b001000 0
b0100 E
b00000000000000000000000000000010 K
0P
#3715000
0?
1A
1C
1P
b0100 T
b100 U
b00000100 V
0W
#3720000
1'
1(
b00000000000000000000000011100110 /
b111000 0
b00000000000000000000000000001110 4
b0100 J
b00000000000000000000000000000001 K
b00000000000000000000000000101111 M
b0100 N
0P
b0100 R
#3725000
1P
b00000011 V
#3730000
1$
1%
b00000000000000000000000011100111 /
b111100 0
b00000000000000000000000000000010 K
0P
#3735000
1P
b00000010 V
#3740000
0$
0%
0&
0'
b00000000000000000000000011101000 /
b100000 0
b00000000000000000000000000000011 K
0P
#3745000
1P
b00000001 V
#3750000
1%
1'
b00000000000000000000000011101001 /
b110010 0
b00000000000000000000000000000100 K
0P
#3755000
b0111 E
1P
b00000000 V
1W
#3760000
1$
0%
0'
0(
b00000000000000000000000011101010 /
b000001 0
b00000000000000000000000000000101 K
0P
#3765000
1@
0A
0C
1P
b0111 T
b00000001 V
0W
#3770000
0$
1%
1&
1'
b00000000000000000000000011101011 /
b011010 0
b0111 J
b00000000000000000000000000000001 K
0P
b0111 R
#3775000
b0000 E
1P
b00000000 V
1W
#3780000
0%
b00000000000000000000000011101100 /
b011000 0
b00000000000000000000000000000010 K
0P
#3785000
1?
0@
1P
b0000 T
b00000001 V
0W
#3790000
1(
b00000000000000000000000011101101 /
b111000 0
b0000 J
b00000000000000000000000000000001 K
0P
b0000 R
#3795000
b0101 E
b0100 G
b100 H
1P
b00000000 V
1W
#3800000
1$
b00000000000000000000000011101110 /
b111001 0
b00000000000000000000000000000010 K
0P
#3805000
07
1:
1P
b0101 T
b101 U
b00000011 V
0W
#3810000
0$
0'
0(
b00000000000000000000000011101111 /
b001000 0
b00000000000000000000000000000111 5
b0101 J
b00000000000000000000000000000001 K
b00000000000000000000000000110000 M
b0101 N
0P
b0101 R
#3815000
1P
b00000010 V
#3820000
1$
1%
0&
b00000000000000000000000011110000 /
b000100 0
b00000000000000000000000000000010 K
0P
#3825000
1P
b00000001 V
#3830000
0%
1'
1(
b00000000000000000000000011110001 /
b110001 0
b00000000000000000000000000000011 K
0P
#3835000
b0111 E
1P
b00000000 V
1W
#3840000
1%
1&
b00000000000000000000000011110010 /
b111100 0
b00000000000000000000000000000100 K
0P
#3845000
18
0:
1P
b0111 T
b00000001 V
0W
#3850000
0$
0%
0&
0'
b00000000000000000000000011110011 /
b100000 0
b0111 J
b00000000000000000000000000000001 K
0P
b0111 R
#3855000
b0000 E
1P
b00000000 V
1W
#3860000
1$
1'
b00000000000000000000000011110100 /
b110001 0
b00000000000000000000000000000010 K
0P
#3865000
17
08
1P
b0000 T
b00000001 V
0W
#3870000
1%
0(
b00000000000000000000000011110101 /
b010100 0
b0000 J
b00000000000000000000000000000001 K
0P
b0000 R
#3875000
b0011 E
b0101 G
b101 H
1P
b00000000 V
1W
#3880000
1&
b00000000000000000000000011110110 /
b011100 0
b00000000000000000000000000000010 K
0P
#3885000
07
19
0;
1=
1P
b0011 T
b011 U
b00000010 V
0W
#3890000
0'
1(
b00000000000000000000000011110111 /
b101100 0
b00000000000000000000000000000101 3
b0011 J
b00000000000000000000000000000001 K
b00000000000000000000000000110001 M
b0011 N
0P
b0011 R
#3895000
1P
b00000001 V
#3900000
0(
b00000000000000000000000011111000 /
b001100 0
b00000000000000000000000000000010 K
0P
#3905000
b0111 E
1P
b00000000 V
1W
#3910000
0%
1'
1(
b00000000000000000000000011111001 /
b111001 0
b00000000000000000000000000000011 K
0P
#3915000
18
09
1<
0=
1P
b0111 T
b00000001 V
0W
#3920000
0$
0&
b00000000000000000000000011111010 /
b110000 0
b0111 J
b00000000000000000000000000000001 K
0P
b0111 R
#3925000
b0000 E
1P
b00000000 V
1W
#3930000
1&
0(
b00000000000000000000000011111011 /
b011000 0
b00000000000000000000000000000010 K
0P
#3935000
17
08
1;
0<
1P
b0000 T
b00000001 V
0W
#3940000
1%
0&
1(
b00000000000000000000000011111100 /
b110010 0
b0000 J
b00000000000000000000000000000001 K
0P
b0000 R
#3945000
b0101 E
b0011 G
b011 H
1P
b00000000 V
1W
#3950000
1&
0(
b00000000000000000000000011111101 /
b011010 0
b0100 E
b00000000000000000000000000000010 K
0P
#3955000
0?
1A
1C
1P
b0100 T
b100 U
b00000100 V
0W
#3960000
1$
0%
0&
0'
b00000000000000000000000011111110 /
b000001 0
b00000000000000000000000000001111 4
b0100 J
b00000000000000000000000000000001 K
b00000000000000000000000000110010 M
b0100 N
0P
b0100 R
#3965000
1P
b00000011 V
#3970000
1&
1(
b00000000000000000000000011111111 /
b101001 0
b00000000000000000000000000000010 K
0P
#3975000
1P
b00000010 V
#3980000
0$
1%
0(
b00000000000000000000000100000000 /
b001010 0
b00000000000000000000000000000011 K
0P
#3985000
1P
b00000001 V
#3990000
0&
b00000000000000000000000100000001 /
b000010 0
b00000000000000000000000000000100 K
0P
#3995000
b0111 E
1P
b00000000 V
1W
#4000000
b00000000000000000000000100000010 /
b00000000000000000000000000000101 K
0P
#4005000
1@
0A
0C
1P
b0111 T
b00000001 V
0W
#4010000
1$
0%
1&
b00000000000000000000000100000011 /
b001001 0
b0111 J
b00000000000000000000000000000001 K
0P
b0111 R
#4015000
b0000 E
1P
b00000000 V
1W
#4020000
0$
1%
0&
1'
1(
b00000000000000000000000100000100 /
b110010 0
b00000000000000000000000000000010 K
0P
#4025000
1?
0@
1P
b0000 T
b00000001 V
0W
#4030000
0%
0'
0(
b00000000000000000000000100000101 /
b000000 0
b0000 J
b00000000000000000000000000000001 K
0P
b0000 R
#4035000
b0101 E
b0100 G
b100 H
0I
1P
b00000000 V
1W
#4040000
1$
1'
b00000000000000000000000100000110 /
b010001 0
1I
b00000000000000000000000000000010 K
0P
#4045000
07
1:
1P
b0101 T
b101 U
b00000011 V
0W
#4050000
0$
1&
b00000000000000000000000100000111 /
b011000 0
b00000000000000000000000000001000 5
b0101 J
b00000000000000000000000000000001 K
b00000000000000000000000000110011 M
b0101 N
0P
b0101 R
#4055000
1P
b00000010 V
#4060000
1%
b00000000000000000000000100001000 /
b011010 0
b00000000000000000000000000000010 K
0P
#4065000
1P
b00000001 V
#4070000
1$
0%
0&
1(
b00000000000000000000000100001001 /
b110001 0
b00000000000000000000000000000011 K
0P
#4075000
b0111 E
1P
b00000000 V
1W
#4080000
1&
b00000000000000000000000100001010 /
b111001 0
b00000000000000000000000000000100 K
0P
#4085000
18
0:
1P
b0111 T
b00000001 V
0W
#4090000
0$
1%
0&
0'
b00000000000000000000000100001011 /
b100010 0
b0111 J
b00000000000000000000000000000001 K
0P
b0111 R
#4095000
b0000 E
1P
b00000000 V
1W
#4100000
0%
1&
1'
0(
b00000000000000000000000100001100 /
b011000 0
b00000000000000000000000000000010 K
0P
#4105000
17
08
1P
b0000 T
b00000001 V
0W
#4110000
1$
1%
b00000000000000000000000100001101 /
b011100 0
b0000 J
b00000000000000000000000000000001 K
0P
b0000 R
#4115000
b0011 E
b0101 G
b101 H
1P
b00000000 V
1W
#4120000
0$
0&
0'
1(
b00000000000000000000000100001110 /
b100010 0
b0110 E
b00000000000000000000000000000010 K
0P
#4125000
0;
1>
1B
1P
b0110 T
b110 U
b00000011 V
0W
#4130000
1&
1'
0(
b00000000000000000000000100001111 /
b011010 0
b00000000000000000000000000001100 6
b0110 J
b00000000000000000000000000000001 K
b00000000000000000000000000110100 M
b0110 N
0P
b0110 R
#4135000
1P
b00000010 V
#4140000
1$
0%
b00000000000000000000000100010000 /
b011001 0
b00000000000000000000000000000010 K
0P
#4145000
1P
b00000001 V
#4150000
1%
0&
0'
b00000000000000000000000100010001 /
b000100 0
b00000000000000000000000000000011 K
0P
#4155000
b0111 E
1P
b00000000 V
1W
#4160000
0%
b00000000000000000000000100010010 /
b000001 0
b00000000000000000000000000000100 K
0P
#4165000
1<
0>
0B
1P
b0111 T
b00000001 V
0W
#4170000
0$
1'
1(
b00000000000000000000000100010011 /
b110000 0
b0111 J
b00000000000000000000000000000001 K
0P
b0111 R
#4175000
b0000 E
1P
b00000000 V
1W
#4180000
1$
1%
b00000000000000000000000100010100 /
b110100 0
b00000000000000000000000000000010 K
0P
#4185000
1;
0<
1P
b0000 T
b00000001 V
0W
#4190000
0$
0%
0'
b00000000000000000000000100010101 /
b100000 0
b0000 J
b00000000000000000000000000000001 K
0P
b0000 R
#4195000
b0110 E
b0110 G
b110 H
1P
b00000000 V
1W
#4200000
1$
1%
0(
b00000000000000000000000100010110 /
b000100 0
b0011 E
b00000000000000000000000000000010 K
0P
#4205000
07
19
0;
1=
1P
b0011 T
b011 U
b00000010 V
0W
#4210000
0%
b00000000000000000000000100010111 /
b000001 0
b00000000000000000000000000000110 3
b0011 J
b00000000000000000000000000000001 K
b00000000000000000000000000110101 M
b0011 N
0P
b0011 R
#4215000
1P
b00000001 V
#4220000
0$
b00000000000000000000000100011000 /
b000000 0
b00000000000000000000000000000010 K
0P
#4225000
b0111 E
1P
b00000000 V
1W
#4230000
1$
b00000000000000000000000100011001 /
b000001 0
b00000000000000000000000000000011 K
0P
#4235000
18
09
1<
0=
1P
b0111 T
b00000001 V
0W
#4240000
1&
1'
b00000000000000000000000100011010 /
b011001 0
b0111 J
b00000000000000000000000000000001 K
0P
b0111 R
#4245000
b0000 E
1P
b00000000 V
1W
#4250000
1%
b00000000000000000000000100011011 /
b011100 0
b00000000000000000000000000000010 K
0P
#4255000
17
08
1;
0<
1P
b0000 T
b00000001 V
0W
#4260000
b00000000000000000000000100011100 /
b0000 J
b00000000000000000000000000000001 K
0P
b0000 R
#4265000
b0100 E
b0011 G
b011 H
1P
b00000000 V
1W
#4270000
0$
1(
b00000000000000000000000100011101 /
b111010 0
b00000000000000000000000000000010 K
0P
#4275000
0?
1A
1C
1P
b0100 T
b100 U
b00000100 V
0W
#4280000
0%
0(
b00000000000000000000000100011110 /
b011000 0
b00000000000000000000000000010000 4
b0100 J
b00000000000000000000000000000001 K
b00000000000000000000000000110110 M
b0100 N
0P
b0100 R
#4285000
1P
b00000011 V
#4290000
1$
1%
0&
1(
b00000000000000000000000100011111 /
b110100 0
b00000000000000000000000000000010 K
0P
#4295000
1P
b00000010 V
#4300000
0'
b00000000000000000000000100100000 /
b100100 0
b00000000000000000000000000000011 K
0P
#4305000
1P
b00000001 V
#4310000
0$
0%
1&
1'
b00000000000000000000000100100001 /
b111000 0
b00000000000000000000000000000100 K
0P
#4315000
b0111 E
1P
b00000000 V
1W
#4320000
1$
1%
0'
0(
b00000000000000000000000100100010 /
b001100 0
b00000000000000000000000000000101 K
0P
#4325000
1@
0A
0C
1P
b0111 T
b00000001 V
0W
#4330000
0$
0%
1(
b00000000000000000000000100100011 /
b101000 0
b0111 J
b00000000000000000000000000000001 K
0P
b0111 R
#4335000
b0000 E
1P
b00000000 V
1W
#4340000
1$
1'
0)
b00000000000000000000000100100100 /
b111001 0
b00000000000000000000000000000010 K
0P
#4345000
1?
0@
1P
b0000 T
b00000001 V
0W
#4350000
1%
b00000000000000000000000100100101 /
b111100 0
b0000 J
b00000000000000000000000000000001 K
0P
b0000 R
#4355000
b0101 E
b0100 G
b100 H
1P
b00000000 V
1W
#4360000
0%
0&
b00000000000000000000000100100110 /
b110001 0
b00000000000000000000000000000010 K
0P
#4365000
07
1:
1P
b0101 T
b101 U
b00000011 V
0W
#4370000
0$
1%
1&
0'
b00000000000000000000000100100111 /
b101010 0
b00000000000000000000000000001001 5
b0101 J
b00000000000000000000000000000001 K
b00000000000000000000000000110111 M
b0101 N
0P
b0101 R
#4375000
1P
b00000010 V
#4380000
1$
0&
0(
b00000000000000000000000100101000 /
b000100 0
b00000000000000000000000000000010 K
0P
#4385000
1P
b00000001 V
#4390000
0$
1'
b00000000000000000000000100101001 /
b010010 0
b00000000000000000000000000000011 K
0P
#4395000
b0111 E
1P
b00000000 V
1W
#4400000
1$
0%
0'
1(
b00000000000000000000000100101010 /
b100001 0
b00000000000000000000000000000100 K
0P
#4405000
18
0:
1P
b0111 T
b00000001 V
0W
#4410000
0$
1&
0(
b00000000000000000000000100101011 /
b001000 0
b0111 J
b00000000000000000000000000000001 K
0P
b0111 R
#4415000
b0000 E
1P
b00000000 V
1W
#4420000
b00000000000000000000000100101100 /
b00000000000000000000000000000010 K
0P
#4425000
17
08
1P
b0000 T
b00000001 V
0W
#4430000
1$
1%
0&
1(
b00000000000000000000000100101101 /
b100100 0
b0000 J
b00000000000000000000000000000001 K
0P
b0000 R
#4435000
b0110 E
b0101 G
b101 H
1P
b00000000 V
1W
#4440000
0$
b00000000000000000000000100101110 /
b100010 0
b00000000000000000000000000000010 K
0P
#4445000
0;
1>
1P
b0110 T
b110 U
b00000011 V
0W
#4450000
0(
b00000000000000000000000100101111 /
b000010 0
b00000000000000000000000000001101 6
b0110 J
b00000000000000000000000000000001 K
b00000000000000000000000000111000 M
b0110 N
0P
b0110 R
#4455000
1P
b00000010 V
#4460000
1$
0%
1&
1'
b00000000000000000000000100110000 /
b011001 0
b00000000000000000000000000000010 K
0P
#4465000
1P
b00000001 V
#4470000
1%
0&
0'
b00000000000000000000000100110001 /
b000100 0
b00000000000000000000000000000011 K
0P
#4475000
b0111 E
1P
b00000000 V
1W
#4480000
0$
1'
b00000000000000000000000100110010 /
b010010 0
b00000000000000000000000000000100 K
0P
#4485000
1<
0>
1P
b0111 T
b00000001 V
0W
#4490000
1$
0%
1&
0'
1(
b00000000000000000000000100110011 /
b101001 0
b0111 J
b00000000000000000000000000000001 K
0P
b0111 R
#4495000
b0000 E
1P
b00000000 V
1W
#4500000
1'
0(
b00000000000000000000000100110100 /
b011001 0
b00000000000000000000000000000010 K
0P
#4505000
1;
0<
1P
b0000 T
b00000001 V
0W
#4510000
0&
0'
b00000000000000000000000100110101 /
b000001 0
b0000 J
b00000000000000000000000000000001 K
0P
b0000 R
#4515000
b0001 E
b0110 G
b110 H
1P
b00000000 V
1W
#4520000
1%
1(
b00000000000000000000000100110110 /
b100100 0
b0011 E
b00000000000000000000000000000010 K
0P
#4525000
07
19
0;
1=
1P
b0011 T
b011 U
b00000010 V
0W
#4530000
0$
0%
0(
b00000000000000000000000100110111 /
b000000 0
b00000000000000000000000000000111 3
b0011 J
b00000000000000000000000000000001 K
b00000000000000000000000000111001 M
b0011 N
0P
b0011 R
#4535000
1P
b00000001 V
#4540000
1%
1'
b00000000000000000000000100111000 /
b010010 0
b00000000000000000000000000000010 K
0P
#4545000
b0111 E
1P
b00000000 V
1W
#4550000
1$
0%
1&
b00000000000000000000000100111001 /
b011001 0
b00000000000000000000000000000011 K
0P
#4555000
18
09
1<
0=
1P
b0111 T
b00000001 V
0W
#4560000
1%
1(
b00000000000000000000000100111010 /
b111100 0
b0111 J
b00000000000000000000000000000001 K
0P
b0111 R
#4565000
b0000 E
1P
b00000000 V
1W
#4570000
0%
0&
0'
b00000000000000000000000100111011 /
b100001 0
b00000000000000000000000000000010 K
0P
#4575000
17
08
1;
0<
1P
b0000 T
b00000001 V
0W
#4580000
0$
1&
1'
b00000000000000000000000100111100 /
b111000 0
b0000 J
b00000000000000000000000000000001 K
0P
b0000 R
#4585000
b0100 E
b0011 G
b011 H
1P
b00000000 V
1W
#4590000
0&
b00000000000000000000000100111101 /
b110000 0
b0101 E
b00000000000000000000000000000010 K
0P
#4595000
07
1:
1P
b0101 T
b101 U
b00000011 V
0W
#4600000
1$
1%
b00000000000000000000000100111110 /
b110100 0
b00000000000000000000000000001010 5
b0101 J
b00000000000000000000000000000001 K
b00000000000000000000000000111010 M
b0101 N
0P
b0101 R
#4605000
1P
b00000010 V
#4610000
0$
1&
0'
0(
b00000000000000000000000100111111 /
b001010 0
b00000000000000000000000000000010 K
0P
#4615000
1P
b00000001 V
#4620000
0%
1(
b00000000000000000000000101000000 /
b101000 0
b00000000000000000000000000000011 K
0P
#4625000
b0111 E
1P
b00000000 V
1W
#4630000
1$
1'
b00000000000000000000000101000001 /
b111001 0
b00000000000000000000000000000100 K
0P
#4635000
18
0:
1P
b0111 T
b00000001 V
0W
#4640000
0$
0&
0(
b00000000000000000000000101000010 /
b010000 0
b0111 J
b00000000000000000000000000000001 K
0P
b0111 R
#4645000
b0000 E
1P
b00000000 V
1W
#4650000
1%
0'
b00000000000000000000000101000011 /
b000010 0
b00000000000000000000000000000010 K
0P
#4655000
17
08
1P
b0000 T
b00000001 V
0W
#4660000
1$
0%
b00000000000000000000000101000100 /
b000001 0
b0000 J
b00000000000000000000000000000001 K
0P
b0000 R
#4665000
b0001 E
b0101 G
b101 H
1P
b00000000 V
1W
#4670000
1%
1'
1(
b00000000000000000000000101000101 /
b110100 0
b0110 E
b00000000000000000000000000000010 K
0P
#4675000
0;
1>
1P
b0110 T
b110 U
b00000011 V
0W
#4680000
0'
0(
b00000000000000000000000101000110 /
b000100 0
b00000000000000000000000000001110 6
b0110 J
b00000000000000000000000000000001 K
b00000000000000000000000000111011 M
b0110 N
0P
b0110 R
#4685000
1P
b00000010 V
#4690000
0$
1&
1(
b00000000000000000000000101000111 /
b101010 0
b00000000000000000000000000000010 K
0P
#4695000
1P
b00000001 V
#4700000
0%
0(
b00000000000000000000000101001000 /
b001000 0
b00000000000000000000000000000011 K
0P
#4705000
b0111 E
1P
b00000000 V
1W
#4710000
1%
1(
b00000000000000000000000101001001 /
b101010 0
b00000000000000000000000000000100 K
0P
#4715000
1<
0>
1P
b0111 T
b00000001 V
0W
#4720000
1$
0&
1'
0(
b00000000000000000000000101001010 /
b010100 0
b0111 J
b00000000000000000000000000000001 K
0P
b0111 R
#4725000
b0000 E
1P
b00000000 V
1W
#4730000
1&
0'
1(
b00000000000000000000000101001011 /
b101100 0
b00000000000000000000000000000010 K
0P
#4735000
1;
0<
1P
b0000 T
b00000001 V
0W
#4740000
0%
0&
0(
b00000000000000000000000101001100 /
b000001 0
b0000 J
b00000000000000000000000000000001 K
0P
b0000 R
#4745000
b0001 E
b0110 G
b110 H
1P
b00000000 V
1W
#4750000
1'
1(
b00000000000000000000000101001101 /
b110001 0
b00000000000000000000000000000010 K
0P
#4755000
07
19
1P
b0001 T
b001 U
b00000010 V
0W
#4760000
1&
b00000000000000000000000101001110 /
b111001 0
b00000000000000000000000000001001 1
b0001 J
b00000000000000000000000000000001 K
b00000000000000000000000000111100 M
b0001 N
0P
b0001 R
#4765000
1P
b00000001 V
#4770000
0$
0'
b00000000000000000000000101001111 /
b101000 0
b00000000000000000000000000000010 K
0P
#4775000
b0111 E
1P
b00000000 V
1W
#4780000
0&
1'
0(
b00000000000000000000000101010000 /
b010000 0
b00000000000000000000000000000011 K
0P
#4785000
18
09
1P
b0111 T
b00000001 V
0W
#4790000
1&
1(
b00000000000000000000000101010001 /
b111000 0
b0111 J
b00000000000000000000000000000001 K
0P
b0111 R
#4795000
b0000 E
1P
b00000000 V
1W
#4800000
0(
b00000000000000000000000101010010 /
b011000 0
b00000000000000000000000000000010 K
0P
#4805000
17
08
1P
b0000 T
b00000001 V
0W
#4810000
1%
0'
1(
b00000000000000000000000101010011 /
b101010 0
b0000 J
b00000000000000000000000000000001 K
0P
b0000 R
#4815000
b0010 E
b0001 G
b001 H
1P
b00000000 V
1W
#4820000
1$
0%
0&
1'
0(
b00000000000000000000000101010100 /
b010001 0
b0101 E
b00000000000000000000000000000010 K
0P
#4825000
07
1:
1P
b0101 T
b101 U
b00000011 V
0W
#4830000
1&
0'
1(
b00000000000000000000000101010101 /
b101001 0
b00000000000000000000000000001011 5
b0101 J
b00000000000000000000000000000001 K
b00000000000000000000000000111101 M
b0101 N
0P
b0101 R
#4835000
1P
b00000010 V
#4840000
0$
0(
b00000000000000000000000101010110 /
b001000 0
b00000000000000000000000000000010 K
0P
#4845000
1P
b00000001 V
#4850000
1$
1%
0&
1(
b00000000000000000000000101010111 /
b100100 0
b00000000000000000000000000000011 K
0P
#4855000
b0111 E
1P
b00000000 V
1W
#4860000
1&
b00000000000000000000000101011000 /
b101100 0
b00000000000000000000000000000100 K
0P
#4865000
18
0:
1P
b0111 T
b00000001 V
0W
#4870000
0%
1'
b00000000000000000000000101011001 /
b111001 0
b0111 J
b00000000000000000000000000000001 K
0P
b0111 R
#4875000
b0000 E
1P
b00000000 V
1W
#4880000
0$
0&
0'
b00000000000000000000000101011010 /
b100000 0
b00000000000000000000000000000010 K
0P
#4885000
17
08
1P
b0000 T
b00000001 V
0W
#4890000
1%
1&
b00000000000000000000000101011011 /
b101010 0
b0000 J
b00000000000000000000000000000001 K
0P
b0000 R
#4895000
b0110 E
b0101 G
b101 H
1P
b00000000 V
1W
#4900000
1$
0&
1'
0(
b00000000000000000000000101011100 /
b010100 0
b0011 E
b00000000000000000000000000000010 K
0P
#4905000
07
19
0;
1=
1P
b0011 T
b011 U
b00000010 V
0W
#4910000
0%
0'
1(
b00000000000000000000000101011101 /
b100001 0
b00000000000000000000000000001000 3
b0011 J
b00000000000000000000000000000001 K
b00000000000000000000000000111110 M
b0011 N
0P
b0011 R
#4915000
1P
b00000001 V
#4920000
0$
1%
0(
b00000000000000000000000101011110 /
b000010 0
b00000000000000000000000000000010 K
0P
#4925000
b0111 E
1P
b00000000 V
1W
#4930000
1$
0%
1&
1'
1(
b00000000000000000000000101011111 /
b111001 0
b00000000000000000000000000000011 K
0P
#4935000
18
09
1<
0=
1P
b0111 T
b00000001 V
0W
#4940000
0$
1%
0'
b00000000000000000000000101100000 /
b101010 0
b0111 J
b00000000000000000000000000000001 K
0P
b0111 R
#4945000
b0000 E
1P
b00000000 V
1W
#4950000
0&
0(
b00000000000000000000000101100001 /
b000010 0
b00000000000000000000000000000010 K
0P
#4955000
17
08
1;
0<
1P
b0000 T
b00000001 V
0W
#4960000
1$
0%
1'
b00000000000000000000000101100010 /
b010001 0
b0000 J
b00000000000000000000000000000001 K
0P
b0000 R
#4965000
b0101 E
b0011 G
b011 H
1P
b00000000 V
1W
#4970000
0$
1%
1&
1(
b00000000000000000000000101100011 /
b111010 0
b0100 E
b00000000000000000000000000000010 K
0P
#4975000
0?
1A
1P
b0100 T
b100 U
b00000100 V
0W
#4980000
0%
0&
0'
0(
b00000000000000000000000101100100 /
b000000 0
b00000000000000000000000000010001 4
b0100 J
b00000000000000000000000000000001 K
b00000000000000000000000000111111 M
b0100 N
0P
b0100 R
#4985000
1P
b00000011 V
#4990000
1&
1'
1(
b00000000000000000000000101100101 /
b111000 0
b00000000000000000000000000000010 K
0P
#4995000
1P
b00000010 V
#5000000
0&
0'
b00000000000000000000000101100110 /
b100000 0
b00000000000000000000000000000011 K
0P
#5005000
1P
b00000001 V
#5010000
1$
1&
0(
b00000000000000000000000101100111 /
b001001 0
b00000000000000000000000000000100 K
0P
#5015000
b0111 E
1P
b00000000 V
1W
#5020000
0$
1(
b00000000000000000000000101101000 /
b101000 0
b00000000000000000000000000000101 K
0P
#5025000
1@
0A
1P
b0111 T
b00000001 V
0W
#5030000
1%
0&
1'
b00000000000000000000000101101001 /
b110010 0
b0111 J
b00000000000000000000000000000001 K
0P
b0111 R
#5035000
b0000 E
1P
b00000000 V
1W
#5040000
1$
0%
0(
b00000000000000000000000101101010 /
b010001 0
b00000000000000000000000000000010 K
0P
#5045000
1?
0@
1P
b0000 T
b00000001 V
0W
#5050000
0$
0'
b00000000000000000000000101101011 /
b000000 0
b0000 J
b00000000000000000000000000000001 K
0P
b0000 R
#5055000
b0101 E
b0100 G
b100 H
0I
1P
b00000000 V
1W
#5060000
1%
1&
b00000000000000000000000101101100 /
b001010 0
b0010 E
1I
b00000000000000000000000000000010 K
0P
#5065000
0;
1=
1P
b0010 T
b010 U
b00000010 V
0W
#5070000
0%
b00000000000000000000000101101101 /
b001000 0
b00000000000000000000000000000101 2
b0010 J
b00000000000000000000000000000001 K
b00000000000000000000000001000000 M
b0010 N
0P
b0010 R
#5075000
1P
b00000001 V
#5080000
1(
b00000000000000000000000101101110 /
b101000 0
b00000000000000000000000000000010 K
0P
#5085000
b0111 E
1P
b00000000 V
1W
#5090000
0(
b00000000000000000000000101101111 /
b001000 0
b00000000000000000000000000000011 K
0P
#5095000
1<
0=
1P
b0111 T
b00000001 V
0W
#5100000
b00000000000000000000000101110000 /
b0111 J
b00000000000000000000000000000001 K
0P
b0111 R
#5105000
b0000 E
1P
b00000000 V
1W
#5110000
b00000000000000000000000101110001 /
b00000000000000000000000000000010 K
0P
#5115000
1;
0<
1P
b0000 T
b00000001 V
0W
#5120000
1'
b00000000000000000000000101110010 /
b011000 0
b0000 J
b00000000000000000000000000000001 K
0P
b0000 R
#5125000
b0100 E
b0010 G
b010 H
1P
b00000000 V
1W
#5130000
1$
0&
0'
b00000000000000000000000101110011 /
b000001 0
b0001 E
b00000000000000000000000000000010 K
0P
#5135000
07
19
1P
b0001 T
b001 U
b00000010 V
0W
#5140000
0$
1'
b00000000000000000000000101110100 /
b010000 0
b00000000000000000000000000001010 1
b0001 J
b00000000000000000000000000000001 K
b00000000000000000000000001000001 M
b0001 N
0P
b0001 R
#5145000
1P
b00000001 V
#5150000
1$
1%
1&
0'
1(
b00000000000000000000000101110101 /
b101100 0
b00000000000000000000000000000010 K
0P
#5155000
b0111 E
1P
b00000000 V
1W
#5160000
b00000000000000000000000101110110 /
b00000000000000000000000000000011 K
0P
#5165000
18
09
1P
b0111 T
b00000001 V
0W
#5170000
0%
0(
b00000000000000000000000101110111 /
b001001 0
b0111 J
b00000000000000000000000000000001 K
0P
b0111 R
#5175000
b0000 E
1P
b00000000 V
1W
#5180000
0$
1%
1'
b00000000000000000000000101111000 /
b011010 0
b00000000000000000000000000000010 K
0P
#5185000
17
08
1P
b0000 T
b00000001 V
0W
#5190000
0'
b00000000000000000000000101111001 /
b001010 0
b0000 J
b00000000000000000000000000000001 K
0P
b0000 R
#5195000
b0010 E
b0001 G
b001 H
1P
b00000000 V
1W
#5200000
1$
0%
b00000000000000000000000101111010 /
b001001 0
b0100 E
b00000000000000000000000000000010 K
0P
#5205000
0?
1A
1P
b0100 T
b100 U
b00000100 V
0W
#5210000
1%
0&
b00000000000000000000000101111011 /
b000100 0
b00000000000000000000000000010010 4
b0100 J
b00000000000000000000000000000001 K
b00000000000000000000000001000010 M
b0100 N
0P
b0100 R
#5215000
1P
b00000011 V
#5220000
1&
b00000000000000000000000101111100 /
b001100 0
b00000000000000000000000000000010 K
0P
#5225000
1P
b00000010 V
#5230000
b00000000000000000000000101111101 /
b00000000000000000000000000000011 K
0P
#5235000
1P
b00000001 V
#5240000
0$
b00000000000000000000000101111110 /
b001010 0
b00000000000000000000000000000100 K
0P
#5245000
b0111 E
1P
b00000000 V
1W
#5250000
1$
b00000000000000000000000101111111 /
b001100 0
b00000000000000000000000000000101 K
0P
#5255000
1@
0A
1P
b0111 T
b00000001 V
0W
#5260000
0$
0%
1'
b00000000000000000000000110000000 /
b011000 0
b0111 J
b00000000000000000000000000000001 K
0P
b0111 R
#5265000
b0000 E
1P
b00000000 V
1W
#5270000
1$
b00000000000000000000000110000001 /
b011001 0
b00000000000000000000000000000010 K
0P
#5275000
1?
0@
1P
b0000 T
b00000001 V
0W
#5280000
0$
0&
1(
b00000000000000000000000110000010 /
b110000 0
b0000 J
b00000000000000000000000000000001 K
0P
b0000 R
#5285000
b0101 E
b0100 G
b100 H
1P
b00000000 V
1W
#5290000
1%
0(
b00000000000000000000000110000011 /
b010010 0
b00000000000000000000000000000010 K
0P
#5295000
07
1:
1P
b0101 T
b101 U
b00000011 V
0W
#5300000
1$
b00000000000000000000000110000100 /
b010100 0
b00000000000000000000000000001100 5
b0101 J
b00000000000000000000000000000001 K
b00000000000000000000000001000011 M
b0101 N
0P
b0101 R
#5305000
1P
b00000010 V
#5310000
0%
1&
0'
1(
1)
b00000000000000000000000110000101 /
b101001 0
b00000000000000000000000000000010 K
0P
#5315000
1P
b00000001 V
#5320000
0$
0&
0(
b00000000000000000000000110000110 /
b000000 0
b00000000000000000000000000000011 K
0P
#5325000
b0111 E
1P
b00000000 V
1W
#5330000
1$
1%
1'
1(
b00000000000000000000000110000111 /
b110100 0
b00000000000000000000000000000100 K
0P
#5335000
18
0:
1P
b0111 T
b00000001 V
0W
#5340000
1&
0'
b00000000000000000000000110001000 /
b101100 0
b0111 J
b00000000000000000000000000000001 K
0P
b0111 R
#5345000
b0000 E
1P
b00000000 V
1W
#5350000
0%
1'
b00000000000000000000000110001001 /
b111001 0
b00000000000000000000000000000010 K
0P
#5355000
17
08
1P
b0000 T
b00000001 V
0W
#5360000
0$
1%
0&
0'
b00000000000000000000000110001010 /
b100010 0
b0000 J
b00000000000000000000000000000001 K
0P
b0000 R
#5365000
b0110 E
b0101 G
b101 H
1P
b00000000 V
1W
#5370000
1&
1'
b00000000000000000000000110001011 /
b111010 0
b00000000000000000000000000000010 K
0P
#5375000
0;
1>
1B
1P
b0110 T
b110 U
b00000011 V
0W
#5380000
1$
0&
0'
0(
b00000000000000000000000110001100 /
b000100 0
b00000000000000000000000000001111 6
b0110 J
b00000000000000000000000000000001 K
b00000000000000000000000001000100 M
b0110 N
0P
b0110 R
#5385000
1P
b00000010 V
#5390000
0$
1'
1(
b00000000000000000000000110001101 /
b110010 0
b00000000000000000000000000000010 K
0P
#5395000
1P
b00000001 V
#5400000
0%
b00000000000000000000000110001110 /
b110000 0
b00000000000000000000000000000011 K
0P
#5405000
b0111 E
1P
b00000000 V
1W
#5410000
1%
1&
0'
0(
b00000000000000000000000110001111 /
b001010 0
b00000000000000000000000000000100 K
0P
#5415000
1<
0>
0B
1P
b0111 T
b00000001 V
0W
#5420000
1$
0%
1'
b00000000000000000000000110010000 /
b011001 0
b0111 J
b00000000000000000000000000000001 K
0P
b0111 R
#5425000
b0000 E
1P
b00000000 V
1W
#5430000
0'
b00000000000000000000000110010001 /
b001001 0
b00000000000000000000000000000010 K
0P
#5435000
1;
0<
1P
b0000 T
b00000001 V
0W
#5440000
0$
1%
0&
1'
b00000000000000000000000110010010 /
b010010 0
b0000 J
b00000000000000000000000000000001 K
0P
b0000 R
#5445000
b0010 E
b0110 G
b110 H
1P
b00000000 V
1W
#5450000
0%
1(
b00000000000000000000000110010011 /
b110000 0
b0101 E
b00000000000000000000000000000010 K
0P
#5455000
07
1:
1P
b0101 T
b101 U
b00000011 V
0W
#5460000
1&
b00000000000000000000000110010100 /
b111000 0
b00000000000000000000000000001101 5
b0101 J
b00000000000000000000000000000001 K
b00000000000000000000000001000101 M
b0101 N
0P
b0101 R
#5465000
1P
b00000010 V
#5470000
1%
0&
0(
b00000000000000000000000110010101 /
b010010 0
b00000000000000000000000000000010 K
0P
#5475000
1P
b00000001 V
#5480000
0%
1&
1(
b00000000000000000000000110010110 /
b111000 0
b00000000000000000000000000000011 K
0P
#5485000
b0111 E
1P
b00000000 V
1W
#5490000
1$
0'
0(
b00000000000000000000000110010111 /
b001001 0
b00000000000000000000000000000100 K
0P
#5495000
18
0:
1P
b0111 T
b00000001 V
0W
#5500000
1%
1(
b00000000000000000000000110011000 /
b101100 0
b0111 J
b00000000000000000000000000000001 K
0P
b0111 R
#5505000
b0000 E
1P
b00000000 V
1W
#5510000
0(
b00000000000000000000000110011001 /
b001100 0
b00000000000000000000000000000010 K
0P
#5515000
17
08
1P
b0000 T
b00000001 V
0W
#5520000
0%
1'
1(
b00000000000000000000000110011010 /
b111001 0
b0000 J
b00000000000000000000000000000001 K
0P
b0000 R
#5525000
b0110 E
b0101 G
b101 H
1P
b00000000 V
1W
#5530000
0'
b00000000000000000000000110011011 /
b101001 0
b00000000000000000000000000000010 K
0P
#5535000
0;
1>
1B
1P
b0110 T
b110 U
b00000011 V
0W
#5540000
0$
1'
0(
b00000000000000000000000110011100 /
b011000 0
b00000000000000000000000000010000 6
b0110 J
b00000000000000000000000000000001 K
b00000000000000000000000001000110 M
b0110 N
0P
b0110 R
#5545000
1P
b00000010 V
#5550000
0&
0'
1(
b00000000000000000000000110011101 /
b100000 0
b00000000000000000000000000000010 K
0P
#5555000
1P
b00000001 V
#5560000
1%
1'
b00000000000000000000000110011110 /
b110010 0
b00000000000000000000000000000011 K
0P
#5565000
b0111 E
1P
b00000000 V
1W
#5570000
0%
1&
0(
b00000000000000000000000110011111 /
b011000 0
b00000000000000000000000000000100 K
0P
#5575000
1<
0>
0B
1P
b0111 T
b00000001 V
0W
#5580000
0&
0'
b00000000000000000000000110100000 /
b000000 0
b0111 J
b00000000000000000000000000000001 K
0P
b0111 R
#5585000
b0000 E
1P
b00000000 V
1W
#5590000
1$
1%
1&
1'
1(
b00000000000000000000000110100001 /
b111100 0
b00000000000000000000000000000010 K
0P
#5595000
1;
0<
1P
b0000 T
b00000001 V
0W
#5600000
0$
0(
b00000000000000000000000110100010 /
b011010 0
b0000 J
b00000000000000000000000000000001 K
0P
b0000 R
#5605000
b0010 E
b0110 G
b110 H
1P
b00000000 V
1W
#5610000
0%
b00000000000000000000000110100011 /
b011000 0
b0100 E
b00000000000000000000000000000010 K
0P
#5615000
0?
1A
1C
1P
b0100 T
b100 U
b00000100 V
0W
#5620000
1%
0&
1(
b00000000000000000000000110100100 /
b110010 0
b00000000000000000000000000010011 4
b0100 J
b00000000000000000000000000000001 K
b00000000000000000000000001000111 M
b0100 N
0P
b0100 R
#5625000
1P
b00000011 V
#5630000
1$
0'
0(
b00000000000000000000000110100101 /
b000100 0
b00000000000000000000000000000010 K
0P
#5635000
1P
b00000010 V
#5640000
1&
1(
b00000000000000000000000110100110 /
b101100 0
b00000000000000000000000000000011 K
0P
#5645000
1P
b00000001 V
#5650000
0$
0&
1'
0(
b00000000000000000000000110100111 /
b010010 0
b00000000000000000000000000000100 K
0P
#5655000
b0111 E
1P
b00000000 V
1W
#5660000
0%
1(
b00000000000000000000000110101000 /
b110000 0
b00000000000000000000000000000101 K
0P
#5665000
1@
0A
0C
1P
b0111 T
b00000001 V
0W
#5670000
1$
0'
b00000000000000000000000110101001 /
b100001 0
b0111 J
b00000000000000000000000000000001 K
0P
b0111 R
#5675000
b0000 E
1P
b00000000 V
1W
#5680000
0$
1&
1'
0(
b00000000000000000000000110101010 /
b011000 0
b00000000000000000000000000000010 K
0P
#5685000
1?
0@
1P
b0000 T
b00000001 V
0W
#5690000
0'
1(
b00000000000000000000000110101011 /
b101000 0
b0000 J
b00000000000000000000000000000001 K
0P
b0000 R
#5695000
b0110 E
b0100 G
b100 H
1P
b00000000 V
1W
#5700000
1%
1'
0(
b00000000000000000000000110101100 /
b011010 0
b0101 E
b00000000000000000000000000000010 K
0P
#5705000
07
1:
1P
b0101 T
b101 U
b00000011 V
0W
#5710000
1(
b00000000000000000000000110101101 /
b111010 0
b00000000000000000000000000001110 5
b0101 J
b00000000000000000000000000000001 K
b00000000000000000000000001001000 M
b0101 N
0P
b0101 R
#5715000
1P
b00000010 V
#5720000
1$
b00000000000000000000000110101110 /
b111100 0
b00000000000000000000000000000010 K
0P
#5725000
1P
b00000001 V
#5730000
0$
0%
0'
0(
b00000000000000000000000110101111 /
b001000 0
b00000000000000000000000000000011 K
0P
#5735000
b0111 E
1P
b00000000 V
1W
#5740000
1$
1%
b00000000000000000000000110110000 /
b001100 0
b00000000000000000000000000000100 K
0P
#5745000
18
0:
1P
b0111 T
b00000001 V
0W
#5750000
0%
b00000000000000000000000110110001 /
b001001 0
b0111 J
b00000000000000000000000000000001 K
0P
b0111 R
#5755000
b0000 E
1P
b00000000 V
1W
#5760000
1%
1(
b00000000000000000000000110110010 /
b101100 0
b00000000000000000000000000000010 K
0P
#5765000
17
08
1P
b0000 T
b00000001 V
0W
#5770000
0%
0&
1'
0(
b00000000000000000000000110110011 /
b010001 0
b0000 J
b00000000000000000000000000000001 K
0P
b0000 R
#5775000
b0001 E
b0101 G
b101 H
1P
b00000000 V
1W
#5780000
0$
1%
1&
b00000000000000000000000110110100 /
b011010 0
b0010 E
b00000000000000000000000000000010 K
0P
#5785000
0;
1=
1P
b0010 T
b010 U
b00000010 V
0W
#5790000
1$
0%
0'
1(
b00000000000000000000000110110101 /
b101001 0
b00000000000000000000000000000110 2
b0010 J
b00000000000000000000000000000001 K
b00000000000000000000000001001001 M
b0010 N
0P
b0010 R
#5795000
1P
b00000001 V
#5800000
1%
0&
b00000000000000000000000110110110 /
b100100 0
b00000000000000000000000000000010 K
0P
#5805000
b0111 E
1P
b00000000 V
1W
#5810000
0$
0%
1&
b00000000000000000000000110110111 /
b101000 0
b00000000000000000000000000000011 K
0P
#5815000
1<
0=
1P
b0111 T
b00000001 V
0W
#5820000
1%
b00000000000000000000000110111000 /
b101010 0
b0111 J
b00000000000000000000000000000001 K
0P
b0111 R
#5825000
b0000 E
1P
b00000000 V
1W
#5830000
1$
0%
b00000000000000000000000110111001 /
b101001 0
b00000000000000000000000000000010 K
0P
#5835000
1;
0<
1P
b0000 T
b00000001 V
0W
#5840000
0$
0&
0(
b00000000000000000000000110111010 /
b000000 0
b0000 J
b00000000000000000000000000000001 K
0P
b0000 R
#5845000
b0011 E
b0010 G
b010 H
0I
1P
b00000000 V
1W
#5850000
1'
b00000000000000000000000110111011 /
b010000 0
b0101 E
1I
b00000000000000000000000000000010 K
0P
#5855000
07
1:
1P
b0101 T
b101 U
b00000011 V
0W
#5860000
1(
b00000000000000000000000110111100 /
b110000 0
b00000000000000000000000000001111 5
b0101 J
b00000000000000000000000000000001 K
b00000000000000000000000001001010 M
b0101 N
0P
b0101 R
#5865000
1P
b00000010 V
#5870000
1$
1%
1&
0(
b00000000000000000000000110111101 /
b011100 0
b00000000000000000000000000000010 K
0P
#5875000
1P
b00000001 V
#5880000
0$
0%
b00000000000000000000000110111110 /
b011000 0
b00000000000000000000000000000011 K
0P
#5885000
b0111 E
1P
b00000000 V
1W
#5890000
0&
0'
1(
b00000000000000000000000110111111 /
b100000 0
b00000000000000000000000000000100 K
0P
#5895000
18
0:
1P
b0111 T
b00000001 V
0W
#5900000
1$
1'
0(
b00000000000000000000000111000000 /
b010001 0
b0111 J
b00000000000000000000000000000001 K
0P
b0111 R
#5905000
b0000 E
1P
b00000000 V
1W
#5910000
1&
0'
b00000000000000000000000111000001 /
b001001 0
b00000000000000000000000000000010 K
0P
#5915000
17
08
1P
b0000 T
b00000001 V
0W
#5920000
0$
0&
1'
b00000000000000000000000111000010 /
b010000 0
b0000 J
b00000000000000000000000000000001 K
0P
b0000 R
#5925000
b0101 E
b0101 G
b101 H
1P
b00000000 V
1W
#5930000
1&
0'
b00000000000000000000000111000011 /
b001000 0
b0100 E
b00000000000000000000000000000010 K
0P
#5935000
0?
1A
1C
1P
b0100 T
b100 U
b00000100 V
0W
#5940000
1$
0&
1'
b00000000000000000000000111000100 /
b010001 0
b00000000000000000000000000010100 4
b0100 J
b00000000000000000000000000000001 K
b00000000000000000000000001001011 M
b0100 N
0P
b0100 R
#5945000
1P
b00000011 V
#5950000
0$
1&
1(
b00000000000000000000000111000101 /
b111000 0
b00000000000000000000000000000010 K
0P
#5955000
1P
b00000010 V
#5960000
1%
b00000000000000000000000111000110 /
b111010 0
b00000000000000000000000000000011 K
0P
#5965000
1P
b00000001 V
#5970000
1$
0&
0'
b00000000000000000000000111000111 /
b100100 0
b00000000000000000000000000000100 K
0P
#5975000
b0111 E
1P
b00000000 V
1W
#5980000
0%
1'
b00000000000000000000000111001000 /
b110001 0
b00000000000000000000000000000101 K
0P
#5985000
1@
0A
0C
1P
b0111 T
b00000001 V
0W
#5990000
1%
0'
b00000000000000000000000111001001 /
b100100 0
b0111 J
b00000000000000000000000000000001 K
0P
b0111 R
#5995000
b0000 E
1P
b00000000 V
1W
#6000000
0$
0%
1&
0(
b00000000000000000000000111001010 /
b001000 0
b00000000000000000000000000000010 K
0P
#6005000
1?
0@
1P
b0000 T
b00000001 V
0W
#6010000
0&
1'
b00000000000000000000000111001011 /
b010000 0
b0000 J
b00000000000000000000000000000001 K
0P
b0000 R
#6015000
b0101 E
b0100 G
b100 H
1P
b00000000 V
1W
#6020000
1$
1&
1(
b00000000000000000000000111001100 /
b111001 0
b00000000000000000000000000000010 K
0P
#6025000
07
1:
1P
b0101 T
b101 U
b00000011 V
0W
#6030000
0$
0'
b00000000000000000000000111001101 /
b101000 0
b00000000000000000000000000010000 5
b0101 J
b00000000000000000000000000000001 K
b00000000000000000000000001001100 M
b0101 N
0P
b0101 R
#6035000
1P
b00000010 V
#6040000
1%
0&
b00000000000000000000000111001110 /
b100010 0
b00000000000000000000000000000010 K
0P
#6045000
1P
b00000001 V
#6050000
1$
0%
1'
b00000000000000000000000111001111 /
b110001 0
b00000000000000000000000000000011 K
0P
#6055000
b0111 E
1P
b00000000 V
1W
#6060000
0'
b00000000000000000000000111010000 /
b100001 0
b00000000000000000000000000000100 K
0P
#6065000
18
0:
1P
b0111 T
b00000001 V
0W
#6070000
1&
b00000000000000000000000111010001 /
b101001 0
b0111 J
b00000000000000000000000000000001 K
0P
b0111 R
#6075000
b0000 E
1P
b00000000 V
1W
#6080000
1'
0(
b00000000000000000000000111010010 /
b011001 0
b00000000000000000000000000000010 K
0P
#6085000
17
08
1P
b0000 T
b00000001 V
0W
#6090000
0&
1(
b00000000000000000000000111010011 /
b110001 0
b0000 J
b00000000000000000000000000000001 K
0P
b0000 R
#6095000
b0110 E
b0101 G
b101 H
1P
b00000000 V
1W
#6100000
0$
0(
b00000000000000000000000111010100 /
b010000 0
b0101 E
b00000000000000000000000000000010 K
0P
#6105000
07
1:
1P
b0101 T
b00000011 V
0W
#6110000
1%
1&
0'
1(
b00000000000000000000000111010101 /
b101010 0
b00000000000000000000000000010001 5
b0101 J
b00000000000000000000000000000001 K
b00000000000000000000000001001101 M
0P
b0101 R
#6115000
1P
b00000010 V
#6120000
1$
b00000000000000000000000111010110 /
b101100 0
b00000000000000000000000000000010 K
0P
#6125000
1P
b00000001 V
#6130000
0$
0&
0(
b00000000000000000000000111010111 /
b000010 0
b00000000000000000000000000000011 K
0P
#6135000
b0111 E
1P
b00000000 V
1W
#6140000
1$
0%
1'
b00000000000000000000000111011000 /
b010001 0
b00000000000000000000000000000100 K
0P
#6145000
18
0:
1P
b0111 T
b00000001 V
0W
#6150000
1&
b00000000000000000000000111011001 /
b011001 0
b0111 J
b00000000000000000000000000000001 K
0P
b0111 R
#6155000
b0000 E
1P
b00000000 V
1W
#6160000
0$
1%
0&
b00000000000000000000000111011010 /
b010010 0
b00000000000000000000000000000010 K
0P
#6165000
17
08
1P
b0000 T
b00000001 V
0W
#6170000
1$
1(
b00000000000000000000000111011011 /
b110100 0
b0000 J
b00000000000000000000000000000001 K
0P
b0000 R
#6175000
b0110 E
1P
b00000000 V
1W
#6180000
1&
0(
b00000000000000000000000111011100 /
b011100 0
b0011 E
b00000000000000000000000000000010 K
0P
#6185000
07
19
0;
1=
1P
b0011 T
b011 U
b00000010 V
0W
#6190000
0$
b00000000000000000000000111011101 /
b011010 0
b00000000000000000000000000001001 3
b0011 J
b00000000000000000000000000000001 K
b00000000000000000000000001001110 M
b0011 N
0P
b0011 R
#6195000
1P
b00000001 V
#6200000
1$
0&
1(
b00000000000000000000000111011110 /
b110100 0
b00000000000000000000000000000010 K
0P
#6205000
b0111 E
1P
b00000000 V
1W
#6210000
0$
1&
0'
b00000000000000000000000111011111 /
b101010 0
b00000000000000000000000000000011 K
0P
#6215000
18
09
1<
0=
1P
b0111 T
b00000001 V
0W
#6220000
1$
0%
0&
0(
b00000000000000000000000111100000 /
b000001 0
b0111 J
b00000000000000000000000000000001 K
0P
b0111 R
#6225000
b0000 E
1P
b00000000 V
1W
#6230000
0$
1(
b00000000000000000000000111100001 /
b100000 0
b00000000000000000000000000000010 K
0P
#6235000
17
08
1;
0<
1P
b0000 T
b00000001 V
0W
#6240000
1&
1'
0(
b00000000000000000000000111100010 /
b011000 0
b0000 J
b00000000000000000000000000000001 K
0P
b0000 R
#6245000
b0100 E
b0011 G
b011 H
1P
b00000000 V
1W
#6250000
0&
b00000000000000000000000111100011 /
b010000 0
b0101 E
b00000000000000000000000000000010 K
0P
#6255000
07
1:
1P
b0101 T
b101 U
b00000011 V
0W
#6260000
1&
0'
1(
b00000000000000000000000111100100 /
b101000 0
b00000000000000000000000000010010 5
b0101 J
b00000000000000000000000000000001 K
b00000000000000000000000001001111 M
b0101 N
0P
b0101 R
#6265000
1P
b00000010 V
#6270000
1%
1'
0(
b00000000000000000000000111100101 /
b011010 0
b00000000000000000000000000000010 K
0P
#6275000
1P
b00000001 V
#6280000
1$
0%
b00000000000000000000000111100110 /
b011001 0
b00000000000000000000000000000011 K
0P
#6285000
b0111 E
1P
b00000000 V
1W
#6290000
0$
1%
0'
b00000000000000000000000111100111 /
b001010 0
b00000000000000000000000000000100 K
0P
#6295000
18
0:
1P
b0111 T
b00000001 V
0W
#6300000
1$
0%
0&
b00000000000000000000000111101000 /
b000001 0
b0111 J
b00000000000000000000000000000001 K
0P
b0111 R
#6305000
b0000 E
1P
b00000000 V
1W
#6310000
1&
1'
1(
b00000000000000000000000111101001 /
b111001 0
b00000000000000000000000000000010 K
0P
#6315000
17
08
1P
b0000 T
b00000001 V
0W
#6320000
0$
0'
0(
b00000000000000000000000111101010 /
b001000 0
b0000 J
b00000000000000000000000000000001 K
0P
b0000 R
#6325000
b0100 E
b0101 G
b101 H
1P
b00000000 V
1W
#6330000
1%
1(
b00000000000000000000000111101011 /
b101010 0
b0110 E
b00000000000000000000000000000010 K
0P
#6335000
0;
1>
1B
1P
b0110 T
b110 U
b00000011 V
0W
#6340000
1$
0%
1'
b00000000000000000000000111101100 /
b111001 0
b00000000000000000000000000010001 6
b0110 J
b00000000000000000000000000000001 K
b00000000000000000000000001010000 M
b0110 N
0P
b0110 R
#6345000
1P
b00000010 V
#6350000
b00000000000000000000000111101101 /
b00000000000000000000000000000010 K
0P
#6355000
1P
b00000001 V
#6360000
0$
0&
0'
0(
b00000000000000000000000111101110 /
b000000 0
b00000000000000000000000000000011 K
0P
#6365000
b0111 E
1P
b00000000 V
1W
#6370000
1$
1'
1(
b00000000000000000000000111101111 /
b110001 0
b00000000000000000000000000000100 K
0P
#6375000
1<
0>
0B
1P
b0111 T
b00000001 V
0W
#6380000
0$
1%
0(
b00000000000000000000000111110000 /
b010010 0
b0111 J
b00000000000000000000000000000001 K
0P
b0111 R
#6385000
b0000 E
1P
b00000000 V
1W
#6390000
1$
0'
1(
b00000000000000000000000111110001 /
b100100 0
b00000000000000000000000000000010 K
0P
#6395000
1;
0<
1P
b0000 T
b00000001 V
0W
#6400000
1'
b00000000000000000000000111110010 /
b110100 0
b0000 J
b00000000000000000000000000000001 K
0P
b0000 R
#6405000
b0011 E
b0110 G
b110 H
1P
b00000000 V
1W
#6410000
0$
0%
b00000000000000000000000111110011 /
b110000 0
b0101 E
b00000000000000000000000000000010 K
0P
#6415000
07
1:
1P
b0101 T
b101 U
b00000011 V
0W
#6420000
1$
0'
b00000000000000000000000111110100 /
b100001 0
b00000000000000000000000000010011 5
b0101 J
b00000000000000000000000000000001 K
b00000000000000000000000001010001 M
b0101 N
0P
b0101 R
#6425000
1P
b00000010 V
#6430000
1'
b00000000000000000000000111110101 /
b110001 0
b00000000000000000000000000000010 K
0P
#6435000
1P
b00000001 V
#6440000
0$
1%
0(
b00000000000000000000000111110110 /
b010010 0
b00000000000000000000000000000011 K
0P
#6445000
b0111 E
1P
b00000000 V
1W
#6450000
0%
1(
b00000000000000000000000111110111 /
b110000 0
b00000000000000000000000000000100 K
0P
#6455000
18
0:
1P
b0111 T
b00000001 V
0W
#6460000
1$
0'
b00000000000000000000000111111000 /
b100001 0
b0111 J
b00000000000000000000000000000001 K
0P
b0111 R
#6465000
b0000 E
1P
b00000000 V
1W
#6470000
0$
1%
1'
0(
b00000000000000000000000111111001 /
b010010 0
b00000000000000000000000000000010 K
0P
#6475000
17
08
1P
b0000 T
b00000001 V
0W
#6480000
0'
b00000000000000000000000111111010 /
b000010 0
b0000 J
b00000000000000000000000000000001 K
0P
b0000 R
#6485000
b0010 E
b0101 G
b101 H
1P
b00000000 V
1W
#6490000
0%
1&
b00000000000000000000000111111011 /
b001000 0
b0100 E
b00000000000000000000000000000010 K
0P
#6495000
0?
1A
1C
1P
b0100 T
b100 U
b00000100 V
0W
#6500000
1%
0&
1(
b00000000000000000000000111111100 /
b100010 0
b00000000000000000000000000010101 4
b0100 J
b00000000000000000000000000000001 K
b00000000000000000000000001010010 M
b0100 N
0P
b0100 R
#6505000
1P
b00000011 V
#6510000
1$
0%
1'
0(
b00000000000000000000000111111101 /
b010001 0
b00000000000000000000000000000010 K
0P
#6515000
1P
b00000010 V
#6520000
1%
b00000000000000000000000111111110 /
b010100 0
b00000000000000000000000000000011 K
0P
#6525000
1P
b00000001 V
#6530000
1&
b00000000000000000000000111111111 /
b011100 0
b00000000000000000000000000000100 K
0P
#6535000
b0111 E
1P
b00000000 V
1W
#6540000
0&
0'
1(
b00000000000000000000001000000000 /
b100100 0
b00000000000000000000000000000101 K
0P
#6545000
1@
0A
0C
1P
b0111 T
b00000001 V
0W
#6550000
0$
1'
b00000000000000000000001000000001 /
b110010 0
b0111 J
b00000000000000000000000000000001 K
0P
b0111 R
#6555000
b0000 E
1P
b00000000 V
1W
#6560000
0%
1&
b00000000000000000000001000000010 /
b111000 0
b00000000000000000000000000000010 K
0P
#6565000
1?
0@
1P
b0000 T
b00000001 V
0W
#6570000
1$
1%
0&
0'
b00000000000000000000001000000011 /
b100100 0
b0000 J
b00000000000000000000000000000001 K
0P
b0000 R
#6575000
b0110 E
b0100 G
b100 H
1P
b00000000 V
1W
#6580000
0$
b00000000000000000000001000000100 /
b100010 0
b00000000000000000000000000000010 K
0P
#6585000
0;
1>
1B
1P
b0110 T
b110 U
b00000011 V
0W
#6590000
0(
b00000000000000000000001000000101 /
b000010 0
b00000000000000000000000000010010 6
b0110 J
b00000000000000000000000000000001 K
b00000000000000000000000001010011 M
b0110 N
0P
b0110 R
#6595000
1P
b00000010 V
#6600000
1$
0%
1(
b00000000000000000000001000000110 /
b100001 0
b00000000000000000000000000000010 K
0P
#6605000
1P
b00000001 V
#6610000
0$
1%
1&
1'
b00000000000000000000001000000111 /
b111010 0
b00000000000000000000000000000011 K
0P
#6615000
b0111 E
1P
b00000000 V
1W
#6620000
1$
0&
0'
b00000000000000000000001000001000 /
b100100 0
b00000000000000000000000000000100 K
0P
#6625000
1<
0>
0B
1P
b0111 T
b00000001 V
0W
#6630000
1&
0(
b00000000000000000000001000001001 /
b001100 0
b0111 J
b00000000000000000000000000000001 K
0P
b0111 R
#6635000
b0000 E
1P
b00000000 V
1W
#6640000
0$
1'
1(
b00000000000000000000001000001010 /
b111010 0
b00000000000000000000000000000010 K
0P
#6645000
1;
0<
1P
b0000 T
b00000001 V
0W
#6650000
0%
0'
0(
b00000000000000000000001000001011 /
b001000 0
b0000 J
b00000000000000000000000000000001 K
0P
b0000 R
#6655000
b0100 E
b0110 G
b110 H
1P
b00000000 V
1W
#6660000
1$
1%
b00000000000000000000001000001100 /
b001100 0
b0011 E
b00000000000000000000000000000010 K
0P
#6665000
07
19
0;
1=
1P
b0011 T
b011 U
b00000010 V
0W
#6670000
0&
b00000000000000000000001000001101 /
b000100 0
b00000000000000000000000000001010 3
b0011 J
b00000000000000000000000000000001 K
b00000000000000000000000001010100 M
b0011 N
0P
b0011 R
#6675000
1P
b00000001 V
#6680000
1&
1'
1(
b00000000000000000000001000001110 /
b111100 0
b00000000000000000000000000000010 K
0P
#6685000
b0111 E
1P
b00000000 V
1W
#6690000
0%
0&
0'
0(
b00000000000000000000001000001111 /
b000001 0
b00000000000000000000000000000011 K
0P
#6695000
18
09
1<
0=
1P
b0111 T
b00000001 V
0W
#6700000
0$
1&
1(
b00000000000000000000001000010000 /
b101000 0
b0111 J
b00000000000000000000000000000001 K
0P
b0111 R
#6705000
b0000 E
1P
b00000000 V
1W
#6710000
1$
1%
0&
b00000000000000000000001000010001 /
b100100 0
b00000000000000000000000000000010 K
0P
#6715000
17
08
1;
0<
1P
b0000 T
b00000001 V
0W
#6720000
0%
b00000000000000000000001000010010 /
b100001 0
b0000 J
b00000000000000000000000000000001 K
0P
b0000 R
#6725000
b0110 E
b0011 G
b011 H
1P
b00000000 V
1W
#6730000
0$
1%
0(
b00000000000000000000001000010011 /
b000010 0
b0010 E
b00000000000000000000000000000010 K
0P
#6735000
0;
1=
1P
b0010 T
b010 U
b00000010 V
0W
#6740000
0%
1&
b00000000000000000000001000010100 /
b001000 0
b00000000000000000000000000000111 2
b0010 J
b00000000000000000000000000000001 K
b00000000000000000000000001010101 M
b0010 N
0P
b0010 R
#6745000
1P
b00000001 V
#6750000
1$
1%
b00000000000000000000001000010101 /
b001100 0
b00000000000000000000000000000010 K
0P
#6755000
b0111 E
1P
b00000000 V
1W
#6760000
0$
0%
0&
b00000000000000000000001000010110 /
b000000 0
b00000000000000000000000000000011 K
0P
#6765000
1<
0=
1P
b0111 T
b00000001 V
0W
#6770000
1$
1%
1(
b00000000000000000000001000010111 /
b100100 0
b0111 J
b00000000000000000000000000000001 K
0P
b0111 R
#6775000
b0000 E
1P
b00000000 V
1W
#6780000
0(
b00000000000000000000001000011000 /
b000100 0
b00000000000000000000000000000010 K
0P
#6785000
1;
0<
1P
b0000 T
b00000001 V
0W
#6790000
0%
1(
b00000000000000000000001000011001 /
b100001 0
b0000 J
b00000000000000000000000000000001 K
0P
b0000 R
#6795000
b0110 E
b0010 G
b010 H
1P
b00000000 V
1W
#6800000
0$
1'
0(
b00000000000000000000001000011010 /
b010000 0
b0101 E
b00000000000000000000000000000010 K
0P
#6805000
07
1:
1P
b0101 T
b101 U
b00000011 V
0W
#6810000
1$
1%
1&
0'
b00000000000000000000001000011011 /
b001100 0
b00000000000000000000000000010100 5
b0101 J
b00000000000000000000000000000001 K
b00000000000000000000000001010110 M
b0101 N
0P
b0101 R
#6815000
1P
b00000010 V
#6820000
0%
1'
1(
b00000000000000000000001000011100 /
b111001 0
b00000000000000000000000000000010 K
0P
#6825000
1P
b00000001 V
#6830000
0$
0&
0'
b00000000000000000000001000011101 /
b100000 0
b00000000000000000000000000000011 K
0P
#6835000
b0111 E
1P
b00000000 V
1W
#6840000
1$
1%
1&
1'
0(
b00000000000000000000001000011110 /
b011100 0
b00000000000000000000000000000100 K
0P
#6845000
18
0:
1P
b0111 T
b00000001 V
0W
#6850000
0'
1(
b00000000000000000000001000011111 /
b101100 0
b0111 J
b00000000000000000000000000000001 K
0P
b0111 R
#6855000
b0000 E
1P
b00000000 V
1W
#6860000
0%
0&
1'
0(
b00000000000000000000001000100000 /
b010001 0
b00000000000000000000000000000010 K
0P
#6865000
17
08
1P
b0000 T
b00000001 V
0W
#6870000
0$
1&
0'
1(
b00000000000000000000001000100001 /
b101000 0
b0000 J
b00000000000000000000000000000001 K
0P
b0000 R
#6875000
b0110 E
b0101 G
b101 H
1P
b00000000 V
1W
#6880000
1$
1'
b00000000000000000000001000100010 /
b111001 0
b00000000000000000000000000000010 K
0P
#6885000
0;
1>
1B
1P
b0110 T
b110 U
b00000011 V
0W
#6890000
0&
b00000000000000000000001000100011 /
b110001 0
b00000000000000000000000000010011 6
b0110 J
b00000000000000000000000000000001 K
b00000000000000000000000001010111 M
b0110 N
0P
b0110 R
#6895000
1P
b00000010 V
#6900000
b00000000000000000000001000100100 /
b00000000000000000000000000000010 K
0P
#6905000
1P
b00000001 V
#6910000
0$
1%
1&
0'
0(
b00000000000000000000001000100101 /
b001010 0
b00000000000000000000000000000011 K
0P
#6915000
b0111 E
1P
b00000000 V
1W
#6920000
0%
1'
b00000000000000000000001000100110 /
b011000 0
b00000000000000000000000000000100 K
0P
#6925000
1<
0>
0B
1P
b0111 T
b00000001 V
0W
#6930000
1$
0&
b00000000000000000000001000100111 /
b010001 0
b0111 J
b00000000000000000000000000000001 K
0P
b0111 R
#6935000
b0000 E
1P
b00000000 V
1W
#6940000
0$
1%
1&
0'
b00000000000000000000001000101000 /
b001010 0
b00000000000000000000000000000010 K
0P
#6945000
1;
0<
1P
b0000 T
b00000001 V
0W
#6950000
0&
1'
1(
b00000000000000000000001000101001 /
b110010 0
b0000 J
b00000000000000000000000000000001 K
0P
b0000 R
#6955000
b0010 E
b0110 G
b110 H
1P
b00000000 V
1W
#6960000
0'
0(
b00000000000000000000001000101010 /
b000010 0
b00000000000000000000000000000010 K
0P
#6965000
0;
1=
1P
b0010 T
b010 U
b00000010 V
0W
#6970000
1$
0%
1(
b00000000000000000000001000101011 /
b100001 0
b00000000000000000000000000001000 2
b0010 J
b00000000000000000000000000000001 K
b00000000000000000000000001011000 M
b0010 N
0P
b0010 R
#6975000
1P
b00000001 V
#6980000
1%
b00000000000000000000001000101100 /
b100100 0
b00000000000000000000000000000010 K
0P
#6985000
b0111 E
1P
b00000000 V
1W
#6990000
1&
0(
b00000000000000000000001000101101 /
b001100 0
b00000000000000000000000000000011 K
0P
#6995000
1<
0=
1P
b0111 T
b00000001 V
0W
#7000000
0$
0&
1(
b00000000000000000000001000101110 /
b100010 0
b0111 J
b00000000000000000000000000000001 K
0P
b0111 R
#7005000
b0000 E
1P
b00000000 V
1W
#7010000
1&
0(
b00000000000000000000001000101111 /
b001010 0
b00000000000000000000000000000010 K
0P
#7015000
1;
0<
1P
b0000 T
b00000001 V
0W
#7020000
1$
0%
0&
1(
b00000000000000000000001000110000 /
b100001 0
b0000 J
b00000000000000000000000000000001 K
0P
b0000 R
#7025000
b0110 E
b0010 G
b010 H
1P
b00000000 V
1W
#7030000
1&
1'
b00000000000000000000001000110001 /
b111001 0
b0100 E
b00000000000000000000000000000010 K
0P
#7035000
0?
1A
1C
1P
b0100 T
b100 U
b00000100 V
0W
#7040000
0$
1%
0&
0'
b00000000000000000000001000110010 /
b100010 0
b00000000000000000000000000010110 4
b0100 J
b00000000000000000000000000000001 K
b00000000000000000000000001011001 M
b0100 N
0P
b0100 R
#7045000
1P
b00000011 V
#7050000
1$
0%
0(
b00000000000000000000001000110011 /
b000001 0
b00000000000000000000000000000010 K
0P
#7055000
1P
b00000010 V
#7060000
0$
1(
b00000000000000000000001000110100 /
b100000 0
b00000000000000000000000000000011 K
0P
#7065000
1P
b00000001 V
#7070000
1%
b00000000000000000000001000110101 /
b100010 0
b00000000000000000000000000000100 K
0P
#7075000
b0111 E
1P
b00000000 V
1W
#7080000
1$
1'
b00000000000000000000001000110110 /
b110100 0
b00000000000000000000000000000101 K
0P
#7085000
1@
0A
0C
1P
b0111 T
b00000001 V
0W
#7090000
0%
b00000000000000000000001000110111 /
b110001 0
b0111 J
b00000000000000000000000000000001 K
0P
b0111 R
#7095000
b0000 E
1P
b00000000 V
1W
#7100000
1%
1&
0(
b00000000000000000000001000111000 /
b011100 0
b00000000000000000000000000000010 K
0P
#7105000
1?
0@
1P
b0000 T
b00000001 V
0W
#7110000
0&
0'
1(
b00000000000000000000001000111001 /
b100100 0
b0000 J
b00000000000000000000000000000001 K
0P
b0000 R
#7115000
b0110 E
b0100 G
b100 H
1P
b00000000 V
1W
#7120000
0$
1&
0(
b00000000000000000000001000111010 /
b001010 0
b0010 E
b00000000000000000000000000000010 K
0P
#7125000
0;
1=
1P
b0010 T
b010 U
b00000010 V
0W
#7130000
0%
b00000000000000000000001000111011 /
b001000 0
b00000000000000000000000000001001 2
b0010 J
b00000000000000000000000000000001 K
b00000000000000000000000001011010 M
b0010 N
0P
b0010 R
#7135000
1P
b00000001 V
#7140000
1$
1%
0&
1'
1(
b00000000000000000000001000111100 /
b110100 0
b00000000000000000000000000000010 K
0P
#7145000
b0111 E
1P
b00000000 V
1W
#7150000
0%
1&
0(
b00000000000000000000001000111101 /
b011001 0
b00000000000000000000000000000011 K
0P
#7155000
1<
0=
1P
b0111 T
b00000001 V
0W
#7160000
0$
1%
0'
1(
b00000000000000000000001000111110 /
b101010 0
b0111 J
b00000000000000000000000000000001 K
0P
b0111 R
#7165000
b0000 E
1P
b00000000 V
1W
#7170000
0%
0(
b00000000000000000000001000111111 /
b001000 0
b00000000000000000000000000000010 K
0P
#7175000
1;
0<
1P
b0000 T
b00000001 V
0W
#7180000
1$
1'
b00000000000000000000001001000000 /
b011001 0
b0000 J
b00000000000000000000000000000001 K
0P
b0000 R
#7185000
b0100 E
b0010 G
b010 H
1P
b00000000 V
1W
#7190000
0'
1(
b00000000000000000000001001000001 /
b101001 0
b00000000000000000000000000000010 K
0P
#7195000
0?
1A
1C
1P
b0100 T
b100 U
b00000100 V
0W
#7200000
0$
1'
b00000000000000000000001001000010 /
b111000 0
b00000000000000000000000000010111 4
b0100 J
b00000000000000000000000000000001 K
b00000000000000000000000001011011 M
b0100 N
0P
b0100 R
#7205000
1P
b00000011 V
#7210000
1$
0'
b00000000000000000000001001000011 /
b101001 0
b00000000000000000000000000000010 K
0P
#7215000
1P
b00000010 V
#7220000
1%
1'
b00000000000000000000001001000100 /
b111100 0
b00000000000000000000000000000011 K
0P
#7225000
1P
b00000001 V
#7230000
0$
0'
b00000000000000000000001001000101 /
b101010 0
b00000000000000000000000000000100 K
0P
#7235000
b0111 E
1P
b00000000 V
1W
#7240000
0%
0&
1'
b00000000000000000000001001000110 /
b110000 0
b00000000000000000000000000000101 K
0P
#7245000
1@
0A
0C
1P
b0111 T
b00000001 V
0W
#7250000
1$
1%
1&
b00000000000000000000001001000111 /
b111100 0
b0111 J
b00000000000000000000000000000001 K
0P
b0111 R
#7255000
b0000 E
1P
b00000000 V
1W
#7260000
0$
0%
0&
b00000000000000000000001001001000 /
b110000 0
b00000000000000000000000000000010 K
0P
#7265000
1?
0@
1P
b0000 T
b00000001 V
0W
#7270000
0'
0(
b00000000000000000000001001001001 /
b000000 0
b0000 J
b00000000000000000000000000000001 K
0P
b0000 R
#7275000
b0101 E
b0100 G
b100 H
0I
1P
b00000000 V
1W
#7280000
1$
1%
1&
1'
1(
b00000000000000000000001001001010 /
b111100 0
1I
b00000000000000000000000000000010 K
0P
#7285000
07
1:
1P
b0101 T
b101 U
b00000011 V
0W
#7290000
0%
0'
b00000000000000000000001001001011 /
b101001 0
b00000000000000000000000000010101 5
b0101 J
b00000000000000000000000000000001 K
b00000000000000000000000001011100 M
b0101 N
0P
b0101 R
#7295000
1P
b00000010 V
#7300000
0$
1%
1'
0(
b00000000000000000000001001001100 /
b011010 0
b00000000000000000000000000000010 K
0P
#7305000
1P
b00000001 V
#7310000
1$
0%
0&
1(
b00000000000000000000001001001101 /
b110001 0
b00000000000000000000000000000011 K
0P
#7315000
b0111 E
1P
b00000000 V
1W
#7320000
1%
1&
0(
b00000000000000000000001001001110 /
b011100 0
b00000000000000000000000000000100 K
0P
#7325000
18
0:
1P
b0111 T
b00000001 V
0W
#7330000
0$
0'
1(
b00000000000000000000001001001111 /
b101010 0
b0111 J
b00000000000000000000000000000001 K
0P
b0111 R
#7335000
b0000 E
1P
b00000000 V
1W
#7340000
0&
b00000000000000000000001001010000 /
b100010 0
b00000000000000000000000000000010 K
0P
#7345000
17
08
1P
b0000 T
b00000001 V
0W
#7350000
1$
0%
1&
1'
0(
b00000000000000000000001001010001 /
b011001 0
b0000 J
b00000000000000000000000000000001 K
0P
b0000 R
#7355000
b0001 E
b0101 G
b101 H
1P
b00000000 V
1W
#7360000
1%
0&
1(
b00000000000000000000001001010010 /
b110100 0
b0110 E
b00000000000000000000000000000010 K
0P
#7365000
0;
1>
1B
1P
b0110 T
b110 U
b00000011 V
0W
#7370000
1&
0'
0(
b00000000000000000000001001010011 /
b001100 0
b00000000000000000000000000010100 6
b0110 J
b00000000000000000000000000000001 K
b00000000000000000000000001011101 M
b0110 N
0P
b0110 R
#7375000
1P
b00000010 V
#7380000
0%
1'
b00000000000000000000001001010100 /
b011001 0
b00000000000000000000000000000010 K
0P
#7385000
1P
b00000001 V
#7390000
0$
1%
b00000000000000000000001001010101 /
b011010 0
b00000000000000000000000000000011 K
0P
#7395000
b0111 E
1P
b00000000 V
1W
#7400000
0%
0'
1(
b00000000000000000000001001010110 /
b101000 0
b00000000000000000000000000000100 K
0P
#7405000
1<
0>
0B
1P
b0111 T
b00000001 V
0W
#7410000
0&
0(
b00000000000000000000001001010111 /
b000000 0
b0111 J
b00000000000000000000000000000001 K
0P
b0111 R
#7415000
b0000 E
1P
b00000000 V
1W
#7420000
1$
1%
b00000000000000000000001001011000 /
b000100 0
b00000000000000000000000000000010 K
0P
#7425000
1;
0<
1P
b0000 T
b00000001 V
0W
#7430000
0$
0%
1'
1(
b00000000000000000000001001011001 /
b110000 0
b0000 J
b00000000000000000000000000000001 K
0P
b0000 R
#7435000
b0101 E
b0110 G
b110 H
1P
b00000000 V
1W
#7440000
1%
1&
0'
0(
b00000000000000000000001001011010 /
b001010 0
b0010 E
b00000000000000000000000000000010 K
0P
#7445000
0;
1=
1P
b0010 T
b010 U
b00000010 V
0W
#7450000
0%
1'
b00000000000000000000001001011011 /
b011000 0
b00000000000000000000000000001010 2
b0010 J
b00000000000000000000000000000001 K
b00000000000000000000000001011110 M
b0010 N
0P
b0010 R
#7455000
1P
b00000001 V
#7460000
1%
1(
b00000000000000000000001001011100 /
b111010 0
b00000000000000000000000000000010 K
0P
#7465000
b0111 E
1P
b00000000 V
1W
#7470000
1$
0%
0(
b00000000000000000000001001011101 /
b011001 0
b00000000000000000000000000000011 K
0P
#7475000
1<
0=
1P
b0111 T
b00000001 V
0W
#7480000
0'
b00000000000000000000001001011110 /
b001001 0
b0111 J
b00000000000000000000000000000001 K
0P
b0111 R
#7485000
b0000 E
1P
b00000000 V
1W
#7490000
0&
1'
1(
b00000000000000000000001001011111 /
b110001 0
b00000000000000000000000000000010 K
0P
#7495000
1;
0<
1P
b0000 T
b00000001 V
0W
#7500000
1%
0'
0(
b00000000000000000000001001100000 /
b000100 0
b0000 J
b00000000000000000000000000000001 K
0P
b0000 R
#7505000
b0011 E
b0010 G
b010 H
1P
b00000000 V
1W
#7510000
0$
0%
1(
b00000000000000000000001001100001 /
b100000 0
b0110 E
b00000000000000000000000000000010 K
0P
#7515000
0;
1>
1B
1P
b0110 T
b110 U
b00000011 V
0W
#7520000
1$
1%
1&
1'
0(
b00000000000000000000001001100010 /
b011100 0
b00000000000000000000000000010101 6
b0110 J
b00000000000000000000000000000001 K
b00000000000000000000000001011111 M
b0110 N
0P
b0110 R
#7525000
1P
b00000010 V
#7530000
0$
0%
0&
b00000000000000000000001001100011 /
b010000 0
b00000000000000000000000000000010 K
0P
#7535000
1P
b00000001 V
#7540000
1%
1&
b00000000000000000000001001100100 /
b011010 0
b00000000000000000000000000000011 K
0P
#7545000
b0111 E
1P
b00000000 V
1W
#7550000
0%
0&
b00000000000000000000001001100101 /
b010000 0
b00000000000000000000000000000100 K
0P
#7555000
1<
0>
0B
1P
b0111 T
b00000001 V
0W
#7560000
1(
b00000000000000000000001001100110 /
b110000 0
b0111 J
b00000000000000000000000000000001 K
0P
b0111 R
#7565000
b0000 E
1P
b00000000 V
1W
#7570000
0'
b00000000000000000000001001100111 /
b100000 0
b00000000000000000000000000000010 K
0P
#7575000
1;
0<
1P
b0000 T
b00000001 V
0W
#7580000
1&
0(
b00000000000000000000001001101000 /
b001000 0
b0000 J
b00000000000000000000000000000001 K
0P
b0000 R
#7585000
b0100 E
b0110 G
b110 H
1P
b00000000 V
1W
#7590000
1$
1%
0&
b00000000000000000000001001101001 /
b000100 0
b0011 E
b00000000000000000000000000000010 K
0P
#7595000
07
19
0;
1=
1P
b0011 T
b011 U
b00000010 V
0W
#7600000
0$
0%
1&
1(
b00000000000000000000001001101010 /
b101000 0
b00000000000000000000000000001011 3
b0011 J
b00000000000000000000000000000001 K
b00000000000000000000000001100000 M
b0011 N
0P
b0011 R
#7605000
1P
b00000001 V
#7610000
1$
b00000000000000000000001001101011 /
b101001 0
b00000000000000000000000000000010 K
0P
#7615000
b0111 E
1P
b00000000 V
1W
#7620000
0$
1'
0(
b00000000000000000000001001101100 /
b011000 0
b00000000000000000000000000000011 K
0P
#7625000
18
09
1<
0=
1P
b0111 T
b00000001 V
0W
#7630000
1%
0&
1(
b00000000000000000000001001101101 /
b110010 0
b0111 J
b00000000000000000000000000000001 K
0P
b0111 R
#7635000
b0000 E
1P
b00000000 V
1W
#7640000
1$
0(
b00000000000000000000001001101110 /
b010100 0
b00000000000000000000000000000010 K
0P
#7645000
17
08
1;
0<
1P
b0000 T
b00000001 V
0W
#7650000
0$
0%
1&
0'
b00000000000000000000001001101111 /
b001000 0
b0000 J
b00000000000000000000000000000001 K
0P
b0000 R
#7655000
b0100 E
b0011 G
b011 H
1P
b00000000 V
1W
#7660000
1$
1(
b00000000000000000000001001110000 /
b101001 0
b00000000000000000000000000000010 K
0P
#7665000
0?
1A
1C
1P
b0100 T
b100 U
b00000100 V
0W
#7670000
0&
1'
0(
b00000000000000000000001001110001 /
b010001 0
b00000000000000000000000000011000 4
b0100 J
b00000000000000000000000000000001 K
b00000000000000000000000001100001 M
b0100 N
0P
b0100 R
#7675000
1P
b00000011 V
#7680000
0$
1%
1(
b00000000000000000000001001110010 /
b110010 0
b00000000000000000000000000000010 K
0P
#7685000
1P
b00000010 V
#7690000
0%
1&
0(
b00000000000000000000001001110011 /
b011000 0
b00000000000000000000000000000011 K
0P
#7695000
1P
b00000001 V
#7700000
0&
0'
1(
b00000000000000000000001001110100 /
b100000 0
b00000000000000000000000000000100 K
0P
#7705000
b0111 E
1P
b00000000 V
1W
#7710000
1$
1'
0(
b00000000000000000000001001110101 /
b010001 0
b00000000000000000000000000000101 K
0P
#7715000
1@
0A
0C
1P
b0111 T
b00000001 V
0W
#7720000
0$
1%
b00000000000000000000001001110110 /
b010010 0
b0111 J
b00000000000000000000000000000001 K
0P
b0111 R
#7725000
b0000 E
1P
b00000000 V
1W
#7730000
1$
1&
0'
b00000000000000000000001001110111 /
b001100 0
b00000000000000000000000000000010 K
0P
#7735000
1?
0@
1P
b0000 T
b00000001 V
0W
#7740000
1'
1(
b00000000000000000000001001111000 /
b111100 0
b0000 J
b00000000000000000000000000000001 K
0P
b0000 R
#7745000
b0101 E
b0100 G
b100 H
1P
b00000000 V
1W
#7750000
0%
0'
0(
b00000000000000000000001001111001 /
b001001 0
b0001 E
b00000000000000000000000000000010 K
0P
#7755000
07
19
1P
b0001 T
b001 U
b00000010 V
0W
#7760000
0$
0&
b00000000000000000000001001111010 /
b000000 0
b00000000000000000000000000001011 1
b0001 J
b00000000000000000000000000000001 K
b00000000000000000000000001100010 M
b0001 N
0P
b0001 R
#7765000
1P
b00000001 V
#7770000
1$
1&
1'
1(
b00000000000000000000001001111011 /
b111001 0
b00000000000000000000000000000010 K
0P
#7775000
b0111 E
1P
b00000000 V
1W
#7780000
0$
1%
0&
0'
b00000000000000000000001001111100 /
b100010 0
b00000000000000000000000000000011 K
0P
#7785000
18
09
1P
b0111 T
b00000001 V
0W
#7790000
0%
1&
1'
b00000000000000000000001001111101 /
b111000 0
b0111 J
b00000000000000000000000000000001 K
0P
b0111 R
#7795000
b0000 E
1P
b00000000 V
1W
#7800000
1$
0&
b00000000000000000000001001111110 /
b110001 0
b00000000000000000000000000000010 K
0P
#7805000
17
08
1P
b0000 T
b00000001 V
0W
#7810000
1&
0(
b00000000000000000000001001111111 /
b011001 0
b0000 J
b00000000000000000000000000000001 K
0P
b0000 R
#7815000
b0100 E
b0001 G
b001 H
1P
b00000000 V
1W
#7820000
0$
1%
0'
1(
b00000000000000000000001010000000 /
b101010 0
b0010 E
b00000000000000000000000000000010 K
0P
#7825000
0;
1=
1P
b0010 T
b010 U
b00000010 V
0W
#7830000
0&
1'
b00000000000000000000001010000001 /
b110010 0
b00000000000000000000000000001011 2
b0010 J
b00000000000000000000000000000001 K
b00000000000000000000000001100011 M
b0010 N
0P
b0010 R
#7835000
1P
b00000001 V
#7840000
0%
b00000000000000000000001010000010 /
b110000 0
b00000000000000000000000000000010 K
0P
#7845000
b0111 E
1P
b00000000 V
1W
#7850000
0(
b00000000000000000000001010000011 /
b010000 0
b00000000000000000000000000000011 K
0P
#7855000
1<
0=
1P
b0111 T
b00000001 V
0W
#7860000
1$
1(
b00000000000000000000001010000100 /
b110001 0
b0111 J
b00000000000000000000000000000001 K
0P
b0111 R
#7865000
b0000 E
1P
b00000000 V
1W
#7870000
1%
b00000000000000000000001010000101 /
b110100 0
b00000000000000000000000000000010 K
0P
#7875000
1;
0<
1P
b0000 T
b00000001 V
0W
#7880000
0$
0%
1&
0'
b00000000000000000000001010000110 /
b101000 0
b0000 J
b00000000000000000000000000000001 K
0P
b0000 R
#7885000
b0100 E
b0010 G
b010 H
1P
b00000000 V
1W
#7890000
1$
1%
0&
1'
b00000000000000000000001010000111 /
b110100 0
b0011 E
b00000000000000000000000000000010 K
0P
#7895000
07
19
0;
1=
1P
b0011 T
b011 U
b00000010 V
0W
#7900000
0$
1&
0(
b00000000000000000000001010001000 /
b011010 0
b00000000000000000000000000001100 3
b0011 J
b00000000000000000000000000000001 K
b00000000000000000000000001100100 M
b0011 N
0P
b0011 R
#7905000
1P
b00000001 V
#7910000
0'
1(
b00000000000000000000001010001001 /
b101010 0
b00000000000000000000000000000010 K
0P
#7915000
b0111 E
1P
b00000000 V
1W
#7920000
1$
0%
0&
b00000000000000000000001010001010 /
b100001 0
b00000000000000000000000000000011 K
0P
#7925000
18
09
1<
0=
1P
b0111 T
b00000001 V
0W
#7930000
1%
1'
b00000000000000000000001010001011 /
b110100 0
b0111 J
b00000000000000000000000000000001 K
0P
b0111 R
#7935000
b0000 E
1P
b00000000 V
1W
#7940000
0$
b00000000000000000000001010001100 /
b110010 0
b00000000000000000000000000000010 K
0P
#7945000
17
08
1;
0<
1P
b0000 T
b00000001 V
0W
#7950000
1$
1&
0'
b00000000000000000000001010001101 /
b101100 0
b0000 J
b00000000000000000000000000000001 K
0P
b0000 R
#7955000
b0100 E
b0011 G
b011 H
1P
b00000000 V
1W
#7960000
0%
1'
0(
b00000000000000000000001010001110 /
b011001 0
b00000000000000000000000000000010 K
0P
#7965000
0?
1A
1C
1P
b0100 T
b100 U
b00000100 V
0W
#7970000
0$
1%
0&
b00000000000000000000001010001111 /
b010010 0
b00000000000000000000000000011001 4
b0100 J
b00000000000000000000000000000001 K
b00000000000000000000000001100101 M
b0100 N
0P
b0100 R
#7975000
1P
b00000011 V
#7980000
1$
0%
b00000000000000000000001010010000 /
b010001 0
b00000000000000000000000000000010 K
0P
#7985000
1P
b00000010 V
#7990000
1%
1&
1(
b00000000000000000000001010010001 /
b111100 0
b00000000000000000000000000000011 K
0P
#7995000
1P
b00000001 V
#8000000
0%
0(
b00000000000000000000001010010010 /
b011001 0
b00000000000000000000000000000100 K
0P
#8005000
b0111 E
1P
b00000000 V
1W
#8010000
0$
0&
0'
b00000000000000000000001010010011 /
b000000 0
b00000000000000000000000000000101 K
0P
#8015000
1@
0A
0C
1P
b0111 T
b00000001 V
0W
#8020000
1$
1&
b00000000000000000000001010010100 /
b001001 0
b0111 J
b00000000000000000000000000000001 K
0P
b0111 R
#8025000
b0000 E
1P
b00000000 V
1W
#8030000
0$
1%
b00000000000000000000001010010101 /
b001010 0
b00000000000000000000000000000010 K
0P
#8035000
1?
0@
1P
b0000 T
b00000001 V
0W
#8040000
0&
1'
1(
b00000000000000000000001010010110 /
b110010 0
b0000 J
b00000000000000000000000000000001 K
0P
b0000 R
#8045000
b0101 E
b0100 G
b100 H
1P
b00000000 V
1W
#8050000
1$
0%
1&
b00000000000000000000001010010111 /
b111001 0
b00000000000000000000000000000010 K
0P
#8055000
07
1:
1P
b0101 T
b101 U
b00000011 V
0W
#8060000
1%
0&
0(
b00000000000000000000001010011000 /
b010100 0
b00000000000000000000000000010110 5
b0101 J
b00000000000000000000000000000001 K
b00000000000000000000000001100110 M
b0101 N
0P
b0101 R
#8065000
1P
b00000010 V
#8070000
1(
b00000000000000000000001010011001 /
b110100 0
b00000000000000000000000000000010 K
0P
#8075000
1P
b00000001 V
#8080000
0$
b00000000000000000000001010011010 /
b110010 0
b00000000000000000000000000000011 K
0P
#8085000
b0111 E
1P
b00000000 V
1W
#8090000
1$
1&
0'
b00000000000000000000001010011011 /
b101100 0
b00000000000000000000000000000100 K
0P
#8095000
18
0:
1P
b0111 T
b00000001 V
0W
#8100000
0%
b00000000000000000000001010011100 /
b101001 0
b0111 J
b00000000000000000000000000000001 K
0P
b0111 R
#8105000
b0000 E
1P
b00000000 V
1W
#8110000
1%
0&
b00000000000000000000001010011101 /
b100100 0
b00000000000000000000000000000010 K
0P
#8115000
17
08
1P
b0000 T
b00000001 V
0W
#8120000
0%
b00000000000000000000001010011110 /
b100001 0
b0000 J
b00000000000000000000000000000001 K
0P
b0000 R
#8125000
b0110 E
b0101 G
b101 H
1P
b00000000 V
1W
#8130000
0$
1%
1&
b00000000000000000000001010011111 /
b101010 0
b00000000000000000000000000000010 K
0P
#8135000
0;
1>
1B
1P
b0110 T
b110 U
b00000011 V
0W
#8140000
1$
0%
1'
0(
b00000000000000000000001010100000 /
b011001 0
b00000000000000000000000000010110 6
b0110 J
b00000000000000000000000000000001 K
b00000000000000000000000001100111 M
b0110 N
0P
b0110 R
#8145000
1P
b00000010 V
#8150000
0$
0&
0'
1(
b00000000000000000000001010100001 /
b100000 0
b00000000000000000000000000000010 K
0P
#8155000
1P
b00000001 V
#8160000
1%
1'
b00000000000000000000001010100010 /
b110010 0
b00000000000000000000000000000011 K
0P
#8165000
b0111 E
1P
b00000000 V
1W
#8170000
1&
0'
b00000000000000000000001010100011 /
b101010 0
b00000000000000000000000000000100 K
0P
#8175000
1<
0>
0B
1P
b0111 T
b00000001 V
0W
#8180000
1$
0%
0(
b00000000000000000000001010100100 /
b001001 0
b0111 J
b00000000000000000000000000000001 K
0P
b0111 R
#8185000
b0000 E
1P
b00000000 V
1W
#8190000
1%
0&
1'
1(
b00000000000000000000001010100101 /
b110100 0
b00000000000000000000000000000010 K
0P
#8195000
1;
0<
1P
b0000 T
b00000001 V
0W
#8200000
0(
b00000000000000000000001010100110 /
b010100 0
b0000 J
b00000000000000000000000000000001 K
0P
b0000 R
#8205000
b0011 E
b0110 G
b110 H
1P
b00000000 V
1W
#8210000
0$
1(
b00000000000000000000001010100111 /
b110010 0
b0010 E
b00000000000000000000000000000010 K
0P
#8215000
0;
1=
1P
b0010 T
b010 U
b00000010 V
0W
#8220000
1$
0%
1&
0(
b00000000000000000000001010101000 /
b011001 0
b00000000000000000000000000001100 2
b0010 J
b00000000000000000000000000000001 K
b00000000000000000000000001101000 M
b0010 N
0P
b0010 R
#8225000
1P
b00000001 V
#8230000
0$
0'
1(
b00000000000000000000001010101001 /
b101000 0
b00000000000000000000000000000010 K
0P
#8235000
b0111 E
1P
b00000000 V
1W
#8240000
1$
1%
1'
0(
b00000000000000000000001010101010 /
b011100 0
b00000000000000000000000000000011 K
0P
#8245000
1<
0=
1P
b0111 T
b00000001 V
0W
#8250000
0%
b00000000000000000000001010101011 /
b011001 0
b0111 J
b00000000000000000000000000000001 K
0P
b0111 R
#8255000
b0000 E
1P
b00000000 V
1W
#8260000
0&
1(
b00000000000000000000001010101100 /
b110001 0
b00000000000000000000000000000010 K
0P
#8265000
1;
0<
1P
b0000 T
b00000001 V
0W
#8270000
b00000000000000000000001010101101 /
b0000 J
b00000000000000000000000000000001 K
0P
b0000 R
#8275000
b0101 E
b0010 G
b010 H
1P
b00000000 V
1W
#8280000
0$
1%
0'
0(
b00000000000000000000001010101110 /
b000010 0
b0010 E
b00000000000000000000000000000010 K
0P
#8285000
0;
1=
1P
b0010 T
b00000010 V
0W
#8290000
1$
0%
b00000000000000000000001010101111 /
b000001 0
b00000000000000000000000000001101 2
b0010 J
b00000000000000000000000000000001 K
b00000000000000000000000001101001 M
0P
b0010 R
#8295000
1P
b00000001 V
#8300000
0$
1%
1'
b00000000000000000000001010110000 /
b010010 0
b00000000000000000000000000000010 K
0P
#8305000
b0111 E
1P
b00000000 V
1W
#8310000
b00000000000000000000001010110001 /
b00000000000000000000000000000011 K
0P
#8315000
1<
0=
1P
b0111 T
b00000001 V
0W
#8320000
0%
1&
1(
b00000000000000000000001010110010 /
b111000 0
b0111 J
b00000000000000000000000000000001 K
0P
b0111 R
#8325000
b0000 E
1P
b00000000 V
1W
#8330000
1$
1%
0'
0(
b00000000000000000000001010110011 /
b001100 0
b00000000000000000000000000000010 K
0P
#8335000
1;
0<
1P
b0000 T
b00000001 V
0W
#8340000
0%
b00000000000000000000001010110100 /
b001001 0
b0000 J
b00000000000000000000000000000001 K
0P
b0000 R
#8345000
b0100 E
1P
b00000000 V
1W
#8350000
0$
1%
0&
b00000000000000000000001010110101 /
b000010 0
b0010 E
b00000000000000000000000000000010 K
0P
#8355000
0;
1=
1P
b0010 T
b00000010 V
0W
#8360000
1'
b00000000000000000000001010110110 /
b010010 0
b00000000000000000000000000001110 2
b0010 J
b00000000000000000000000000000001 K
b00000000000000000000000001101010 M
0P
b0010 R
#8365000
1P
b00000001 V
#8370000
1&
0'
b00000000000000000000001010110111 /
b001010 0
b00000000000000000000000000000010 K
0P
#8375000
b0111 E
1P
b00000000 V
1W
#8380000
1$
0%
1(
b00000000000000000000001010111000 /
b101001 0
b00000000000000000000000000000011 K
0P
#8385000
1<
0=
1P
b0111 T
b00000001 V
0W
#8390000
1%
1'
b00000000000000000000001010111001 /
b111100 0
b0111 J
b00000000000000000000000000000001 K
0P
b0111 R
#8395000
b0000 E
1P
b00000000 V
1W
#8400000
0%
b00000000000000000000001010111010 /
b111001 0
b00000000000000000000000000000010 K
0P
#8405000
1;
0<
1P
b0000 T
b00000001 V
0W
#8410000
1%
0&
0'
0(
b00000000000000000000001010111011 /
b000100 0
b0000 J
b00000000000000000000000000000001 K
0P
b0000 R
#8415000
b0011 E
1P
b00000000 V
1W
#8420000
0%
1'
b00000000000000000000001010111100 /
b010001 0
b0101 E
b00000000000000000000000000000010 K
0P
#8425000
07
1:
1P
b0101 T
b101 U
b00000011 V
0W
#8430000
0$
1%
b00000000000000000000001010111101 /
b010010 0
b00000000000000000000000000010111 5
b0101 J
b00000000000000000000000000000001 K
b00000000000000000000000001101011 M
b0101 N
0P
b0101 R
#8435000
1P
b00000010 V
#8440000
0%
1&
0'
1(
b00000000000000000000001010111110 /
b101000 0
b00000000000000000000000000000010 K
0P
#8445000
1P
b00000001 V
#8450000
1%
b00000000000000000000001010111111 /
b101010 0
b00000000000000000000000000000011 K
0P
#8455000
b0111 E
1P
b00000000 V
1W
#8460000
0(
b00000000000000000000001011000000 /
b001010 0
b00000000000000000000000000000100 K
0P
#8465000
18
0:
1P
b0111 T
b00000001 V
0W
#8470000
0%
0&
1(
b00000000000000000000001011000001 /
b100000 0
b0111 J
b00000000000000000000000000000001 K
0P
b0111 R
#8475000
b0000 E
1P
b00000000 V
1W
#8480000
1%
1&
1'
0(
b00000000000000000000001011000010 /
b011010 0
b00000000000000000000000000000010 K
0P
#8485000
17
08
1P
b0000 T
b00000001 V
0W
#8490000
1$
b00000000000000000000001011000011 /
b011100 0
b0000 J
b00000000000000000000000000000001 K
0P
b0000 R
#8495000
b0011 E
b0101 G
b101 H
1P
b00000000 V
1W
#8500000
0%
1(
b00000000000000000000001011000100 /
b111001 0
b0110 E
b00000000000000000000000000000010 K
0P
#8505000
0;
1>
1B
1P
b0110 T
b110 U
b00000011 V
0W
#8510000
1%
0&
0(
b00000000000000000000001011000101 /
b010100 0
b00000000000000000000000000010111 6
b0110 J
b00000000000000000000000000000001 K
b00000000000000000000000001101100 M
b0110 N
0P
b0110 R
#8515000
1P
b00000010 V
#8520000
0$
0%
0'
1(
b00000000000000000000001011000110 /
b100000 0
b00000000000000000000000000000010 K
0P
#8525000
1P
b00000001 V
#8530000
1$
1&
0(
b00000000000000000000001011000111 /
b001001 0
b00000000000000000000000000000011 K
0P
#8535000
b0111 E
1P
b00000000 V
1W
#8540000
1%
0&
1(
b00000000000000000000001011001000 /
b100100 0
b00000000000000000000000000000100 K
0P
#8545000
1<
0>
0B
1P
b0111 T
b00000001 V
0W
#8550000
1&
1'
0(
b00000000000000000000001011001001 /
b011100 0
b0111 J
b00000000000000000000000000000001 K
0P
b0111 R
#8555000
b0000 E
1P
b00000000 V
1W
#8560000
0$
0&
0'
b00000000000000000000001011001010 /
b000010 0
b00000000000000000000000000000010 K
0P
#8565000
1;
0<
1P
b0000 T
b00000001 V
0W
#8570000
0%
1&
1(
b00000000000000000000001011001011 /
b101000 0
b0000 J
b00000000000000000000000000000001 K
0P
b0000 R
#8575000
b0100 E
b0110 G
b110 H
1P
b00000000 V
1W
#8580000
1$
0&
1'
0(
b00000000000000000000001011001100 /
b010001 0
b0001 E
b00000000000000000000000000000010 K
0P
#8585000
07
19
1P
b0001 T
b001 U
b00000010 V
0W
#8590000
1&
0'
1(
b00000000000000000000001011001101 /
b101001 0
b00000000000000000000000000001100 1
b0001 J
b00000000000000000000000000000001 K
b00000000000000000000000001101101 M
b0001 N
0P
b0001 R
#8595000
1P
b00000001 V
#8600000
0$
1'
0(
b00000000000000000000001011001110 /
b011000 0
b00000000000000000000000000000010 K
0P
#8605000
b0111 E
1P
b00000000 V
1W
#8610000
1$
1%
0&
1(
b00000000000000000000001011001111 /
b110100 0
b00000000000000000000000000000011 K
0P
#8615000
18
09
1P
b0111 T
b00000001 V
0W
#8620000
1&
0'
b00000000000000000000001011010000 /
b101100 0
b0111 J
b00000000000000000000000000000001 K
0P
b0111 R
#8625000
b0000 E
1P
b00000000 V
1W
#8630000
0&
0(
b00000000000000000000001011010001 /
b000100 0
b00000000000000000000000000000010 K
0P
#8635000
17
08
1P
b0000 T
b00000001 V
0W
#8640000
0%
1&
1(
b00000000000000000000001011010010 /
b101001 0
b0000 J
b00000000000000000000000000000001 K
0P
b0000 R
#8645000
b0100 E
b0001 G
b001 H
1P
b00000000 V
1W
#8650000
1%
0&
1'
b00000000000000000000001011010011 /
b110100 0
b0011 E
b00000000000000000000000000000010 K
0P
#8655000
07
19
0;
1=
1P
b0011 T
b011 U
b00000010 V
0W
#8660000
0%
b00000000000000000000001011010100 /
b110001 0
b00000000000000000000000000001101 3
b0011 J
b00000000000000000000000000000001 K
b00000000000000000000000001101110 M
b0011 N
0P
b0011 R
#8665000
1P
b00000001 V
#8670000
1&
0'
b00000000000000000000001011010101 /
b101001 0
b00000000000000000000000000000010 K
0P
#8675000
b0111 E
1P
b00000000 V
1W
#8680000
0$
1%
1'
0(
b00000000000000000000001011010110 /
b011010 0
b00000000000000000000000000000011 K
0P
#8685000
18
09
1<
0=
1P
b0111 T
b00000001 V
0W
#8690000
0&
b00000000000000000000001011010111 /
b010010 0
b0111 J
b00000000000000000000000000000001 K
0P
b0111 R
#8695000
b0000 E
1P
b00000000 V
1W
#8700000
b00000000000000000000001011011000 /
b00000000000000000000000000000010 K
0P
#8705000
17
08
1;
0<
1P
b0000 T
b00000001 V
0W
#8710000
0%
1&
0'
b00000000000000000000001011011001 /
b001000 0
b0000 J
b00000000000000000000000000000001 K
0P
b0000 R
#8715000
b0100 E
b0011 G
b011 H
1P
b00000000 V
1W
#8720000
1%
0&
1'
b00000000000000000000001011011010 /
b010010 0
b0101 E
b00000000000000000000000000000010 K
0P
#8725000
07
1:
1P
b0101 T
b101 U
b00000011 V
0W
#8730000
1$
0%
0'
b00000000000000000000001011011011 /
b000001 0
b00000000000000000000000000011000 5
b0101 J
b00000000000000000000000000000001 K
b00000000000000000000000001101111 M
b0101 N
0P
b0101 R
#8735000
1P
b00000010 V
#8740000
0$
1&
1(
b00000000000000000000001011011100 /
b101000 0
b00000000000000000000000000000010 K
0P
#8745000
1P
b00000001 V
#8750000
1$
0&
b00000000000000000000001011011101 /
b100001 0
b00000000000000000000000000000011 K
0P
#8755000
b0111 E
1P
b00000000 V
1W
#8760000
0$
1&
0(
b00000000000000000000001011011110 /
b001000 0
b00000000000000000000000000000100 K
0P
#8765000
18
0:
1P
b0111 T
b00000001 V
0W
#8770000
1%
1'
b00000000000000000000001011011111 /
b011010 0
b0111 J
b00000000000000000000000000000001 K
0P
b0111 R
#8775000
b0000 E
1P
b00000000 V
1W
#8780000
0%
0'
1(
b00000000000000000000001011100000 /
b101000 0
b00000000000000000000000000000010 K
0P
#8785000
17
08
1P
b0000 T
b00000001 V
0W
#8790000
1$
1%
0&
1'
0(
b00000000000000000000001011100001 /
b010100 0
b0000 J
b00000000000000000000000000000001 K
0P
b0000 R
#8795000
b0011 E
b0101 G
b101 H
1P
b00000000 V
1W
#8800000
0$
0'
b00000000000000000000001011100010 /
b000010 0
b0010 E
b00000000000000000000000000000010 K
0P
#8805000
0;
1=
1P
b0010 T
b010 U
b00000010 V
0W
#8810000
1$
0%
b00000000000000000000001011100011 /
b000001 0
b00000000000000000000000000001111 2
b0010 J
b00000000000000000000000000000001 K
b00000000000000000000000001110000 M
b0010 N
0P
b0010 R
#8815000
1P
b00000001 V
#8820000
0$
1(
b00000000000000000000001011100100 /
b100000 0
b00000000000000000000000000000010 K
0P
#8825000
b0111 E
1P
b00000000 V
1W
#8830000
1%
1&
b00000000000000000000001011100101 /
b101010 0
b00000000000000000000000000000011 K
0P
#8835000
1<
0=
1P
b0111 T
b00000001 V
0W
#8840000
b00000000000000000000001011100110 /
b0111 J
b00000000000000000000000000000001 K
0P
b0111 R
#8845000
b0000 E
1P
b00000000 V
1W
#8850000
0(
b00000000000000000000001011100111 /
b001010 0
b00000000000000000000000000000010 K
0P
#8855000
1;
0<
1P
b0000 T
b00000001 V
0W
#8860000
1$
0&
1'
1(
b00000000000000000000001011101000 /
b110100 0
b0000 J
b00000000000000000000000000000001 K
0P
b0000 R
#8865000
b0011 E
b0010 G
b010 H
1P
b00000000 V
1W
#8870000
0$
0(
b00000000000000000000001011101001 /
b010010 0
b0101 E
b00000000000000000000000000000010 K
0P
#8875000
07
1:
1P
b0101 T
b101 U
b00000011 V
0W
#8880000
1$
0%
1(
b00000000000000000000001011101010 /
b110001 0
b00000000000000000000000000011001 5
b0101 J
b00000000000000000000000000000001 K
b00000000000000000000000001110001 M
b0101 N
0P
b0101 R
#8885000
1P
b00000010 V
#8890000
1&
0(
b00000000000000000000001011101011 /
b011001 0
b00000000000000000000000000000010 K
0P
#8895000
1P
b00000001 V
#8900000
1%
0&
b00000000000000000000001011101100 /
b010100 0
b00000000000000000000000000000011 K
0P
#8905000
b0111 E
1P
b00000000 V
1W
#8910000
0$
0%
1&
b00000000000000000000001011101101 /
b011000 0
b00000000000000000000000000000100 K
0P
#8915000
18
0:
1P
b0111 T
b00000001 V
0W
#8920000
1$
1%
0&
0'
1(
b00000000000000000000001011101110 /
b100100 0
b0111 J
b00000000000000000000000000000001 K
0P
b0111 R
#8925000
b0000 E
1P
b00000000 V
1W
#8930000
0$
1&
b00000000000000000000001011101111 /
b101010 0
b00000000000000000000000000000010 K
0P
#8935000
17
08
1P
b0000 T
b00000001 V
0W
#8940000
0&
0(
b00000000000000000000001011110000 /
b000010 0
b0000 J
b00000000000000000000000000000001 K
0P
b0000 R
#8945000
b0010 E
b0101 G
b101 H
1P
b00000000 V
1W
#8950000
1$
0%
1&
b00000000000000000000001011110001 /
b001001 0
b0001 E
b00000000000000000000000000000010 K
0P
#8955000
07
19
1P
b0001 T
b001 U
b00000010 V
0W
#8960000
1(
b00000000000000000000001011110010 /
b101001 0
b00000000000000000000000000001101 1
b0001 J
b00000000000000000000000000000001 K
b00000000000000000000000001110010 M
b0001 N
0P
b0001 R
#8965000
1P
b00000001 V
#8970000
0$
0&
1'
b00000000000000000000001011110011 /
b110000 0
b00000000000000000000000000000010 K
0P
#8975000
b0111 E
1P
b00000000 V
1W
#8980000
1$
1%
0(
b00000000000000000000001011110100 /
b010100 0
b00000000000000000000000000000011 K
0P
#8985000
18
09
1P
b0111 T
b00000001 V
0W
#8990000
b00000000000000000000001011110101 /
b0111 J
b00000000000000000000000000000001 K
0P
b0111 R
#8995000
b0000 E
1P
b00000000 V
1W
#9000000
0$
0%
1&
1(
b00000000000000000000001011110110 /
b111000 0
b00000000000000000000000000000010 K
0P
#9005000
17
08
1P
b0000 T
b00000001 V
0W
#9010000
1%
0&
b00000000000000000000001011110111 /
b110010 0
b0000 J
b00000000000000000000000000000001 K
0P
b0000 R
#9015000
b0010 E
b0001 G
b001 H
1P
b00000000 V
1W
#9020000
0%
0'
b00000000000000000000001011111000 /
b100000 0
b0110 E
b00000000000000000000000000000010 K
0P
#9025000
0;
1>
1B
1P
b0110 T
b110 U
b00000011 V
0W
#9030000
1%
1'
0(
b00000000000000000000001011111001 /
b010010 0
b00000000000000000000000000011000 6
b0110 J
b00000000000000000000000000000001 K
b00000000000000000000000001110011 M
b0110 N
0P
b0110 R
#9035000
1P
b00000010 V
#9040000
1$
0%
1&
1(
b00000000000000000000001011111010 /
b111001 0
b00000000000000000000000000000010 K
0P
#9045000
1P
b00000001 V
#9050000
0&
b00000000000000000000001011111011 /
b110001 0
b00000000000000000000000000000011 K
0P
#9055000
b0111 E
1P
b00000000 V
1W
#9060000
1&
b00000000000000000000001011111100 /
b111001 0
b00000000000000000000000000000100 K
0P
#9065000
1<
0>
0B
1P
b0111 T
b00000001 V
0W
#9070000
0&
b00000000000000000000001011111101 /
b110001 0
b0111 J
b00000000000000000000000000000001 K
0P
b0111 R
#9075000
b0000 E
1P
b00000000 V
1W
#9080000
0$
1%
0(
b00000000000000000000001011111110 /
b010010 0
b00000000000000000000000000000010 K
0P
#9085000
1;
0<
1P
b0000 T
b00000001 V
0W
#9090000
0%
0'
b00000000000000000000001011111111 /
b000000 0
b0000 J
b00000000000000000000000000000001 K
0P
b0000 R
#9095000
b0001 E
b0110 G
b110 H
0I
1P
b00000000 V
1W
#9100000
1$
1&
b00000000000000000000001100000000 /
b001001 0
1I
b00000000000000000000000000000010 K
0P
#9105000
07
19
1P
b0001 T
b001 U
b00000010 V
0W
#9110000
0$
1(
b00000000000000000000001100000001 /
b101000 0
b00000000000000000000000000001110 1
b0001 J
b00000000000000000000000000000001 K
b00000000000000000000000001110100 M
b0001 N
0P
b0001 R
#9115000
1P
b00000001 V
#9120000
0&
1'
b00000000000000000000001100000010 /
b110000 0
b00000000000000000000000000000010 K
0P
#9125000
b0111 E
1P
b00000000 V
1W
#9130000
1&
0'
0(
b00000000000000000000001100000011 /
b001000 0
b00000000000000000000000000000011 K
0P
#9135000
18
09
1P
b0111 T
b00000001 V
0W
#9140000
1$
1%
0&
1(
b00000000000000000000001100000100 /
b100100 0
b0111 J
b00000000000000000000000000000001 K
0P
b0111 R
#9145000
b0000 E
1P
b00000000 V
1W
#9150000
0$
1&
0(
b00000000000000000000001100000101 /
b001010 0
b00000000000000000000000000000010 K
0P
#9155000
17
08
1P
b0000 T
b00000001 V
0W
#9160000
1$
0&
b00000000000000000000001100000110 /
b000100 0
b0000 J
b00000000000000000000000000000001 K
0P
b0000 R
#9165000
b0011 E
b0001 G
b001 H
1P
b00000000 V
1W
#9170000
0$
0%
1'
1(
b00000000000000000000001100000111 /
b110000 0
b0101 E
b00000000000000000000000000000010 K
0P
#9175000
07
1:
1P
b0101 T
b101 U
b00000011 V
0W
#9180000
0'
0(
b00000000000000000000001100001000 /
b000000 0
b00000000000000000000000000011010 5
b0101 J
b00000000000000000000000000000001 K
b00000000000000000000000001110101 M
b0101 N
0P
b0101 R
#9185000
1P
b00000010 V
#9190000
1%
1'
0)
b00000000000000000000001100001001 /
b010010 0
b00000000000000000000000000000010 K
0P
#9195000
1P
b00000001 V
#9200000
0%
1&
0'
b00000000000000000000001100001010 /
b001000 0
b00000000000000000000000000000011 K
0P
#9205000
b0111 E
1P
b00000000 V
1W
#9210000
1%
1'
1(
b00000000000000000000001100001011 /
b111010 0
b00000000000000000000000000000100 K
0P
#9215000
18
0:
1P
b0111 T
b00000001 V
0W
#9220000
1$
0(
b00000000000000000000001100001100 /
b011100 0
b0111 J
b00000000000000000000000000000001 K
0P
b0111 R
#9225000
b0000 E
1P
b00000000 V
1W
#9230000
0&
1(
b00000000000000000000001100001101 /
b110100 0
b00000000000000000000000000000010 K
0P
#9235000
17
08
1P
b0000 T
b00000001 V
0W
#9240000
0(
b00000000000000000000001100001110 /
b010100 0
b0000 J
b00000000000000000000000000000001 K
0P
b0000 R
#9245000
b0011 E
b0101 G
b101 H
1P
b00000000 V
1W
#9250000
0$
0'
1(
b00000000000000000000001100001111 /
b100010 0
b0110 E
b00000000000000000000000000000010 K
0P
#9255000
0;
1>
1P
b0110 T
b110 U
b00000011 V
0W
#9260000
0%
0(
b00000000000000000000001100010000 /
b000000 0
b00000000000000000000000000011001 6
b0110 J
b00000000000000000000000000000001 K
b00000000000000000000000001110110 M
b0110 N
0P
b0110 R
#9265000
1P
b00000010 V
#9270000
1$
1&
b00000000000000000000001100010001 /
b001001 0
b00000000000000000000000000000010 K
0P
#9275000
1P
b00000001 V
#9280000
0$
1%
1'
1(
b00000000000000000000001100010010 /
b111010 0
b00000000000000000000000000000011 K
0P
#9285000
b0111 E
1P
b00000000 V
1W
#9290000
1$
0&
0'
b00000000000000000000001100010011 /
b100100 0
b00000000000000000000000000000100 K
0P
#9295000
1<
0>
1P
b0111 T
b00000001 V
0W
#9300000
0$
1&
1'
0(
b00000000000000000000001100010100 /
b011010 0
b0111 J
b00000000000000000000000000000001 K
0P
b0111 R
#9305000
b0000 E
1P
b00000000 V
1W
#9310000
0&
1(
b00000000000000000000001100010101 /
b110010 0
b00000000000000000000000000000010 K
0P
#9315000
1;
0<
1P
b0000 T
b00000001 V
0W
#9320000
1$
0%
b00000000000000000000001100010110 /
b110001 0
b0000 J
b00000000000000000000000000000001 K
0P
b0000 R
#9325000
b0001 E
b0110 G
b110 H
1P
b00000000 V
1W
#9330000
0$
1%
1&
0(
b00000000000000000000001100010111 /
b011010 0
b0010 E
b00000000000000000000000000000010 K
0P
#9335000
0;
1=
1P
b0010 T
b010 U
b00000010 V
0W
#9340000
0%
0'
1(
b00000000000000000000001100011000 /
b101000 0
b00000000000000000000000000010000 2
b0010 J
b00000000000000000000000000000001 K
b00000000000000000000000001110111 M
b0010 N
0P
b0010 R
#9345000
1P
b00000001 V
#9350000
1$
0&
b00000000000000000000001100011001 /
b100001 0
b00000000000000000000000000000010 K
0P
#9355000
b0111 E
1P
b00000000 V
1W
#9360000
1%
1&
1'
0(
b00000000000000000000001100011010 /
b011100 0
b00000000000000000000000000000011 K
0P
#9365000
1<
0=
1P
b0111 T
b00000001 V
0W
#9370000
0$
0%
b00000000000000000000001100011011 /
b011000 0
b0111 J
b00000000000000000000000000000001 K
0P
b0111 R
#9375000
b0000 E
1P
b00000000 V
1W
#9380000
1%
0'
1(
b00000000000000000000001100011100 /
b101010 0
b00000000000000000000000000000010 K
0P
#9385000
1;
0<
1P
b0000 T
b00000001 V
0W
#9390000
1$
0%
1'
b00000000000000000000001100011101 /
b111001 0
b0000 J
b00000000000000000000000000000001 K
0P
b0000 R
#9395000
b0100 E
b0010 G
b010 H
1P
b00000000 V
1W
#9400000
1%
0(
b00000000000000000000001100011110 /
b011100 0
b0011 E
b00000000000000000000000000000010 K
0P
#9405000
07
19
0;
1=
1P
b0011 T
b011 U
b00000010 V
0W
#9410000
0$
0'
b00000000000000000000001100011111 /
b001010 0
b00000000000000000000000000001110 3
b0011 J
b00000000000000000000000000000001 K
b00000000000000000000000001111000 M
b0011 N
0P
b0011 R
#9415000
1P
b00000001 V
#9420000
0%
0&
b00000000000000000000001100100000 /
b000000 0
b00000000000000000000000000000010 K
0P
#9425000
b0111 E
1P
b00000000 V
1W
#9430000
1$
1'
1(
b00000000000000000000001100100001 /
b110001 0
b00000000000000000000000000000011 K
0P
#9435000
18
09
1<
0=
1P
b0111 T
b00000001 V
0W
#9440000
0$
1&
0'
0(
b00000000000000000000001100100010 /
b001000 0
b0111 J
b00000000000000000000000000000001 K
0P
b0111 R
#9445000
b0000 E
1P
b00000000 V
1W
#9450000
1'
b00000000000000000000001100100011 /
b011000 0
b00000000000000000000000000000010 K
0P
#9455000
17
08
1;
0<
1P
b0000 T
b00000001 V
0W
#9460000
0'
b00000000000000000000001100100100 /
b001000 0
b0000 J
b00000000000000000000000000000001 K
0P
b0000 R
#9465000
b0100 E
b0011 G
b011 H
1P
b00000000 V
1W
#9470000
1$
1'
1(
b00000000000000000000001100100101 /
b111001 0
b00000000000000000000000000000010 K
0P
#9475000
0?
1A
1P
b0100 T
b100 U
b00000100 V
0W
#9480000
1%
0(
b00000000000000000000001100100110 /
b011100 0
b00000000000000000000000000011010 4
b0100 J
b00000000000000000000000000000001 K
b00000000000000000000000001111001 M
b0100 N
0P
b0100 R
#9485000
1P
b00000011 V
#9490000
0%
0&
1(
b00000000000000000000001100100111 /
b110001 0
b00000000000000000000000000000010 K
0P
#9495000
1P
b00000010 V
#9500000
0$
1%
b00000000000000000000001100101000 /
b110010 0
b00000000000000000000000000000011 K
0P
#9505000
1P
b00000001 V
#9510000
1$
0%
0'
b00000000000000000000001100101001 /
b100001 0
b00000000000000000000000000000100 K
0P
#9515000
b0111 E
1P
b00000000 V
1W
#9520000
0$
1'
0(
b00000000000000000000001100101010 /
b010000 0
b00000000000000000000000000000101 K
0P
#9525000
1@
0A
1P
b0111 T
b00000001 V
0W
#9530000
1$
1%
0'
b00000000000000000000001100101011 /
b000100 0
b0111 J
b00000000000000000000000000000001 K
0P
b0111 R
#9535000
b0000 E
1P
b00000000 V
1W
#9540000
0%
1&
1'
1(
b00000000000000000000001100101100 /
b111001 0
b00000000000000000000000000000010 K
0P
#9545000
1?
0@
1P
b0000 T
b00000001 V
0W
#9550000
1%
0'
0(
b00000000000000000000001100101101 /
b001100 0
b0000 J
b00000000000000000000000000000001 K
0P
b0000 R
#9555000
b0011 E
b0100 G
b100 H
1P
b00000000 V
1W
#9560000
0%
0&
b00000000000000000000001100101110 /
b000001 0
b0001 E
b00000000000000000000000000000010 K
0P
#9565000
07
19
1P
b0001 T
b001 U
b00000010 V
0W
#9570000
1%
1&
1'
1(
b00000000000000000000001100101111 /
b111100 0
b00000000000000000000000000001111 1
b0001 J
b00000000000000000000000000000001 K
b00000000000000000000000001111010 M
b0001 N
0P
b0001 R
#9575000
1P
b00000001 V
#9580000
0$
0%
b00000000000000000000001100110000 /
b111000 0
b00000000000000000000000000000010 K
0P
#9585000
b0111 E
1P
b00000000 V
1W
#9590000
1$
0&
b00000000000000000000001100110001 /
b110001 0
b00000000000000000000000000000011 K
0P
#9595000
18
09
1P
b0111 T
b00000001 V
0W
#9600000
0'
b00000000000000000000001100110010 /
b100001 0
b0111 J
b00000000000000000000000000000001 K
0P
b0111 R
#9605000
b0000 E
1P
b00000000 V
1W
#9610000
1'
b00000000000000000000001100110011 /
b110001 0
b00000000000000000000000000000010 K
0P
#9615000
17
08
1P
b0000 T
b00000001 V
0W
#9620000
1%
1&
0'
0(
b00000000000000000000001100110100 /
b001100 0
b0000 J
b00000000000000000000000000000001 K
0P
b0000 R
#9625000
b0011 E
b0001 G
b001 H
1P
b00000000 V
1W
#9630000
0$
0%
1'
1(
b00000000000000000000001100110101 /
b111000 0
b0100 E
b00000000000000000000000000000010 K
0P
#9635000
0?
1A
1P
b0100 T
b100 U
b00000100 V
0W
#9640000
1$
0&
0'
b00000000000000000000001100110110 /
b100001 0
b00000000000000000000000000011011 4
b0100 J
b00000000000000000000000000000001 K
b00000000000000000000000001111011 M
b0100 N
0P
b0100 R
#9645000
1P
b00000011 V
#9650000
0$
b00000000000000000000001100110111 /
b100000 0
b00000000000000000000000000000010 K
0P
#9655000
1P
b00000010 V
#9660000
1$
1%
1'
0(
b00000000000000000000001100111000 /
b010100 0
b00000000000000000000000000000011 K
0P
#9665000
1P
b00000001 V
#9670000
0%
1(
b00000000000000000000001100111001 /
b110001 0
b00000000000000000000000000000100 K
0P
#9675000
b0111 E
1P
b00000000 V
1W
#9680000
1&
0(
b00000000000000000000001100111010 /
b011001 0
b00000000000000000000000000000101 K
0P
#9685000
1@
0A
1P
b0111 T
b00000001 V
0W
#9690000
0&
1(
b00000000000000000000001100111011 /
b110001 0
b0111 J
b00000000000000000000000000000001 K
0P
b0111 R
#9695000
b0000 E
1P
b00000000 V
1W
#9700000
1%
0'
b00000000000000000000001100111100 /
b100100 0
b00000000000000000000000000000010 K
0P
#9705000
1?
0@
1P
b0000 T
b00000001 V
0W
#9710000
0%
1&
b00000000000000000000001100111101 /
b101001 0
b0000 J
b00000000000000000000000000000001 K
0P
b0000 R
#9715000
b0110 E
b0100 G
b100 H
1P
b00000000 V
1W
#9720000
0$
1'
b00000000000000000000001100111110 /
b111000 0
b0101 E
b00000000000000000000000000000010 K
0P
#9725000
07
1:
1P
b0101 T
b101 U
b00000011 V
0W
#9730000
1$
0(
b00000000000000000000001100111111 /
b011001 0
b00000000000000000000000000011011 5
b0101 J
b00000000000000000000000000000001 K
b00000000000000000000000001111100 M
b0101 N
0P
b0101 R
#9735000
1P
b00000010 V
#9740000
1%
1(
b00000000000000000000001101000000 /
b111100 0
b00000000000000000000000000000010 K
0P
#9745000
1P
b00000001 V
#9750000
0$
0'
0(
b00000000000000000000001101000001 /
b001010 0
b00000000000000000000000000000011 K
0P
#9755000
b0111 E
1P
b00000000 V
1W
#9760000
1$
0&
b00000000000000000000001101000010 /
b000100 0
b00000000000000000000000000000100 K
0P
#9765000
18
0:
1P
b0111 T
b00000001 V
0W
#9770000
1&
1(
b00000000000000000000001101000011 /
b101100 0
b0111 J
b00000000000000000000000000000001 K
0P
b0111 R
#9775000
b0000 E
1P
b00000000 V
1W
#9780000
0%
b00000000000000000000001101000100 /
b101001 0
b00000000000000000000000000000010 K
0P
#9785000
17
08
1P
b0000 T
b00000001 V
0W
#9790000
0(
b00000000000000000000001101000101 /
b001001 0
b0000 J
b00000000000000000000000000000001 K
0P
b0000 R
#9795000
b0001 E
b0101 G
b101 H
1P
b00000000 V
1W
#9800000
0$
0&
1'
b00000000000000000000001101000110 /
b010000 0
b0101 E
b00000000000000000000000000000010 K
0P
#9805000
07
1:
1P
b0101 T
b00000011 V
0W
#9810000
0'
1(
b00000000000000000000001101000111 /
b100000 0
b00000000000000000000000000011100 5
b0101 J
b00000000000000000000000000000001 K
b00000000000000000000000001111101 M
0P
b0101 R
#9815000
1P
b00000010 V
#9820000
1'
b00000000000000000000001101001000 /
b110000 0
b00000000000000000000000000000010 K
0P
#9825000
1P
b00000001 V
#9830000
1$
0'
b00000000000000000000001101001001 /
b100001 0
b00000000000000000000000000000011 K
0P
#9835000
b0111 E
1P
b00000000 V
1W
#9840000
0$
1%
1'
b00000000000000000000001101001010 /
b110010 0
b00000000000000000000000000000100 K
0P
#9845000
18
0:
1P
b0111 T
b00000001 V
0W
#9850000
0'
b00000000000000000000001101001011 /
b100010 0
b0111 J
b00000000000000000000000000000001 K
0P
b0111 R
#9855000
b0000 E
1P
b00000000 V
1W
#9860000
1$
0%
1&
1'
b00000000000000000000001101001100 /
b111001 0
b00000000000000000000000000000010 K
0P
#9865000
17
08
1P
b0000 T
b00000001 V
0W
#9870000
0$
1%
b00000000000000000000001101001101 /
b111010 0
b0000 J
b00000000000000000000000000000001 K
0P
b0000 R
#9875000
b0110 E
1P
b00000000 V
1W
#9880000
0'
b00000000000000000000001101001110 /
b101010 0
b00000000000000000000000000000010 K
0P
#9885000
0;
1>
1P
b0110 T
b110 U
b00000011 V
0W
#9890000
1$
0&
b00000000000000000000001101001111 /
b100100 0
b00000000000000000000000000011010 6
b0110 J
b00000000000000000000000000000001 K
b00000000000000000000000001111110 M
b0110 N
0P
b0110 R
#9895000
1P
b00000010 V
#9900000
0%
0(
b00000000000000000000001101010000 /
b000001 0
b00000000000000000000000000000010 K
0P
#9905000
1P
b00000001 V
#9910000
1%
1'
1(
b00000000000000000000001101010001 /
b110100 0
b00000000000000000000000000000011 K
0P
#9915000
b0111 E
1P
b00000000 V
1W
#9920000
0$
1&
b00000000000000000000001101010010 /
b111010 0
b00000000000000000000000000000100 K
0P
#9925000
1<
0>
1P
b0111 T
b00000001 V
0W
#9930000
0%
0&
0'
0(
b00000000000000000000001101010011 /
b000000 0
b0111 J
b00000000000000000000000000000001 K
0P
b0111 R
#9935000
b0000 E
1P
b00000000 V
1W
#9940000
1$
1&
1'
b00000000000000000000001101010100 /
b011001 0
b00000000000000000000000000000010 K
0P
#9945000
1;
0<
1P
b0000 T
b00000001 V
0W
#9950000
0$
1(
b00000000000000000000001101010101 /
b111000 0
b0000 J
b00000000000000000000000000000001 K
0P
b0000 R
#9955000
b0100 E
b0110 G
b110 H
1P
b00000000 V
1W
#9960000
0&
0'
0(
b00000000000000000000001101010110 /
b000000 0
b0001 E
0I
b00000000000000000000000000000010 K
0P
#9965000
07
19
1P
b0001 T
b001 U
b00000010 V
0W
#9970000
1$
b00000000000000000000001101010111 /
b000001 0
b00000000000000000000000000010000 1
b0001 J
b00000000000000000000000000000001 K
b00000000000000000000000001111111 M
b0001 N
0P
b0001 R
#9975000
1P
b00000001 V
#9980000
1%
1'
b00000000000000000000001101011000 /
b010100 0
b00000000000000000000000000000010 K
0P
#9985000
b0111 E
1P
b00000000 V
1W
#9990000
0$
0'
1(
b00000000000000000000001101011001 /
b100010 0
b00000000000000000000000000000011 K
0P
#9995000
18
09
1P
b0111 T
b00000001 V
0W
#10000000
0%
1'
b00000000000000000000001101011010 /
b110000 0
b0111 J
b00000000000000000000000000000001 K
0P
b0111 R
#10005000
b0000 E
1P
b00000000 V
1W
#10010000
1$
0'
b00000000000000000000001101011011 /
b100001 0
b00000000000000000000000000000010 K
0P
#10015000
17
08
1P
b0000 T
b00000001 V
0W
#10020000
0$
1&
1'
b00000000000000000000001101011100 /
b111000 0
b0000 J
b00000000000000000000000000000001 K
0P
b0000 R
#10025000
b0100 E
b0001 G
b001 H
1I
1P
b00000000 V
1W
#10030000
1$
0'
b00000000000000000000001101011101 /
b101001 0
b00000000000000000000000000000010 K
0P
#10035000
0?
1A
1P
b0100 T
b100 U
b00000100 V
0W
#10040000
1'
0(
b00000000000000000000001101011110 /
b011001 0
b00000000000000000000000000011100 4
b0100 J
b00000000000000000000000000000001 K
b00000000000000000000000010000000 M
b0100 N
0P
b0100 R
#10045000
1P
b00000011 V
#10050000
0$
0&
0'
1(
b00000000000000000000001101011111 /
b100000 0
b00000000000000000000000000000010 K
0P
#10055000
1P
b00000010 V
#10060000
1'
0(
b00000000000000000000001101100000 /
b010000 0
b00000000000000000000000000000011 K
0P
#10065000
1P
b00000001 V
#10070000
1$
0'
1(
b00000000000000000000001101100001 /
b100001 0
b00000000000000000000000000000100 K
0P
#10075000
b0111 E
1P
b00000000 V
1W
#10080000
1'
0(
b00000000000000000000001101100010 /
b010001 0
b00000000000000000000000000000101 K
0P
#10085000
1@
0A
1P
b0111 T
b00000001 V
0W
#10090000
1%
1&
0'
b00000000000000000000001101100011 /
b001100 0
b0111 J
b00000000000000000000000000000001 K
0P
b0111 R
#10095000
b0000 E
1P
b00000000 V
1W
#10100000
0%
1(
b00000000000000000000001101100100 /
b101001 0
b00000000000000000000000000000010 K
0P
#10105000
1?
0@
1P
b0000 T
b00000001 V
0W
#10110000
1%
1'
0(
b00000000000000000000001101100101 /
b011100 0
b0000 J
b00000000000000000000000000000001 K
0P
b0000 R
#10115000
b0101 E
b0100 G
b100 H
1P
b00000000 V
1W
#10120000
0$
0&
0'
b00000000000000000000001101100110 /
b000010 0
b0010 E
b00000000000000000000000000000010 K
0P
#10125000
0;
1=
1P
b0010 T
b010 U
b00000010 V
0W
#10130000
1$
0%
1'
b00000000000000000000001101100111 /
b010001 0
b00000000000000000000000000010001 2
b0010 J
b00000000000000000000000000000001 K
b00000000000000000000000010000001 M
b0010 N
0P
b0010 R
#10135000
1P
b00000001 V
#10140000
1%
b00000000000000000000001101101000 /
b010100 0
b00000000000000000000000000000010 K
0P
#10145000
b0111 E
1P
b00000000 V
1W
#10150000
0$
0%
0'
b00000000000000000000001101101001 /
b000000 0
b00000000000000000000000000000011 K
0P
#10155000
1<
0=
1P
b0111 T
b00000001 V
0W
#10160000
1$
1%
1(
b00000000000000000000001101101010 /
b100100 0
b0111 J
b00000000000000000000000000000001 K
0P
b0111 R
#10165000
b0000 E
1P
b00000000 V
1W
#10170000
0$
0%
1'
0(
b00000000000000000000001101101011 /
b010000 0
b00000000000000000000000000000010 K
0P
#10175000
1;
0<
1P
b0000 T
b00000001 V
0W
#10180000
1$
1%
1&
1(
b00000000000000000000001101101100 /
b111100 0
b0000 J
b00000000000000000000000000000001 K
0P
b0000 R
#10185000
b0011 E
b0010 G
b010 H
1P
b00000000 V
1W
#10190000
0$
0%
0&
0(
b00000000000000000000001101101101 /
b010000 0
b0101 E
b00000000000000000000000000000010 K
0P
#10195000
07
1:
1P
b0101 T
b101 U
b00000011 V
0W
#10200000
1%
1(
b00000000000000000000001101101110 /
b110010 0
b00000000000000000000000000011101 5
b0101 J
b00000000000000000000000000000001 K
b00000000000000000000000010000010 M
b0101 N
0P
b0101 R
#10205000
1P
b00000010 V
#10210000
1$
0%
0(
b00000000000000000000001101101111 /
b010001 0
b00000000000000000000000000000010 K
0P
#10215000
1P
b00000001 V
#10220000
0$
1&
b00000000000000000000001101110000 /
b011000 0
b00000000000000000000000000000011 K
0P
#10225000
b0111 E
1P
b00000000 V
1W
#10230000
1%
b00000000000000000000001101110001 /
b011010 0
b00000000000000000000000000000100 K
0P
#10235000
18
0:
1P
b0111 T
b00000001 V
0W
#10240000
0&
1(
b00000000000000000000001101110010 /
b110010 0
b0111 J
b00000000000000000000000000000001 K
0P
b0111 R
#10245000
b0000 E
1P
b00000000 V
1W
#10250000
1$
0%
1&
0'
b00000000000000000000001101110011 /
b101001 0
b00000000000000000000000000000010 K
0P
#10255000
17
08
1P
b0000 T
b00000001 V
0W
#10260000
1%
0&
0(
b00000000000000000000001101110100 /
b000100 0
b0000 J
b00000000000000000000000000000001 K
0P
b0000 R
#10265000
b0011 E
b0101 G
b101 H
1P
b00000000 V
1W
#10270000
1'
b00000000000000000000001101110101 /
b010100 0
b00000000000000000000000000000010 K
0P
#10275000
07
19
0;
1=
1P
b0011 T
b011 U
b00000010 V
0W
#10280000
0%
1&
0'
b00000000000000000000001101110110 /
b001001 0
b00000000000000000000000000001111 3
b0011 J
b00000000000000000000000000000001 K
b00000000000000000000000010000011 M
b0011 N
0P
b0011 R
#10285000
1P
b00000001 V
#10290000
0&
b00000000000000000000001101110111 /
b000001 0
b00000000000000000000000000000010 K
0P
#10295000
b0111 E
1P
b00000000 V
1W
#10300000
0$
1%
1&
b00000000000000000000001101111000 /
b001010 0
b00000000000000000000000000000011 K
0P
#10305000
18
09
1<
0=
1P
b0111 T
b00000001 V
0W
#10310000
0&
1'
1(
b00000000000000000000001101111001 /
b110010 0
b0111 J
b00000000000000000000000000000001 K
0P
b0111 R
#10315000
b0000 E
1P
b00000000 V
1W
#10320000
1$
1&
b00000000000000000000001101111010 /
b111100 0
b00000000000000000000000000000010 K
0P
#10325000
17
08
1;
0<
1P
b0000 T
b00000001 V
0W
#10330000
0$
0%
0'
0(
b00000000000000000000001101111011 /
b001000 0
b0000 J
b00000000000000000000000000000001 K
0P
b0000 R
#10335000
b0100 E
b0011 G
b011 H
1P
b00000000 V
1W
#10340000
1$
1%
0&
b00000000000000000000001101111100 /
b000100 0
b0011 E
b00000000000000000000000000000010 K
0P
#10345000
07
19
0;
1=
1P
b0011 T
b00000010 V
0W
#10350000
0$
1&
1'
1(
b00000000000000000000001101111101 /
b111010 0
b00000000000000000000000000010000 3
b0011 J
b00000000000000000000000000000001 K
b00000000000000000000000010000100 M
0P
b0011 R
#10355000
1P
b00000001 V
#10360000
1$
0(
b00000000000000000000001101111110 /
b011100 0
b00000000000000000000000000000010 K
0P
#10365000
b0111 E
1P
b00000000 V
1W
#10370000
0%
0'
b00000000000000000000001101111111 /
b001001 0
b00000000000000000000000000000011 K
0P
#10375000
18
09
1<
0=
1P
b0111 T
b00000001 V
0W
#10380000
1%
1'
1(
b00000000000000000000001110000000 /
b111100 0
b0111 J
b00000000000000000000000000000001 K
0P
b0111 R
#10385000
b0000 E
1P
b00000000 V
1W
#10390000
0(
b00000000000000000000001110000001 /
b011100 0
b00000000000000000000000000000010 K
0P
#10395000
17
08
1;
0<
1P
b0000 T
b00000001 V
0W
#10400000
0&
0'
b00000000000000000000001110000010 /
b000100 0
b0000 J
b00000000000000000000000000000001 K
0P
b0000 R
#10405000
b0011 E
1P
b00000000 V
1W
#10410000
0%
1&
1'
b00000000000000000000001110000011 /
b011001 0
b0100 E
b00000000000000000000000000000010 K
0P
#10415000
0?
1A
1P
b0100 T
b100 U
b00000100 V
0W
#10420000
1%
0'
b00000000000000000000001110000100 /
b001100 0
b00000000000000000000000000011101 4
b0100 J
b00000000000000000000000000000001 K
b00000000000000000000000010000101 M
b0100 N
0P
b0100 R
#10425000
1P
b00000011 V
#10430000
0&
1(
b00000000000000000000001110000101 /
b100100 0
b00000000000000000000000000000010 K
0P
#10435000
1P
b00000010 V
#10440000
0$
b00000000000000000000001110000110 /
b100010 0
b00000000000000000000000000000011 K
0P
#10445000
1P
b00000001 V
#10450000
1$
0%
1&
0(
b00000000000000000000001110000111 /
b001001 0
b00000000000000000000000000000100 K
0P
#10455000
b0111 E
1P
b00000000 V
1W
#10460000
1%
1(
b00000000000000000000001110001000 /
b101100 0
b00000000000000000000000000000101 K
0P
#10465000
1@
0A
1P
b0111 T
b00000001 V
0W
#10470000
0&
1'
b00000000000000000000001110001001 /
b110100 0
b0111 J
b00000000000000000000000000000001 K
0P
b0111 R
#10475000
b0000 E
1P
b00000000 V
1W
#10480000
0$
1&
0'
0(
b00000000000000000000001110001010 /
b001010 0
b00000000000000000000000000000010 K
0P
#10485000
1?
0@
1P
b0000 T
b00000001 V
0W
#10490000
1$
0&
1'
b00000000000000000000001110001011 /
b010100 0
b0000 J
b00000000000000000000000000000001 K
0P
b0000 R
#10495000
b0101 E
b0100 G
b100 H
1P
b00000000 V
1W
#10500000
0$
1&
0'
1(
b00000000000000000000001110001100 /
b101010 0
b0110 E
b00000000000000000000000000000010 K
0P
#10505000
0;
1>
1P
b0110 T
b110 U
b00000011 V
0W
#10510000
0%
0(
b00000000000000000000001110001101 /
b001000 0
b00000000000000000000000000011011 6
b0110 J
b00000000000000000000000000000001 K
b00000000000000000000000010000110 M
b0110 N
0P
b0110 R
#10515000
1P
b00000010 V
#10520000
1%
b00000000000000000000001110001110 /
b001010 0
b00000000000000000000000000000010 K
0P
#10525000
1P
b00000001 V
#10530000
1(
b00000000000000000000001110001111 /
b101010 0
b00000000000000000000000000000011 K
0P
#10535000
b0111 E
1P
b00000000 V
1W
#10540000
1$
b00000000000000000000001110010000 /
b101100 0
b00000000000000000000000000000100 K
0P
#10545000
1<
0>
1P
b0111 T
b00000001 V
0W
#10550000
0%
0&
0(
b00000000000000000000001110010001 /
b000001 0
b0111 J
b00000000000000000000000000000001 K
0P
b0111 R
#10555000
b0000 E
1P
b00000000 V
1W
#10560000
0$
1&
1'
1(
b00000000000000000000001110010010 /
b111000 0
b00000000000000000000000000000010 K
0P
#10565000
1;
0<
1P
b0000 T
b00000001 V
0W
#10570000
b00000000000000000000001110010011 /
b0000 J
b00000000000000000000000000000001 K
0P
b0000 R
#10575000
b0100 E
b0110 G
b110 H
1P
b00000000 V
1W
#10580000
1%
0'
b00000000000000000000001110010100 /
b101010 0
b0010 E
b00000000000000000000000000000010 K
0P
#10585000
0;
1=
1P
b0010 T
b010 U
b00000010 V
0W
#10590000
1$
0%
0(
b00000000000000000000001110010101 /
b001001 0
b00000000000000000000000000010010 2
b0010 J
b00000000000000000000000000000001 K
b00000000000000000000000010000111 M
b0010 N
0P
b0010 R
#10595000
1P
b00000001 V
#10600000
0$
1%
1'
1(
b00000000000000000000001110010110 /
b111010 0
b00000000000000000000000000000010 K
0P
#10605000
b0111 E
1P
b00000000 V
1W
#10610000
1$
0'
0(
b00000000000000000000001110010111 /
b001100 0
b00000000000000000000000000000011 K
0P
#10615000
1<
0=
1P
b0111 T
b00000001 V
0W
#10620000
0%
0&
1'
b00000000000000000000001110011000 /
b010001 0
b0111 J
b00000000000000000000000000000001 K
0P
b0111 R
#10625000
b0000 E
1P
b00000000 V
1W
#10630000
0$
1%
1&
0'
b00000000000000000000001110011001 /
b001010 0
b00000000000000000000000000000010 K
0P
#10635000
1;
0<
1P
b0000 T
b00000001 V
0W
#10640000
1$
0%
1(
b00000000000000000000001110011010 /
b101001 0
b0000 J
b00000000000000000000000000000001 K
0P
b0000 R
#10645000
b0100 E
b0010 G
b010 H
1P
b00000000 V
1W
#10650000
b00000000000000000000001110011011 /
b00000000000000000000000000000010 K
0P
#10655000
0?
1A
1P
b0100 T
b100 U
b00000100 V
0W
#10660000
b00000000000000000000001110011100 /
b00000000000000000000000000011110 4
b0100 J
b00000000000000000000000000000001 K
b00000000000000000000000010001000 M
b0100 N
0P
b0100 R
#10665000
1P
b00000011 V
#10670000
1%
1'
0(
b00000000000000000000001110011101 /
b011100 0
b00000000000000000000000000000010 K
0P
#10675000
1P
b00000010 V
#10680000
0%
0&
0'
b00000000000000000000001110011110 /
b000001 0
b00000000000000000000000000000011 K
0P
#10685000
1P
b00000001 V
#10690000
1&
1'
b00000000000000000000001110011111 /
b011001 0
b00000000000000000000000000000100 K
0P
#10695000
b0111 E
1P
b00000000 V
1W
#10700000
0$
1%
0&
0'
1(
b00000000000000000000001110100000 /
b100010 0
b00000000000000000000000000000101 K
0P
#10705000
1@
0A
1P
b0111 T
b00000001 V
0W
#10710000
0%
1&
1'
0(
b00000000000000000000001110100001 /
b011000 0
b0111 J
b00000000000000000000000000000001 K
0P
b0111 R
#10715000
b0000 E
1P
b00000000 V
1W
#10720000
0'
b00000000000000000000001110100010 /
b001000 0
b00000000000000000000000000000010 K
0P
#10725000
1?
0@
1P
b0000 T
b00000001 V
0W
#10730000
0&
1(
b00000000000000000000001110100011 /
b100000 0
b0000 J
b00000000000000000000000000000001 K
0P
b0000 R
#10735000
b0110 E
b0100 G
b100 H
1P
b00000000 V
1W
#10740000
1%
1&
1'
b00000000000000000000001110100100 /
b111010 0
b0101 E
b00000000000000000000000000000010 K
0P
#10745000
07
1:
1P
b0101 T
b101 U
b00000011 V
0W
#10750000
0&
0'
b00000000000000000000001110100101 /
b100010 0
b00000000000000000000000000011110 5
b0101 J
b00000000000000000000000000000001 K
b00000000000000000000000010001001 M
b0101 N
0P
b0101 R
#10755000
1P
b00000010 V
#10760000
1$
1&
1'
b00000000000000000000001110100110 /
b111100 0
b00000000000000000000000000000010 K
0P
#10765000
1P
b00000001 V
#10770000
0&
b00000000000000000000001110100111 /
b110100 0
b00000000000000000000000000000011 K
0P
#10775000
b0111 E
1P
b00000000 V
1W
#10780000
0'
b00000000000000000000001110101000 /
b100100 0
b00000000000000000000000000000100 K
0P
#10785000
18
0:
1P
b0111 T
b00000001 V
0W
#10790000
0%
1'
0(
b00000000000000000000001110101001 /
b010001 0
b0111 J
b00000000000000000000000000000001 K
0P
b0111 R
#10795000
b0000 E
1P
b00000000 V
1W
#10800000
1%
1&
b00000000000000000000001110101010 /
b011100 0
b00000000000000000000000000000010 K
0P
#10805000
17
08
1P
b0000 T
b00000001 V
0W
#10810000
0%
0&
0'
b00000000000000000000001110101011 /
b000001 0
b0000 J
b00000000000000000000000000000001 K
0P
b0000 R
#10815000
b0001 E
b0101 G
b101 H
1P
b00000000 V
1W
#10820000
1'
1(
b00000000000000000000001110101100 /
b110001 0
b0110 E
b00000000000000000000000000000010 K
0P
#10825000
0;
1>
1P
b0110 T
b110 U
b00000011 V
0W
#10830000
1&
b00000000000000000000001110101101 /
b111001 0
b00000000000000000000000000011100 6
b0110 J
b00000000000000000000000000000001 K
b00000000000000000000000010001010 M
b0110 N
0P
b0110 R
#10835000
1P
b00000010 V
#10840000
1%
0&
b00000000000000000000001110101110 /
b110100 0
b00000000000000000000000000000010 K
0P
#10845000
1P
b00000001 V
#10850000
0$
0%
1&
0'
0(
b00000000000000000000001110101111 /
b001000 0
b00000000000000000000000000000011 K
0P
#10855000
b0111 E
1P
b00000000 V
1W
#10860000
0&
1'
1(
b00000000000000000000001110110000 /
b110000 0
b00000000000000000000000000000100 K
0P
#10865000
1<
0>
1P
b0111 T
b00000001 V
0W
#10870000
1&
0'
0(
b00000000000000000000001110110001 /
b001000 0
b0111 J
b00000000000000000000000000000001 K
0P
b0111 R
#10875000
b0000 E
1P
b00000000 V
1W
#10880000
1%
0&
1'
1(
b00000000000000000000001110110010 /
b110010 0
b00000000000000000000000000000010 K
0P
#10885000
1;
0<
1P
b0000 T
b00000001 V
0W
#10890000
1$
0%
0(
b00000000000000000000001110110011 /
b010001 0
b0000 J
b00000000000000000000000000000001 K
0P
b0000 R
#10895000
b0001 E
b0110 G
b110 H
1P
b00000000 V
1W
#10900000
0$
1%
1(
b00000000000000000000001110110100 /
b110010 0
b0010 E
b00000000000000000000000000000010 K
0P
#10905000
0;
1=
1P
b0010 T
b010 U
b00000010 V
0W
#10910000
0%
0'
0(
b00000000000000000000001110110101 /
b000000 0
b00000000000000000000000000010011 2
b0010 J
b00000000000000000000000000000001 K
b00000000000000000000000010001011 M
b0010 N
0P
b0010 R
#10915000
1P
b00000001 V
#10920000
1%
1(
b00000000000000000000001110110110 /
b100010 0
b00000000000000000000000000000010 K
0P
#10925000
b0111 E
1P
b00000000 V
1W
#10930000
1$
0%
1'
b00000000000000000000001110110111 /
b110001 0
b00000000000000000000000000000011 K
0P
#10935000
1<
0=
1P
b0111 T
b00000001 V
0W
#10940000
0'
0(
b00000000000000000000001110111000 /
b000001 0
b0111 J
b00000000000000000000000000000001 K
0P
b0111 R
#10945000
b0000 E
1P
b00000000 V
1W
#10950000
0$
1&
b00000000000000000000001110111001 /
b001000 0
b00000000000000000000000000000010 K
0P
#10955000
1;
0<
1P
b0000 T
b00000001 V
0W
#10960000
1(
b00000000000000000000001110111010 /
b101000 0
b0000 J
b00000000000000000000000000000001 K
0P
b0000 R
#10965000
b0100 E
b0010 G
b010 H
1P
b00000000 V
1W
#10970000
1$
1%
1'
b00000000000000000000001110111011 /
b111100 0
b0011 E
b00000000000000000000000000000010 K
0P
#10975000
07
19
0;
1=
1P
b0011 T
b011 U
b00000010 V
0W
#10980000
0$
0&
b00000000000000000000001110111100 /
b110010 0
b00000000000000000000000000010001 3
b0011 J
b00000000000000000000000000000001 K
b00000000000000000000000010001100 M
b0011 N
0P
b0011 R
#10985000
1P
b00000001 V
#10990000
0'
0(
b00000000000000000000001110111101 /
b000010 0
b00000000000000000000000000000010 K
0P
#10995000
b0111 E
1P
b00000000 V
1W
#11000000
1$
1'
b00000000000000000000001110111110 /
b010100 0
b00000000000000000000000000000011 K
0P
#11005000
18
09
1<
0=
1P
b0111 T
b00000001 V
0W
#11010000
1&
0'
1(
b00000000000000000000001110111111 /
b101100 0
b0111 J
b00000000000000000000000000000001 K
0P
b0111 R
#11015000
b0000 E
1P
b00000000 V
1W
#11020000
0$
0&
1'
b00000000000000000000001111000000 /
b110010 0
b00000000000000000000000000000010 K
0P
#11025000
17
08
1;
0<
1P
b0000 T
b00000001 V
0W
#11030000
0'
0(
b00000000000000000000001111000001 /
b000010 0
b0000 J
b00000000000000000000000000000001 K
0P
b0000 R
#11035000
b0010 E
b0011 G
b011 H
1P
b00000000 V
1W
#11040000
0%
1(
b00000000000000000000001111000010 /
b100000 0
b0110 E
b00000000000000000000000000000010 K
0P
#11045000
0;
1>
1P
b0110 T
b110 U
b00000011 V
0W
#11050000
1&
1'
0(
b00000000000000000000001111000011 /
b011000 0
b00000000000000000000000000011101 6
b0110 J
b00000000000000000000000000000001 K
b00000000000000000000000010001101 M
b0110 N
0P
b0110 R
#11055000
1P
b00000010 V
#11060000
1%
0&
1(
b00000000000000000000001111000100 /
b110010 0
b00000000000000000000000000000010 K
0P
#11065000
1P
b00000001 V
#11070000
1$
0%
1&
0'
0(
b00000000000000000000001111000101 /
b001001 0
b00000000000000000000000000000011 K
0P
#11075000
b0111 E
1P
b00000000 V
1W
#11080000
0&
1'
b00000000000000000000001111000110 /
b010001 0
b00000000000000000000000000000100 K
0P
#11085000
1<
0>
1P
b0111 T
b00000001 V
0W
#11090000
b00000000000000000000001111000111 /
b0111 J
b00000000000000000000000000000001 K
0P
b0111 R
#11095000
b0000 E
1P
b00000000 V
1W
#11100000
1&
b00000000000000000000001111001000 /
b011001 0
b00000000000000000000000000000010 K
0P
#11105000
1;
0<
1P
b0000 T
b00000001 V
0W
#11110000
0$
1%
0'
1(
b00000000000000000000001111001001 /
b101010 0
b0000 J
b00000000000000000000000000000001 K
0P
b0000 R
#11115000
b0010 E
b0110 G
b110 H
1P
b00000000 V
1W
#11120000
0%
0&
1'
b00000000000000000000001111001010 /
b110000 0
b0101 E
b00000000000000000000000000000010 K
0P
#11125000
07
1:
1P
b0101 T
b101 U
b00000011 V
0W
#11130000
1)
b00000000000000000000001111001011 /
b00000000000000000000000000011111 5
b0101 J
b00000000000000000000000000000001 K
b00000000000000000000000010001110 M
b0101 N
0P
b0101 R
#11135000
1P
b00000010 V
#11140000
1$
0(
b00000000000000000000001111001100 /
b010001 0
b00000000000000000000000000000010 K
0P
#11145000
1P
b00000001 V
#11150000
1%
1&
0'
1(
b00000000000000000000001111001101 /
b101100 0
b00000000000000000000000000000011 K
0P
#11155000
b0111 E
1P
b00000000 V
1W
#11160000
0$
1'
b00000000000000000000001111001110 /
b111010 0
b00000000000000000000000000000100 K
0P
#11165000
18
0:
1P
b0111 T
b00000001 V
0W
#11170000
0%
0'
0(
b00000000000000000000001111001111 /
b001000 0
b0111 J
b00000000000000000000000000000001 K
0P
b0111 R
#11175000
b0000 E
1P
b00000000 V
1W
#11180000
0&
1'
b00000000000000000000001111010000 /
b010000 0
b00000000000000000000000000000010 K
0P
#11185000
17
08
1P
b0000 T
b00000001 V
0W
#11190000
1%
1&
0'
b00000000000000000000001111010001 /
b001010 0
b0000 J
b00000000000000000000000000000001 K
0P
b0000 R
#11195000
b0010 E
b0101 G
b101 H
1P
b00000000 V
1W
#11200000
1$
0%
1'
b00000000000000000000001111010010 /
b011001 0
b0001 E
b00000000000000000000000000000010 K
0P
#11205000
07
19
1P
b0001 T
b001 U
b00000010 V
0W
#11210000
1(
b00000000000000000000001111010011 /
b111001 0
b00000000000000000000000000010001 1
b0001 J
b00000000000000000000000000000001 K
b00000000000000000000000010001111 M
b0001 N
0P
b0001 R
#11215000
1P
b00000001 V
#11220000
0$
0(
b00000000000000000000001111010100 /
b011000 0
b00000000000000000000000000000010 K
0P
#11225000
b0111 E
1P
b00000000 V
1W
#11230000
1$
1(
b00000000000000000000001111010101 /
b111001 0
b00000000000000000000000000000011 K
0P
#11235000
18
09
1P
b0111 T
b00000001 V
0W
#11240000
0$
1%
0(
b00000000000000000000001111010110 /
b011010 0
b0111 J
b00000000000000000000000000000001 K
0P
b0111 R
#11245000
b0000 E
1P
b00000000 V
1W
#11250000
1$
0%
0'
1(
b00000000000000000000001111010111 /
b101001 0
b00000000000000000000000000000010 K
0P
#11255000
17
08
1P
b0000 T
b00000001 V
0W
#11260000
0$
0&
1'
0(
b00000000000000000000001111011000 /
b010000 0
b0000 J
b00000000000000000000000000000001 K
0P
b0000 R
#11265000
b0101 E
b0001 G
b001 H
1P
b00000000 V
1W
#11270000
1%
1&
0'
b00000000000000000000001111011001 /
b001010 0
b0010 E
b00000000000000000000000000000010 K
0P
#11275000
0;
1=
1P
b0010 T
b010 U
b00000010 V
0W
#11280000
0%
b00000000000000000000001111011010 /
b001000 0
b00000000000000000000000000010100 2
b0010 J
b00000000000000000000000000000001 K
b00000000000000000000000010010000 M
b0010 N
0P
b0010 R
#11285000
1P
b00000001 V
#11290000
1$
1%
0&
b00000000000000000000001111011011 /
b000100 0
b00000000000000000000000000000010 K
0P
#11295000
b0111 E
1P
b00000000 V
1W
#11300000
0%
1&
b00000000000000000000001111011100 /
b001001 0
b00000000000000000000000000000011 K
0P
#11305000
1<
0=
1P
b0111 T
b00000001 V
0W
#11310000
0$
1%
0&
1(
b00000000000000000000001111011101 /
b100010 0
b0111 J
b00000000000000000000000000000001 K
0P
b0111 R
#11315000
b0000 E
1P
b00000000 V
1W
#11320000
b00000000000000000000001111011110 /
b00000000000000000000000000000010 K
0P
#11325000
1;
0<
1P
b0000 T
b00000001 V
0W
#11330000
1$
0%
1'
0(
b00000000000000000000001111011111 /
b010001 0
b0000 J
b00000000000000000000000000000001 K
0P
b0000 R
#11335000
b0101 E
b0010 G
b010 H
1P
b00000000 V
1W
#11340000
0$
1%
b00000000000000000000001111100000 /
b010010 0
b00000000000000000000000000000010 K
0P
#11345000
07
1:
1P
b0101 T
b101 U
b00000011 V
0W
#11350000
1$
0%
1(
b00000000000000000000001111100001 /
b110001 0
b00000000000000000000000000100000 5
b0101 J
b00000000000000000000000000000001 K
b00000000000000000000000010010001 M
b0101 N
0P
b0101 R
#11355000
1P
b00000010 V
#11360000
0$
0'
0(
b00000000000000000000001111100010 /
b000000 0
b00000000000000000000000000000010 K
0P
#11365000
1P
b00000001 V
#11370000
1$
1&
1'
b00000000000000000000001111100011 /
b011001 0
b00000000000000000000000000000011 K
0P
#11375000
b0111 E
1P
b00000000 V
1W
#11380000
0$
1%
b00000000000000000000001111100100 /
b011010 0
b00000000000000000000000000000100 K
0P
#11385000
18
0:
1P
b0111 T
b00000001 V
0W
#11390000
1$
0%
0&
0'
1(
b00000000000000000000001111100101 /
b100001 0
b0111 J
b00000000000000000000000000000001 K
0P
b0111 R
#11395000
b0000 E
1P
b00000000 V
1W
#11400000
1%
1&
1'
0(
b00000000000000000000001111100110 /
b011100 0
b00000000000000000000000000000010 K
0P
#11405000
17
08
1P
b0000 T
b00000001 V
0W
#11410000
0$
1(
b00000000000000000000001111100111 /
b111010 0
b0000 J
b00000000000000000000000000000001 K
0P
b0000 R
#11415000
b0110 E
b0101 G
b101 H
1P
b00000000 V
1W
#11420000
1$
0'
b00000000000000000000001111101000 /
b101100 0
b00000000000000000000000000000010 K
0P
#11425000
0;
1>
1B
1P
b0110 T
b110 U
b00000011 V
0W
#11430000
1'
b00000000000000000000001111101001 /
b111100 0
b00000000000000000000000000011110 6
b0110 J
b00000000000000000000000000000001 K
b00000000000000000000000010010010 M
b0110 N
0P
b0110 R
#11435000
1P
b00000010 V
#11440000
0$
0%
0'
b00000000000000000000001111101010 /
b101000 0
b00000000000000000000000000000010 K
0P
#11445000
1P
b00000001 V
#11450000
1$
1%
1'
b00000000000000000000001111101011 /
b111100 0
b00000000000000000000000000000011 K
0P
#11455000
b0111 E
1P
b00000000 V
1W
#11460000
0%
0&
0'
b00000000000000000000001111101100 /
b100001 0
b00000000000000000000000000000100 K
0P
#11465000
1<
0>
0B
1P
b0111 T
b00000001 V
0W
#11470000
1&
1'
b00000000000000000000001111101101 /
b111001 0
b0111 J
b00000000000000000000000000000001 K
0P
b0111 R
#11475000
b0000 E
1P
b00000000 V
1W
#11480000
b00000000000000000000001111101110 /
b00000000000000000000000000000010 K
0P
#11485000
1;
0<
1P
b0000 T
b00000001 V
0W
#11490000
0$
0&
0'
0(
b00000000000000000000001111101111 /
b000000 0
b0000 J
b00000000000000000000000000000001 K
0P
b0000 R
#11495000
b0001 E
b0110 G
b110 H
0I
1P
b00000000 V
1W
#11500000
1%
1&
1'
b00000000000000000000001111110000 /
b011010 0
b0010 E
1I
b00000000000000000000000000000010 K
0P
#11505000
0;
1=
1P
b0010 T
b010 U
b00000010 V
0W
#11510000
0&
b00000000000000000000001111110001 /
b010010 0
b00000000000000000000000000010101 2
b0010 J
b00000000000000000000000000000001 K
b00000000000000000000000010010011 M
b0010 N
0P
b0010 R
#11515000
1P
b00000001 V
#11520000
1$
0%
0'
1(
b00000000000000000000001111110010 /
b100001 0
b00000000000000000000000000000010 K
0P
#11525000
b0111 E
1P
b00000000 V
1W
#11530000
1%
0(
b00000000000000000000001111110011 /
b000100 0
b00000000000000000000000000000011 K
0P
#11535000
1<
0=
1P
b0111 T
b00000001 V
0W
#11540000
0$
0%
1'
b00000000000000000000001111110100 /
b010000 0
b0111 J
b00000000000000000000000000000001 K
0P
b0111 R
#11545000
b0000 E
1P
b00000000 V
1W
#11550000
1$
0'
1(
b00000000000000000000001111110101 /
b100001 0
b00000000000000000000000000000010 K
0P
#11555000
1;
0<
1P
b0000 T
b00000001 V
0W
#11560000
1%
1&
0(
b00000000000000000000001111110110 /
b001100 0
b0000 J
b00000000000000000000000000000001 K
0P
b0000 R
#11565000
b0011 E
b0010 G
b010 H
1P
b00000000 V
1W
#11570000
0$
0&
b00000000000000000000001111110111 /
b000010 0
b0010 E
b00000000000000000000000000000010 K
0P
#11575000
0;
1=
1P
b0010 T
b00000010 V
0W
#11580000
0%
1&
1'
1(
b00000000000000000000001111111000 /
b111000 0
b00000000000000000000000000010110 2
b0010 J
b00000000000000000000000000000001 K
b00000000000000000000000010010100 M
0P
b0010 R
#11585000
1P
b00000001 V
#11590000
1$
1%
0'
b00000000000000000000001111111001 /
b101100 0
b00000000000000000000000000000010 K
0P
#11595000
b0111 E
1P
b00000000 V
1W
#11600000
b00000000000000000000001111111010 /
b00000000000000000000000000000011 K
0P
#11605000
1<
0=
1P
b0111 T
b00000001 V
0W
#11610000
0%
0&
1'
0(
b00000000000000000000001111111011 /
b010001 0
b0111 J
b00000000000000000000000000000001 K
0P
b0111 R
#11615000
b0000 E
1P
b00000000 V
1W
#11620000
1%
0'
b00000000000000000000001111111100 /
b000100 0
b00000000000000000000000000000010 K
0P
#11625000
1;
0<
1P
b0000 T
b00000001 V
0W
#11630000
1&
1'
b00000000000000000000001111111101 /
b011100 0
b0000 J
b00000000000000000000000000000001 K
0P
b0000 R
#11635000
b0011 E
1P
b00000000 V
1W
#11640000
0$
0%
1(
b00000000000000000000001111111110 /
b111000 0
b0100 E
b00000000000000000000000000000010 K
0P
#11645000
0?
1A
1C
1P
b0100 T
b100 U
b00000100 V
0W
#11650000
1$
1%
0'
0(
b00000000000000000000001111111111 /
b001100 0
b00000000000000000000000000011111 4
b0100 J
b00000000000000000000000000000001 K
b00000000000000000000000010010101 M
b0100 N
0P
b0100 R
#11655000
1P
b00000011 V
#11660000
0%
1'
1(
b00000000000000000000010000000000 /
b111001 0
b00000000000000000000000000000010 K
0P
#11665000
1P
b00000010 V
#11670000
0$
0&
0(
b00000000000000000000010000000001 /
b010000 0
b00000000000000000000000000000011 K
0P
#11675000
1P
b00000001 V
#11680000
1$
1%
1&
0'
1(
b00000000000000000000010000000010 /
b101100 0
b00000000000000000000000000000100 K
0P
#11685000
b0111 E
1P
b00000000 V
1W
#11690000
0$
b00000000000000000000010000000011 /
b101010 0
b00000000000000000000000000000101 K
0P
#11695000
1@
0A
0C
1P
b0111 T
b00000001 V
0W
#11700000
0&
0(
b00000000000000000000010000000100 /
b000010 0
b0111 J
b00000000000000000000000000000001 K
0P
b0111 R
#11705000
b0000 E
1P
b00000000 V
1W
#11710000
1$
0%
1'
1(
b00000000000000000000010000000101 /
b110001 0
b00000000000000000000000000000010 K
0P
#11715000
1?
0@
1P
b0000 T
b00000001 V
0W
#11720000
0$
b00000000000000000000010000000110 /
b110000 0
b0000 J
b00000000000000000000000000000001 K
0P
b0000 R
#11725000
b0101 E
b0100 G
b100 H
1P
b00000000 V
1W
#11730000
0'
b00000000000000000000010000000111 /
b100000 0
b0110 E
b00000000000000000000000000000010 K
0P
#11735000
0;
1>
1B
1P
b0110 T
b110 U
b00000011 V
0W
#11740000
1$
1%
b00000000000000000000010000001000 /
b100100 0
b00000000000000000000000000011111 6
b0110 J
b00000000000000000000000000000001 K
b00000000000000000000000010010110 M
b0110 N
0P
b0110 R
#11745000
1P
b00000010 V
#11750000
0$
0%
1'
b00000000000000000000010000001001 /
b110000 0
b00000000000000000000000000000010 K
0P
#11755000
1P
b00000001 V
#11760000
1&
b00000000000000000000010000001010 /
b111000 0
b00000000000000000000000000000011 K
0P
#11765000
b0111 E
1P
b00000000 V
1W
#11770000
0&
0'
b00000000000000000000010000001011 /
b100000 0
b00000000000000000000000000000100 K
0P
#11775000
1<
0>
0B
1P
b0111 T
b00000001 V
0W
#11780000
1$
1%
1&
0(
b00000000000000000000010000001100 /
b001100 0
b0111 J
b00000000000000000000000000000001 K
0P
b0111 R
#11785000
b0000 E
1P
b00000000 V
1W
#11790000
0%
1'
1(
b00000000000000000000010000001101 /
b111001 0
b00000000000000000000000000000010 K
0P
#11795000
1;
0<
1P
b0000 T
b00000001 V
0W
#11800000
0$
1%
b00000000000000000000010000001110 /
b111010 0
b0000 J
b00000000000000000000000000000001 K
0P
b0000 R
#11805000
b0010 E
b0110 G
b110 H
1P
b00000000 V
1W
#11810000
0&
0'
b00000000000000000000010000001111 /
b100010 0
b00000000000000000000000000000010 K
0P
#11815000
0;
1=
1P
b0010 T
b010 U
b00000010 V
0W
#11820000
1$
0%
1&
1'
b00000000000000000000010000010000 /
b111001 0
b00000000000000000000000000010111 2
b0010 J
b00000000000000000000000000000001 K
b00000000000000000000000010010111 M
b0010 N
0P
b0010 R
#11825000
1P
b00000001 V
#11830000
0$
0&
0'
0(
b00000000000000000000010000010001 /
b000000 0
b00000000000000000000000000000010 K
0P
#11835000
b0111 E
1P
b00000000 V
1W
#11840000
b00000000000000000000010000010010 /
b00000000000000000000000000000011 K
0P
#11845000
1<
0=
1P
b0111 T
b00000001 V
0W
#11850000
1'
b00000000000000000000010000010011 /
b010000 0
b0111 J
b00000000000000000000000000000001 K
0P
b0111 R
#11855000
b0000 E
1P
b00000000 V
1W
#11860000
1$
0'
1(
b00000000000000000000010000010100 /
b100001 0
b00000000000000000000000000000010 K
0P
#11865000
1;
0<
1P
b0000 T
b00000001 V
0W
#11870000
0$
1%
1&
b00000000000000000000010000010101 /
b101010 0
b0000 J
b00000000000000000000000000000001 K
0P
b0000 R
#11875000
b0100 E
b0010 G
b010 H
1P
b00000000 V
1W
#11880000
1$
0%
0&
1'
0(
b00000000000000000000010000010110 /
b010001 0
b0101 E
b00000000000000000000000000000010 K
0P
#11885000
07
1:
1P
b0101 T
b101 U
b00000011 V
0W
#11890000
0$
1&
0'
1(
b00000000000000000000010000010111 /
b101000 0
b00000000000000000000000000100001 5
b0101 J
b00000000000000000000000000000001 K
b00000000000000000000000010011000 M
b0101 N
0P
b0101 R
#11895000
1P
b00000010 V
#11900000
1%
1'
0(
b00000000000000000000010000011000 /
b011010 0
b00000000000000000000000000000010 K
0P
#11905000
1P
b00000001 V
#11910000
1(
b00000000000000000000010000011001 /
b111010 0
b00000000000000000000000000000011 K
0P
#11915000
b0111 E
1P
b00000000 V
1W
#11920000
1$
0%
b00000000000000000000010000011010 /
b111001 0
b00000000000000000000000000000100 K
0P
#11925000
18
0:
1P
b0111 T
b00000001 V
0W
#11930000
0$
1%
b00000000000000000000010000011011 /
b111010 0
b0111 J
b00000000000000000000000000000001 K
0P
b0111 R
#11935000
b0000 E
1P
b00000000 V
1W
#11940000
0%
0&
b00000000000000000000010000011100 /
b110000 0
b00000000000000000000000000000010 K
0P
#11945000
17
08
1P
b0000 T
b00000001 V
0W
#11950000
1$
1&
b00000000000000000000010000011101 /
b111001 0
b0000 J
b00000000000000000000000000000001 K
0P
b0000 R
#11955000
b0110 E
b0101 G
b101 H
1P
b00000000 V
1W
#11960000
1%
0&
0'
0(
b00000000000000000000010000011110 /
b000100 0
b0011 E
b00000000000000000000000000000010 K
0P
#11965000
07
19
0;
1=
1P
b0011 T
b011 U
b00000010 V
0W
#11970000
0$
0%
1(
b00000000000000000000010000011111 /
b100000 0
b00000000000000000000000000010010 3
b0011 J
b00000000000000000000000000000001 K
b00000000000000000000000010011001 M
b0011 N
0P
b0011 R
#11975000
1P
b00000001 V
#11980000
b00000000000000000000010000100000 /
b00000000000000000000000000000010 K
0P
#11985000
b0111 E
1P
b00000000 V
1W
#11990000
1$
1&
1'
0(
b00000000000000000000010000100001 /
b011001 0
b00000000000000000000000000000011 K
0P
#11995000
18
09
1<
0=
1P
b0111 T
b00000001 V
0W
#12000000
0$
0&
1(
b00000000000000000000010000100010 /
b110000 0
b0111 J
b00000000000000000000000000000001 K
0P
b0111 R
#12005000
b0000 E
1P
b00000000 V
1W
#12010000
1$
1%
0'
b00000000000000000000010000100011 /
b100100 0
b00000000000000000000000000000010 K
0P
#12015000
17
08
1;
0<
1P
b0000 T
b00000001 V
0W
#12020000
0%
1&
1'
0(
b00000000000000000000010000100100 /
b011001 0
b0000 J
b00000000000000000000000000000001 K
0P
b0000 R
#12025000
b0100 E
b0011 G
b011 H
1P
b00000000 V
1W
#12030000
0$
1%
0&
0'
b00000000000000000000010000100101 /
b000010 0
b0010 E
b00000000000000000000000000000010 K
0P
#12035000
0;
1=
1P
b0010 T
b010 U
b00000010 V
0W
#12040000
0%
1&
1(
b00000000000000000000010000100110 /
b101000 0
b00000000000000000000000000011000 2
b0010 J
b00000000000000000000000000000001 K
b00000000000000000000000010011010 M
b0010 N
0P
b0010 R
#12045000
1P
b00000001 V
#12050000
1$
1%
0(
b00000000000000000000010000100111 /
b001100 0
b00000000000000000000000000000010 K
0P
#12055000
b0111 E
1P
b00000000 V
1W
#12060000
0$
1'
b00000000000000000000010000101000 /
b011010 0
b00000000000000000000000000000011 K
0P
#12065000
1<
0=
1P
b0111 T
b00000001 V
0W
#12070000
0%
0'
1(
b00000000000000000000010000101001 /
b101000 0
b0111 J
b00000000000000000000000000000001 K
0P
b0111 R
#12075000
b0000 E
1P
b00000000 V
1W
#12080000
1%
0&
b00000000000000000000010000101010 /
b100010 0
b00000000000000000000000000000010 K
0P
#12085000
1;
0<
1P
b0000 T
b00000001 V
0W
#12090000
1$
0%
1&
1'
0(
b00000000000000000000010000101011 /
b011001 0
b0000 J
b00000000000000000000000000000001 K
0P
b0000 R
#12095000
b0100 E
b0010 G
b010 H
1P
b00000000 V
1W
#12100000
1%
0&
0'
1(
b00000000000000000000010000101100 /
b100100 0
b0011 E
b00000000000000000000000000000010 K
0P
#12105000
07
19
0;
1=
1P
b0011 T
b011 U
b00000010 V
0W
#12110000
0$
1'
0(
b00000000000000000000010000101101 /
b010010 0
b00000000000000000000000000010011 3
b0011 J
b00000000000000000000000000000001 K
b00000000000000000000000010011011 M
b0011 N
0P
b0011 R
#12115000
1P
b00000001 V
#12120000
0%
0'
1(
b00000000000000000000010000101110 /
b100000 0
b00000000000000000000000000000010 K
0P
#12125000
b0111 E
1P
b00000000 V
1W
#12130000
1$
1%
b00000000000000000000010000101111 /
b100100 0
b00000000000000000000000000000011 K
0P
#12135000
18
09
1<
0=
1P
b0111 T
b00000001 V
0W
#12140000
1'
b00000000000000000000010000110000 /
b110100 0
b0111 J
b00000000000000000000000000000001 K
0P
b0111 R
#12145000
b0000 E
1P
b00000000 V
1W
#12150000
0$
0%
b00000000000000000000010000110001 /
b110000 0
b00000000000000000000000000000010 K
0P
#12155000
17
08
1;
0<
1P
b0000 T
b00000001 V
0W
#12160000
1&
0'
0(
b00000000000000000000010000110010 /
b001000 0
b0000 J
b00000000000000000000000000000001 K
0P
b0000 R
#12165000
b0100 E
b0011 G
b011 H
1P
b00000000 V
1W
#12170000
1(
b00000000000000000000010000110011 /
b101000 0
b00000000000000000000000000000010 K
0P
#12175000
0?
1A
1C
1P
b0100 T
b100 U
b00000100 V
0W
#12180000
1%
b00000000000000000000010000110100 /
b101010 0
b00000000000000000000000000100000 4
b0100 J
b00000000000000000000000000000001 K
b00000000000000000000000010011100 M
b0100 N
0P
b0100 R
#12185000
1P
b00000011 V
#12190000
0&
b00000000000000000000010000110101 /
b100010 0
b00000000000000000000000000000010 K
0P
#12195000
1P
b00000010 V
#12200000
1$
0%
0(
b00000000000000000000010000110110 /
b000001 0
b00000000000000000000000000000011 K
0P
#12205000
1P
b00000001 V
#12210000
1%
1&
b00000000000000000000010000110111 /
b001100 0
b00000000000000000000000000000100 K
0P
#12215000
b0111 E
1P
b00000000 V
1W
#12220000
0$
0%
1'
b00000000000000000000010000111000 /
b011000 0
b00000000000000000000000000000101 K
0P
#12225000
1@
0A
0C
1P
b0111 T
b00000001 V
0W
#12230000
1$
0&
0'
b00000000000000000000010000111001 /
b000001 0
b0111 J
b00000000000000000000000000000001 K
0P
b0111 R
#12235000
b0000 E
1P
b00000000 V
1W
#12240000
1&
1'
1(
b00000000000000000000010000111010 /
b111001 0
b00000000000000000000000000000010 K
0P
#12245000
1?
0@
1P
b0000 T
b00000001 V
0W
#12250000
1%
0&
0'
0(
b00000000000000000000010000111011 /
b000100 0
b0000 J
b00000000000000000000000000000001 K
0P
b0000 R
#12255000
b0011 E
b0100 G
b100 H
1P
b00000000 V
1W
#12260000
0$
1'
b00000000000000000000010000111100 /
b010010 0
b0101 E
b00000000000000000000000000000010 K
0P
#12265000
07
1:
1P
b0101 T
b101 U
b00000011 V
0W
#12270000
1$
1&
1(
b00000000000000000000010000111101 /
b111100 0
b00000000000000000000000000100010 5
b0101 J
b00000000000000000000000000000001 K
b00000000000000000000000010011101 M
b0101 N
0P
b0101 R
#12275000
1P
b00000010 V
#12280000
0$
0'
b00000000000000000000010000111110 /
b101010 0
b00000000000000000000000000000010 K
0P
#12285000
1P
b00000001 V
#12290000
0%
0&
1'
0(
b00000000000000000000010000111111 /
b010000 0
b00000000000000000000000000000011 K
0P
#12295000
b0111 E
1P
b00000000 V
1W
#12300000
1%
0'
1(
b00000000000000000000010001000000 /
b100010 0
b00000000000000000000000000000100 K
0P
#12305000
18
0:
1P
b0111 T
b00000001 V
0W
#12310000
1&
1'
b00000000000000000000010001000001 /
b111010 0
b0111 J
b00000000000000000000000000000001 K
0P
b0111 R
#12315000
b0000 E
1P
b00000000 V
1W
#12320000
0%
0&
0(
b00000000000000000000010001000010 /
b010000 0
b00000000000000000000000000000010 K
0P
#12325000
17
08
1P
b0000 T
b00000001 V
0W
#12330000
1%
1&
0'
1(
b00000000000000000000010001000011 /
b101010 0
b0000 J
b00000000000000000000000000000001 K
0P
b0000 R
#12335000
b0110 E
b0101 G
b101 H
1P
b00000000 V
1W
#12340000
1$
0%
b00000000000000000000010001000100 /
b101001 0
b00000000000000000000000000000010 K
0P
#12345000
0;
1>
1B
1P
b0110 T
b110 U
b00000011 V
0W
#12350000
0$
1'
b00000000000000000000010001000101 /
b111000 0
b00000000000000000000000000100000 6
b0110 J
b00000000000000000000000000000001 K
b00000000000000000000000010011110 M
b0110 N
0P
b0110 R
#12355000
1P
b00000010 V
#12360000
1$
1%
0'
0(
b00000000000000000000010001000110 /
b001100 0
b00000000000000000000000000000010 K
0P
#12365000
1P
b00000001 V
#12370000
0$
0&
1(
b00000000000000000000010001000111 /
b100010 0
b00000000000000000000000000000011 K
0P
#12375000
b0111 E
1P
b00000000 V
1W
#12380000
0%
b00000000000000000000010001001000 /
b100000 0
b00000000000000000000000000000100 K
0P
#12385000
1<
0>
0B
1P
b0111 T
b00000001 V
0W
#12390000
1$
1%
1'
b00000000000000000000010001001001 /
b110100 0
b0111 J
b00000000000000000000000000000001 K
0P
b0111 R
#12395000
b0000 E
1P
b00000000 V
1W
#12400000
0%
b00000000000000000000010001001010 /
b110001 0
b00000000000000000000000000000010 K
0P
#12405000
1;
0<
1P
b0000 T
b00000001 V
0W
#12410000
0$
1&
b00000000000000000000010001001011 /
b111000 0
b0000 J
b00000000000000000000000000000001 K
0P
b0000 R
#12415000
b0100 E
b0110 G
b110 H
1P
b00000000 V
1W
#12420000
1$
0(
b00000000000000000000010001001100 /
b011001 0
b0001 E
b00000000000000000000000000000010 K
0P
#12425000
07
19
1P
b0001 T
b001 U
b00000010 V
0W
#12430000
0&
1(
b00000000000000000000010001001101 /
b110001 0
b00000000000000000000000000010010 1
b0001 J
b00000000000000000000000000000001 K
b00000000000000000000000010011111 M
b0001 N
0P
b0001 R
#12435000
1P
b00000001 V
#12440000
0$
0'
b00000000000000000000010001001110 /
b100000 0
b00000000000000000000000000000010 K
0P
#12445000
b0111 E
1P
b00000000 V
1W
#12450000
1$
1&
1'
0(
b00000000000000000000010001001111 /
b011001 0
b00000000000000000000000000000011 K
0P
#12455000
18
09
1P
b0111 T
b00000001 V
0W
#12460000
0&
b00000000000000000000010001010000 /
b010001 0
b0111 J
b00000000000000000000000000000001 K
0P
b0111 R
#12465000
b0000 E
1P
b00000000 V
1W
#12470000
1%
0'
1(
b00000000000000000000010001010001 /
b100100 0
b00000000000000000000000000000010 K
0P
#12475000
17
08
1P
b0000 T
b00000001 V
0W
#12480000
0$
0%
1&
b00000000000000000000010001010010 /
b101000 0
b0000 J
b00000000000000000000000000000001 K
0P
b0000 R
#12485000
b0100 E
b0001 G
b001 H
1P
b00000000 V
1W
#12490000
1$
0&
b00000000000000000000010001010011 /
b100001 0
b0110 E
b00000000000000000000000000000010 K
0P
#12495000
0;
1>
1B
1P
b0110 T
b110 U
b00000011 V
0W
#12500000
1%
1&
1'
0(
b00000000000000000000010001010100 /
b011100 0
b00000000000000000000000000100001 6
b0110 J
b00000000000000000000000000000001 K
b00000000000000000000000010100000 M
b0110 N
0P
b0110 R
#12505000
1P
b00000010 V
#12510000
0$
0%
1(
b00000000000000000000010001010101 /
b111000 0
b00000000000000000000000000000010 K
0P
#12515000
1P
b00000001 V
#12520000
0&
0(
b00000000000000000000010001010110 /
b010000 0
b00000000000000000000000000000011 K
0P
#12525000
b0111 E
1P
b00000000 V
1W
#12530000
1$
1(
b00000000000000000000010001010111 /
b110001 0
b00000000000000000000000000000100 K
0P
#12535000
1<
0>
0B
1P
b0111 T
b00000001 V
0W
#12540000
1%
b00000000000000000000010001011000 /
b110100 0
b0111 J
b00000000000000000000000000000001 K
0P
b0111 R
#12545000
b0000 E
1P
b00000000 V
1W
#12550000
0$
0'
0(
b00000000000000000000010001011001 /
b000010 0
b00000000000000000000000000000010 K
0P
#12555000
1;
0<
1P
b0000 T
b00000001 V
0W
#12560000
0%
b00000000000000000000010001011010 /
b000000 0
b0000 J
b00000000000000000000000000000001 K
0P
b0000 R
#12565000
b0001 E
b0110 G
b110 H
0I
1P
b00000000 V
1W
#12570000
1$
1%
1&
1'
1(
b00000000000000000000010001011011 /
b111100 0
b0011 E
1I
b00000000000000000000000000000010 K
0P
#12575000
07
19
0;
1=
1P
b0011 T
b011 U
b00000010 V
0W
#12580000
0&
b00000000000000000000010001011100 /
b110100 0
b00000000000000000000000000010100 3
b0011 J
b00000000000000000000000000000001 K
b00000000000000000000000010100001 M
b0011 N
0P
b0011 R
#12585000
1P
b00000001 V
#12590000
0%
0'
b00000000000000000000010001011101 /
b100001 0
b00000000000000000000000000000010 K
0P
#12595000
b0111 E
1P
b00000000 V
1W
#12600000
1&
b00000000000000000000010001011110 /
b101001 0
b00000000000000000000000000000011 K
0P
#12605000
18
09
1<
0=
1P
b0111 T
b00000001 V
0W
#12610000
1'
0(
b00000000000000000000010001011111 /
b011001 0
b0111 J
b00000000000000000000000000000001 K
0P
b0111 R
#12615000
b0000 E
1P
b00000000 V
1W
#12620000
0$
1%
0&
0'
1(
b00000000000000000000010001100000 /
b100010 0
b00000000000000000000000000000010 K
0P
#12625000
17
08
1;
0<
1P
b0000 T
b00000001 V
0W
#12630000
0%
1'
0(
b00000000000000000000010001100001 /
b010000 0
b0000 J
b00000000000000000000000000000001 K
0P
b0000 R
#12635000
b0101 E
b0011 G
b011 H
1P
b00000000 V
1W
#12640000
1$
1&
b00000000000000000000010001100010 /
b011001 0
b0100 E
b00000000000000000000000000000010 K
0P
#12645000
0?
1A
1C
1P
b0100 T
b100 U
b00000100 V
0W
#12650000
0$
1%
0&
b00000000000000000000010001100011 /
b010010 0
b00000000000000000000000000100001 4
b0100 J
b00000000000000000000000000000001 K
b00000000000000000000000010100010 M
b0100 N
0P
b0100 R
#12655000
1P
b00000011 V
#12660000
0%
0'
1(
b00000000000000000000010001100100 /
b100000 0
b00000000000000000000000000000010 K
0P
#12665000
1P
b00000010 V
#12670000
b00000000000000000000010001100101 /
b00000000000000000000000000000011 K
0P
#12675000
1P
b00000001 V
#12680000
1&
b00000000000000000000010001100110 /
b101000 0
b00000000000000000000000000000100 K
0P
#12685000
b0111 E
1P
b00000000 V
1W
#12690000
b00000000000000000000010001100111 /
b00000000000000000000000000000101 K
0P
#12695000
1@
0A
0C
1P
b0111 T
b00000001 V
0W
#12700000
1$
1%
0&
1'
0(
b00000000000000000000010001101000 /
b010100 0
b0111 J
b00000000000000000000000000000001 K
0P
b0111 R
#12705000
b0000 E
1P
b00000000 V
1W
#12710000
0$
0%
1&
b00000000000000000000010001101001 /
b011000 0
b00000000000000000000000000000010 K
0P
#12715000
1?
0@
1P
b0000 T
b00000001 V
0W
#12720000
1%
0'
1(
b00000000000000000000010001101010 /
b101010 0
b0000 J
b00000000000000000000000000000001 K
0P
b0000 R
#12725000
b0110 E
b0100 G
b100 H
1P
b00000000 V
1W
#12730000
1$
0&
1'
b00000000000000000000010001101011 /
b110100 0
b0101 E
b00000000000000000000000000000010 K
0P
#12735000
07
1:
1P
b0101 T
b101 U
b00000011 V
0W
#12740000
0%
1&
b00000000000000000000010001101100 /
b111001 0
b00000000000000000000000000100011 5
b0101 J
b00000000000000000000000000000001 K
b00000000000000000000000010100011 M
b0101 N
0P
b0101 R
#12745000
1P
b00000010 V
#12750000
0&
0(
b00000000000000000000010001101101 /
b010001 0
b00000000000000000000000000000010 K
0P
#12755000
1P
b00000001 V
#12760000
0$
1%
0'
b00000000000000000000010001101110 /
b000010 0
b00000000000000000000000000000011 K
0P
#12765000
b0111 E
1P
b00000000 V
1W
#12770000
1$
1&
1(
b00000000000000000000010001101111 /
b101100 0
b00000000000000000000000000000100 K
0P
#12775000
18
0:
1P
b0111 T
b00000001 V
0W
#12780000
0(
b00000000000000000000010001110000 /
b001100 0
b0111 J
b00000000000000000000000000000001 K
0P
b0111 R
#12785000
b0000 E
1P
b00000000 V
1W
#12790000
0$
1'
1(
b00000000000000000000010001110001 /
b111010 0
b00000000000000000000000000000010 K
0P
#12795000
17
08
1P
b0000 T
b00000001 V
0W
#12800000
0%
b00000000000000000000010001110010 /
b111000 0
b0000 J
b00000000000000000000000000000001 K
0P
b0000 R
#12805000
b0110 E
b0101 G
b101 H
1P
b00000000 V
1W
#12810000
1$
0(
b00000000000000000000010001110011 /
b011001 0
b0001 E
b00000000000000000000000000000010 K
0P
#12815000
07
19
1P
b0001 T
b001 U
b00000010 V
0W
#12820000
0$
b00000000000000000000010001110100 /
b011000 0
b00000000000000000000000000010011 1
b0001 J
b00000000000000000000000000000001 K
b00000000000000000000000010100100 M
b0001 N
0P
b0001 R
#12825000
1P
b00000001 V
#12830000
1$
1%
1(
b00000000000000000000010001110101 /
b111100 0
b00000000000000000000000000000010 K
0P
#12835000
b0111 E
1P
b00000000 V
1W
#12840000
0(
b00000000000000000000010001110110 /
b011100 0
b00000000000000000000000000000011 K
0P
#12845000
18
09
1P
b0111 T
b00000001 V
0W
#12850000
1(
b00000000000000000000010001110111 /
b111100 0
b0111 J
b00000000000000000000000000000001 K
0P
b0111 R
#12855000
b0000 E
1P
b00000000 V
1W
#12860000
0%
0&
0(
b00000000000000000000010001111000 /
b010001 0
b00000000000000000000000000000010 K
0P
#12865000
17
08
1P
b0000 T
b00000001 V
0W
#12870000
0$
1%
1&
b00000000000000000000010001111001 /
b011010 0
b0000 J
b00000000000000000000000000000001 K
0P
b0000 R
#12875000
b0010 E
b0001 G
b001 H
1P
b00000000 V
1W
#12880000
0%
0'
1(
b00000000000000000000010001111010 /
b101000 0
b0100 E
b00000000000000000000000000000010 K
0P
#12885000
0?
1A
1C
1P
b0100 T
b100 U
b00000100 V
0W
#12890000
1$
1'
b00000000000000000000010001111011 /
b111001 0
b00000000000000000000000000100010 4
b0100 J
b00000000000000000000000000000001 K
b00000000000000000000000010100101 M
b0100 N
0P
b0100 R
#12895000
1P
b00000011 V
#12900000
1%
0&
0(
b00000000000000000000010001111100 /
b010100 0
b00000000000000000000000000000010 K
0P
#12905000
1P
b00000010 V
#12910000
1&
0'
1(
b00000000000000000000010001111101 /
b101100 0
b00000000000000000000000000000011 K
0P
#12915000
1P
b00000001 V
#12920000
1'
b00000000000000000000010001111110 /
b111100 0
b00000000000000000000000000000100 K
0P
#12925000
b0111 E
1P
b00000000 V
1W
#12930000
0$
0&
0(
b00000000000000000000010001111111 /
b010010 0
b00000000000000000000000000000101 K
0P
#12935000
1@
0A
0C
1P
b0111 T
b00000001 V
0W
#12940000
1$
0%
1(
b00000000000000000000010010000000 /
b110001 0
b0111 J
b00000000000000000000000000000001 K
0P
b0111 R
#12945000
b0000 E
1P
b00000000 V
1W
#12950000
1&
0(
b00000000000000000000010010000001 /
b011001 0
b00000000000000000000000000000010 K
0P
#12955000
1?
0@
1P
b0000 T
b00000001 V
0W
#12960000
1(
b00000000000000000000010010000010 /
b111001 0
b0000 J
b00000000000000000000000000000001 K
0P
b0000 R
#12965000
b0101 E
b0100 G
b100 H
1P
b00000000 V
1W
#12970000
0$
0(
b00000000000000000000010010000011 /
b011000 0
b00000000000000000000000000000010 K
0P
#12975000
07
1:
1P
b0101 T
b101 U
b00000011 V
0W
#12980000
1$
0&
b00000000000000000000010010000100 /
b010001 0
b00000000000000000000000000100100 5
b0101 J
b00000000000000000000000000000001 K
b00000000000000000000000010100110 M
b0101 N
0P
b0101 R
#12985000
1P
b00000010 V
#12990000
0$
1&
1(
b00000000000000000000010010000101 /
b111000 0
b00000000000000000000000000000010 K
0P
#12995000
1P
b00000001 V
#13000000
0&
b00000000000000000000010010000110 /
b110000 0
b00000000000000000000000000000011 K
0P
#13005000
b0111 E
1P
b00000000 V
1W
#13010000
1$
1%
0'
0(
b00000000000000000000010010000111 /
b000100 0
b00000000000000000000000000000100 K
0P
#13015000
18
0:
1P
b0111 T
b00000001 V
0W
#13020000
0%
1'
1(
b00000000000000000000010010001000 /
b110001 0
b0111 J
b00000000000000000000000000000001 K
0P
b0111 R
#13025000
b0000 E
1P
b00000000 V
1W
#13030000
1&
0'
b00000000000000000000010010001001 /
b101001 0
b00000000000000000000000000000010 K
0P
#13035000
17
08
1P
b0000 T
b00000001 V
0W
#13040000
1%
0&
b00000000000000000000010010001010 /
b100100 0
b0000 J
b00000000000000000000000000000001 K
0P
b0000 R
#13045000
b0110 E
b0101 G
b101 H
1P
b00000000 V
1W
#13050000
0%
1'
0(
b00000000000000000000010010001011 /
b010001 0
b0001 E
b00000000000000000000000000000010 K
0P
#13055000
07
19
1P
b0001 T
b001 U
b00000010 V
0W
#13060000
0$
1%
b00000000000000000000010010001100 /
b010010 0
b00000000000000000000000000010100 1
b0001 J
b00000000000000000000000000000001 K
b00000000000000000000000010100111 M
b0001 N
0P
b0001 R
#13065000
1P
b00000001 V
#13070000
1$
1&
0)
b00000000000000000000010010001101 /
b011100 0
b00000000000000000000000000000010 K
0P
#13075000
b0111 E
1P
b00000000 V
1W
#13080000
0$
0&
0'
1(
b00000000000000000000010010001110 /
b100010 0
b00000000000000000000000000000011 K
0P
#13085000
18
09
1P
b0111 T
b00000001 V
0W
#13090000
b00000000000000000000010010001111 /
b0111 J
b00000000000000000000000000000001 K
0P
b0111 R
#13095000
b0000 E
1P
b00000000 V
1W
#13100000
1$
0%
1&
1'
0(
b00000000000000000000010010010000 /
b011001 0
b00000000000000000000000000000010 K
0P
#13105000
17
08
1P
b0000 T
b00000001 V
0W
#13110000
0$
0&
0'
b00000000000000000000010010010001 /
b000000 0
b0000 J
b00000000000000000000000000000001 K
0P
b0000 R
#13115000
b0010 E
b0001 G
b001 H
0I
1P
b00000000 V
1W
#13120000
1$
1%
1&
1'
b00000000000000000000010010010010 /
b011100 0
b0011 E
1I
b00000000000000000000000000000010 K
0P
#13125000
07
19
0;
1=
1P
b0011 T
b011 U
b00000010 V
0W
#13130000
0$
0%
0&
0'
1(
b00000000000000000000010010010011 /
b100000 0
b00000000000000000000000000010101 3
b0011 J
b00000000000000000000000000000001 K
b00000000000000000000000010101000 M
b0011 N
0P
b0011 R
#13135000
1P
b00000001 V
#13140000
1%
1'
b00000000000000000000010010010100 /
b110010 0
b00000000000000000000000000000010 K
0P
#13145000
b0111 E
1P
b00000000 V
1W
#13150000
0%
b00000000000000000000010010010101 /
b110000 0
b00000000000000000000000000000011 K
0P
#13155000
18
09
1<
0=
1P
b0111 T
b00000001 V
0W
#13160000
1$
1&
b00000000000000000000010010010110 /
b111001 0
b0111 J
b00000000000000000000000000000001 K
0P
b0111 R
#13165000
b0000 E
1P
b00000000 V
1W
#13170000
0$
1%
0&
0'
b00000000000000000000010010010111 /
b100010 0
b00000000000000000000000000000010 K
0P
#13175000
17
08
1;
0<
1P
b0000 T
b00000001 V
0W
#13180000
1$
1'
0(
b00000000000000000000010010011000 /
b010100 0
b0000 J
b00000000000000000000000000000001 K
0P
b0000 R
#13185000
b0101 E
b0011 G
b011 H
1P
b00000000 V
1W
#13190000
0$
1&
0'
1(
b00000000000000000000010010011001 /
b101010 0
b0100 E
b00000000000000000000000000000010 K
0P
#13195000
0?
1A
1P
b0100 T
b100 U
b00000100 V
0W
#13200000
0%
0&
b00000000000000000000010010011010 /
b100000 0
b00000000000000000000000000100011 4
b0100 J
b00000000000000000000000000000001 K
b00000000000000000000000010101001 M
b0100 N
0P
b0100 R
#13205000
1P
b00000011 V
#13210000
b00000000000000000000010010011011 /
b00000000000000000000000000000010 K
0P
#13215000
1P
b00000010 V
#13220000
1$
1&
1'
0(
b00000000000000000000010010011100 /
b011001 0
b00000000000000000000000000000011 K
0P
#13225000
1P
b00000001 V
#13230000
0$
0&
b00000000000000000000010010011101 /
b010000 0
b00000000000000000000000000000100 K
0P
#13235000
b0111 E
1P
b00000000 V
1W
#13240000
0'
1(
b00000000000000000000010010011110 /
b100000 0
b00000000000000000000000000000101 K
0P
#13245000
1@
0A
1P
b0111 T
b00000001 V
0W
#13250000
1$
b00000000000000000000010010011111 /
b100001 0
b0111 J
b00000000000000000000000000000001 K
0P
b0111 R
#13255000
b0000 E
1P
b00000000 V
1W
#13260000
0$
1'
0(
b00000000000000000000010010100000 /
b010000 0
b00000000000000000000000000000010 K
0P
#13265000
1?
0@
1P
b0000 T
b00000001 V
0W
#13270000
1%
1&
b00000000000000000000010010100001 /
b011010 0
b0000 J
b00000000000000000000000000000001 K
0P
b0000 R
#13275000
b0101 E
b0100 G
b100 H
1P
b00000000 V
1W
#13280000
0&
0'
1(
b00000000000000000000010010100010 /
b100010 0
b0110 E
b00000000000000000000000000000010 K
0P
#13285000
0;
1>
1P
b0110 T
b110 U
b00000011 V
0W
#13290000
1&
1'
b00000000000000000000010010100011 /
b111010 0
b00000000000000000000000000100010 6
b0110 J
b00000000000000000000000000000001 K
b00000000000000000000000010101010 M
b0110 N
0P
b0110 R
#13295000
1P
b00000010 V
#13300000
0(
b00000000000000000000010010100100 /
b011010 0
b00000000000000000000000000000010 K
0P
#13305000
1P
b00000001 V
#13310000
1$
0%
0'
1(
b00000000000000000000010010100101 /
b101001 0
b00000000000000000000000000000011 K
0P
#13315000
b0111 E
1P
b00000000 V
1W
#13320000
0$
0&
1'
b00000000000000000000010010100110 /
b110000 0
b00000000000000000000000000000100 K
0P
#13325000
1<
0>
1P
b0111 T
b00000001 V
0W
#13330000
1$
1%
1&
0'
0(
b00000000000000000000010010100111 /
b001100 0
b0111 J
b00000000000000000000000000000001 K
0P
b0111 R
#13335000
b0000 E
1P
b00000000 V
1W
#13340000
0$
1(
b00000000000000000000010010101000 /
b101010 0
b00000000000000000000000000000010 K
0P
#13345000
1;
0<
1P
b0000 T
b00000001 V
0W
#13350000
0%
1'
b00000000000000000000010010101001 /
b111000 0
b0000 J
b00000000000000000000000000000001 K
0P
b0000 R
#13355000
b0100 E
b0110 G
b110 H
1P
b00000000 V
1W
#13360000
1%
0&
0'
b00000000000000000000010010101010 /
b100010 0
b0010 E
b00000000000000000000000000000010 K
0P
#13365000
0;
1=
1P
b0010 T
b010 U
b00000010 V
0W
#13370000
0%
1&
b00000000000000000000010010101011 /
b101000 0
b00000000000000000000000000011001 2
b0010 J
b00000000000000000000000000000001 K
b00000000000000000000000010101011 M
b0010 N
0P
b0010 R
#13375000
1P
b00000001 V
#13380000
1%
1'
0(
b00000000000000000000010010101100 /
b011010 0
b00000000000000000000000000000010 K
0P
#13385000
b0111 E
1P
b00000000 V
1W
#13390000
0%
1(
b00000000000000000000010010101101 /
b111000 0
b00000000000000000000000000000011 K
0P
#13395000
1<
0=
1P
b0111 T
b00000001 V
0W
#13400000
1%
0&
0(
b00000000000000000000010010101110 /
b010010 0
b0111 J
b00000000000000000000000000000001 K
0P
b0111 R
#13405000
b0000 E
1P
b00000000 V
1W
#13410000
0%
1&
b00000000000000000000010010101111 /
b011000 0
b00000000000000000000000000000010 K
0P
#13415000
1;
0<
1P
b0000 T
b00000001 V
0W
#13420000
1$
1%
0&
b00000000000000000000010010110000 /
b010100 0
b0000 J
b00000000000000000000000000000001 K
0P
b0000 R
#13425000
b0011 E
b0010 G
b010 H
1P
b00000000 V
1W
#13430000
0'
1(
b00000000000000000000010010110001 /
b100100 0
b00000000000000000000000000000010 K
0P
#13435000
07
19
0;
1=
1P
b0011 T
b011 U
b00000010 V
0W
#13440000
1'
0(
b00000000000000000000010010110010 /
b010100 0
b00000000000000000000000000010110 3
b0011 J
b00000000000000000000000000000001 K
b00000000000000000000000010101100 M
b0011 N
0P
b0011 R
#13445000
1P
b00000001 V
#13450000
b00000000000000000000010010110011 /
b00000000000000000000000000000010 K
0P
#13455000
b0111 E
1P
b00000000 V
1W
#13460000
0$
1&
0'
1(
b00000000000000000000010010110100 /
b101010 0
b00000000000000000000000000000011 K
0P
#13465000
18
09
1<
0=
1P
b0111 T
b00000001 V
0W
#13470000
0&
0(
b00000000000000000000010010110101 /
b000010 0
b0111 J
b00000000000000000000000000000001 K
0P
b0111 R
#13475000
b0000 E
1P
b00000000 V
1W
#13480000
1$
1&
1'
b00000000000000000000010010110110 /
b011100 0
b00000000000000000000000000000010 K
0P
#13485000
17
08
1;
0<
1P
b0000 T
b00000001 V
0W
#13490000
0$
0'
b00000000000000000000010010110111 /
b001010 0
b0000 J
b00000000000000000000000000000001 K
0P
b0000 R
#13495000
b0100 E
b0011 G
b011 H
1P
b00000000 V
1W
#13500000
0%
0&
b00000000000000000000010010111000 /
b000000 0
0I
b00000000000000000000000000000010 K
0P
#13505000
0?
1A
1P
b0100 T
b100 U
b00000100 V
0W
#13510000
1'
1(
b00000000000000000000010010111001 /
b110000 0
b00000000000000000000000000100100 4
b0100 J
b00000000000000000000000000000001 K
b00000000000000000000000010101101 M
b0100 N
0P
b0100 R
#13515000
1P
b00000011 V
#13520000
1%
b00000000000000000000010010111010 /
b110010 0
b00000000000000000000000000000010 K
0P
#13525000
1P
b00000010 V
#13530000
1&
0'
0(
b00000000000000000000010010111011 /
b001010 0
b00000000000000000000000000000011 K
0P
#13535000
1P
b00000001 V
#13540000
1$
0%
0&
1'
b00000000000000000000010010111100 /
b010001 0
b00000000000000000000000000000100 K
0P
#13545000
b0111 E
1P
b00000000 V
1W
#13550000
0$
1%
1(
b00000000000000000000010010111101 /
b110010 0
b00000000000000000000000000000101 K
0P
#13555000
1@
0A
1P
b0111 T
b00000001 V
0W
#13560000
1$
0%
1&
b00000000000000000000010010111110 /
b111001 0
b0111 J
b00000000000000000000000000000001 K
0P
b0111 R
#13565000
b0000 E
1P
b00000000 V
1W
#13570000
0(
b00000000000000000000010010111111 /
b011001 0
b00000000000000000000000000000010 K
0P
#13575000
1?
0@
1P
b0000 T
b00000001 V
0W
#13580000
1%
b00000000000000000000010011000000 /
b011100 0
b0000 J
b00000000000000000000000000000001 K
0P
b0000 R
#13585000
b0101 E
b0100 G
b100 H
1I
1P
b00000000 V
1W
#13590000
0&
b00000000000000000000010011000001 /
b010100 0
b00000000000000000000000000000010 K
0P
#13595000
07
1:
1P
b0101 T
b101 U
b00000011 V
0W
#13600000
0$
0'
b00000000000000000000010011000010 /
b000010 0
b00000000000000000000000000100101 5
b0101 J
b00000000000000000000000000000001 K
b00000000000000000000000010101110 M
b0101 N
0P
b0101 R
#13605000
1P
b00000010 V
#13610000
1$
1(
b00000000000000000000010011000011 /
b100100 0
b00000000000000000000000000000010 K
0P
#13615000
1P
b00000001 V
#13620000
0%
0(
b00000000000000000000010011000100 /
b000001 0
b00000000000000000000000000000011 K
0P
#13625000
b0111 E
1P
b00000000 V
1W
#13630000
0$
1'
1(
b00000000000000000000010011000101 /
b110000 0
b00000000000000000000000000000100 K
0P
#13635000
18
0:
1P
b0111 T
b00000001 V
0W
#13640000
1%
1&
0'
b00000000000000000000010011000110 /
b101010 0
b0111 J
b00000000000000000000000000000001 K
0P
b0111 R
#13645000
b0000 E
1P
b00000000 V
1W
#13650000
1$
0%
0&
b00000000000000000000010011000111 /
b100001 0
b00000000000000000000000000000010 K
0P
#13655000
17
08
1P
b0000 T
b00000001 V
0W
#13660000
1%
1'
0(
b00000000000000000000010011001000 /
b010100 0
b0000 J
b00000000000000000000000000000001 K
0P
b0000 R
#13665000
b0011 E
b0101 G
b101 H
1P
b00000000 V
1W
#13670000
0'
b00000000000000000000010011001001 /
b000100 0
b00000000000000000000000000000010 K
0P
#13675000
07
19
0;
1=
1P
b0011 T
b011 U
b00000010 V
0W
#13680000
0%
1'
1(
b00000000000000000000010011001010 /
b110001 0
b00000000000000000000000000010111 3
b0011 J
b00000000000000000000000000000001 K
b00000000000000000000000010101111 M
b0011 N
0P
b0011 R
#13685000
1P
b00000001 V
#13690000
1%
1&
0(
b00000000000000000000010011001011 /
b011100 0
b00000000000000000000000000000010 K
0P
#13695000
b0111 E
1P
b00000000 V
1W
#13700000
0&
0'
1(
b00000000000000000000010011001100 /
b100100 0
b00000000000000000000000000000011 K
0P
#13705000
18
09
1<
0=
1P
b0111 T
b00000001 V
0W
#13710000
0$
1'
b00000000000000000000010011001101 /
b110010 0
b0111 J
b00000000000000000000000000000001 K
0P
b0111 R
#13715000
b0000 E
1P
b00000000 V
1W
#13720000
1$
0%
b00000000000000000000010011001110 /
b110001 0
b00000000000000000000000000000010 K
0P
#13725000
17
08
1;
0<
1P
b0000 T
b00000001 V
0W
#13730000
0$
1%
1&
0(
b00000000000000000000010011001111 /
b011010 0
b0000 J
b00000000000000000000000000000001 K
0P
b0000 R
#13735000
b0100 E
b0011 G
b011 H
1P
b00000000 V
1W
#13740000
0&
0'
1(
b00000000000000000000010011010000 /
b100010 0
b0110 E
b00000000000000000000000000000010 K
0P
#13745000
0;
1>
1P
b0110 T
b110 U
b00000011 V
0W
#13750000
1$
0%
1&
b00000000000000000000010011010001 /
b101001 0
b00000000000000000000000000100011 6
b0110 J
b00000000000000000000000000000001 K
b00000000000000000000000010110000 M
b0110 N
0P
b0110 R
#13755000
1P
b00000010 V
#13760000
0$
0&
0(
b00000000000000000000010011010010 /
b000000 0
b00000000000000000000000000000010 K
0P
#13765000
1P
b00000001 V
#13770000
1$
1%
1&
b00000000000000000000010011010011 /
b001100 0
b00000000000000000000000000000011 K
0P
#13775000
b0111 E
1P
b00000000 V
1W
#13780000
0$
0&
1'
b00000000000000000000010011010100 /
b010010 0
b00000000000000000000000000000100 K
0P
#13785000
1<
0>
1P
b0111 T
b00000001 V
0W
#13790000
1$
0'
1(
b00000000000000000000010011010101 /
b100100 0
b0111 J
b00000000000000000000000000000001 K
0P
b0111 R
#13795000
b0000 E
1P
b00000000 V
1W
#13800000
0$
1'
b00000000000000000000010011010110 /
b110010 0
b00000000000000000000000000000010 K
0P
#13805000
1;
0<
1P
b0000 T
b00000001 V
0W
#13810000
0%
0(
b00000000000000000000010011010111 /
b010000 0
b0000 J
b00000000000000000000000000000001 K
0P
b0000 R
#13815000
b0101 E
b0110 G
b110 H
1P
b00000000 V
1W
#13820000
0'
b00000000000000000000010011011000 /
b000000 0
b0001 E
0I
b00000000000000000000000000000010 K
0P
#13825000
07
19
1P
b0001 T
b001 U
b00000010 V
0W
#13830000
1&
1'
1(
b00000000000000000000010011011001 /
b111000 0
b00000000000000000000000000010101 1
b0001 J
b00000000000000000000000000000001 K
b00000000000000000000000010110001 M
b0001 N
0P
b0001 R
#13835000
1P
b00000001 V
#13840000
0'
b00000000000000000000010011011010 /
b101000 0
b00000000000000000000000000000010 K
0P
#13845000
b0111 E
1P
b00000000 V
1W
#13850000
1$
0(
b00000000000000000000010011011011 /
b001001 0
b00000000000000000000000000000011 K
0P
#13855000
18
09
1P
b0111 T
b00000001 V
0W
#13860000
1(
b00000000000000000000010011011100 /
b101001 0
b0111 J
b00000000000000000000000000000001 K
0P
b0111 R
#13865000
b0000 E
1P
b00000000 V
1W
#13870000
0$
0&
b00000000000000000000010011011101 /
b100000 0
b00000000000000000000000000000010 K
0P
#13875000
17
08
1P
b0000 T
b00000001 V
0W
#13880000
1$
1%
b00000000000000000000010011011110 /
b100100 0
b0000 J
b00000000000000000000000000000001 K
0P
b0000 R
#13885000
b0011 E
b0001 G
b001 H
1I
1P
b00000000 V
1W
#13890000
0$
0%
1'
b00000000000000000000010011011111 /
b110000 0
b0101 E
b00000000000000000000000000000010 K
0P
#13895000
07
1:
1P
b0101 T
b101 U
b00000011 V
0W
#13900000
1%
1&
b00000000000000000000010011100000 /
b111010 0
b00000000000000000000000000100110 5
b0101 J
b00000000000000000000000000000001 K
b00000000000000000000000010110010 M
b0101 N
0P
b0101 R
#13905000
1P
b00000010 V
#13910000
1$
0'
0(
b00000000000000000000010011100001 /
b001100 0
b00000000000000000000000000000010 K
0P
#13915000
1P
b00000001 V
#13920000
0%
b00000000000000000000010011100010 /
b001001 0
b00000000000000000000000000000011 K
0P
#13925000
b0111 E
1P
b00000000 V
1W
#13930000
0$
1%
b00000000000000000000010011100011 /
b001010 0
b00000000000000000000000000000100 K
0P
#13935000
18
0:
1P
b0111 T
b00000001 V
0W
#13940000
1$
0%
b00000000000000000000010011100100 /
b001001 0
b0111 J
b00000000000000000000000000000001 K
0P
b0111 R
#13945000
b0000 E
1P
b00000000 V
1W
#13950000
1%
0&
1'
b00000000000000000000010011100101 /
b010100 0
b00000000000000000000000000000010 K
0P
#13955000
17
08
1P
b0000 T
b00000001 V
0W
#13960000
0$
0'
b00000000000000000000010011100110 /
b000010 0
b0000 J
b00000000000000000000000000000001 K
0P
b0000 R
#13965000
b0010 E
b0101 G
b101 H
1P
b00000000 V
1W
#13970000
1&
1(
b00000000000000000000010011100111 /
b101010 0
b0110 E
b00000000000000000000000000000010 K
0P
#13975000
0;
1>
1P
b0110 T
b110 U
b00000011 V
0W
#13980000
1$
0%
1'
0(
b00000000000000000000010011101000 /
b011001 0
b00000000000000000000000000100100 6
b0110 J
b00000000000000000000000000000001 K
b00000000000000000000000010110011 M
b0110 N
0P
b0110 R
#13985000
1P
b00000010 V
#13990000
0$
1(
b00000000000000000000010011101001 /
b111000 0
b00000000000000000000000000000010 K
0P
#13995000
1P
b00000001 V
#14000000
1$
0&
b00000000000000000000010011101010 /
b110001 0
b00000000000000000000000000000011 K
0P
#14005000
b0111 E
1P
b00000000 V
1W
#14010000
0'
b00000000000000000000010011101011 /
b100001 0
b00000000000000000000000000000100 K
0P
#14015000
1<
0>
1P
b0111 T
b00000001 V
0W
#14020000
1%
1&
0(
b00000000000000000000010011101100 /
b001100 0
b0111 J
b00000000000000000000000000000001 K
0P
b0111 R
#14025000
b0000 E
1P
b00000000 V
1W
#14030000
0$
b00000000000000000000010011101101 /
b001010 0
b00000000000000000000000000000010 K
0P
#14035000
1;
0<
1P
b0000 T
b00000001 V
0W
#14040000
0%
0&
1'
1(
b00000000000000000000010011101110 /
b110000 0
b0000 J
b00000000000000000000000000000001 K
0P
b0000 R
#14045000
b0101 E
b0110 G
b110 H
1P
b00000000 V
1W
#14050000
0'
b00000000000000000000010011101111 /
b100000 0
b0110 E
b00000000000000000000000000000010 K
0P
#14055000
0;
1>
1P
b0110 T
b00000011 V
0W
#14060000
1%
1&
b00000000000000000000010011110000 /
b101010 0
b00000000000000000000000000100101 6
b0110 J
b00000000000000000000000000000001 K
b00000000000000000000000010110100 M
0P
b0110 R
#14065000
1P
b00000010 V
#14070000
1'
b00000000000000000000010011110001 /
b111010 0
b00000000000000000000000000000010 K
0P
#14075000
1P
b00000001 V
#14080000
1$
0%
0&
0(
b00000000000000000000010011110010 /
b010001 0
b00000000000000000000000000000011 K
0P
#14085000
b0111 E
1P
b00000000 V
1W
#14090000
1%
1&
0'
b00000000000000000000010011110011 /
b001100 0
b00000000000000000000000000000100 K
0P
#14095000
1<
0>
1P
b0111 T
b00000001 V
0W
#14100000
0$
0%
1(
b00000000000000000000010011110100 /
b101000 0
b0111 J
b00000000000000000000000000000001 K
0P
b0111 R
#14105000
b0000 E
1P
b00000000 V
1W
#14110000
1$
0&
b00000000000000000000010011110101 /
b100001 0
b00000000000000000000000000000010 K
0P
#14115000
1;
0<
1P
b0000 T
b00000001 V
0W
#14120000
1'
b00000000000000000000010011110110 /
b110001 0
b0000 J
b00000000000000000000000000000001 K
0P
b0000 R
#14125000
b0001 E
1P
b00000000 V
1W
#14130000
0'
b00000000000000000000010011110111 /
b100001 0
b00000000000000000000000000000010 K
0P
#14135000
07
19
1P
b0001 T
b001 U
b00000010 V
0W
#14140000
1%
1'
0(
b00000000000000000000010011111000 /
b010100 0
b00000000000000000000000000010110 1
b0001 J
b00000000000000000000000000000001 K
b00000000000000000000000010110101 M
b0001 N
0P
b0001 R
#14145000
1P
b00000001 V
#14150000
b00000000000000000000010011111001 /
b00000000000000000000000000000010 K
0P
#14155000
b0111 E
1P
b00000000 V
1W
#14160000
0$
0%
1&
0'
1(
b00000000000000000000010011111010 /
b101000 0
b00000000000000000000000000000011 K
0P
#14165000
18
09
1P
b0111 T
b00000001 V
0W
#14170000
1%
1'
0(
b00000000000000000000010011111011 /
b011010 0
b0111 J
b00000000000000000000000000000001 K
0P
b0111 R
#14175000
b0000 E
1P
b00000000 V
1W
#14180000
0&
0'
1(
b00000000000000000000010011111100 /
b100010 0
b00000000000000000000000000000010 K
0P
#14185000
17
08
1P
b0000 T
b00000001 V
0W
#14190000
1$
0%
1'
b00000000000000000000010011111101 /
b110001 0
b0000 J
b00000000000000000000000000000001 K
0P
b0000 R
#14195000
b0101 E
b0001 G
b001 H
1P
b00000000 V
1W
#14200000
0$
1%
1&
0(
b00000000000000000000010011111110 /
b011010 0
b0010 E
b00000000000000000000000000000010 K
0P
#14205000
0;
1=
1P
b0010 T
b010 U
b00000010 V
0W
#14210000
0&
0'
b00000000000000000000010011111111 /
b000010 0
b00000000000000000000000000011010 2
b0010 J
b00000000000000000000000000000001 K
b00000000000000000000000010110110 M
b0010 N
0P
b0010 R
#14215000
1P
b00000001 V
#14220000
1$
1&
1(
b00000000000000000000010100000000 /
b101100 0
b00000000000000000000000000000010 K
0P
#14225000
b0111 E
1P
b00000000 V
1W
#14230000
0&
1'
b00000000000000000000010100000001 /
b110100 0
b00000000000000000000000000000011 K
0P
#14235000
1<
0=
1P
b0111 T
b00000001 V
0W
#14240000
0$
1&
0(
b00000000000000000000010100000010 /
b011010 0
b0111 J
b00000000000000000000000000000001 K
0P
b0111 R
#14245000
b0000 E
1P
b00000000 V
1W
#14250000
0%
0&
1(
b00000000000000000000010100000011 /
b110000 0
b00000000000000000000000000000010 K
0P
#14255000
1;
0<
1P
b0000 T
b00000001 V
0W
#14260000
1%
0'
b00000000000000000000010100000100 /
b100010 0
b0000 J
b00000000000000000000000000000001 K
0P
b0000 R
#14265000
b0110 E
b0010 G
b010 H
1P
b00000000 V
1W
#14270000
1&
b00000000000000000000010100000101 /
b101010 0
b0100 E
b00000000000000000000000000000010 K
0P
#14275000
0?
1A
1P
b0100 T
b100 U
b00000100 V
0W
#14280000
1'
0(
b00000000000000000000010100000110 /
b011010 0
b00000000000000000000000000100101 4
b0100 J
b00000000000000000000000000000001 K
b00000000000000000000000010110111 M
b0100 N
0P
b0100 R
#14285000
1P
b00000011 V
#14290000
0%
0&
b00000000000000000000010100000111 /
b010000 0
b00000000000000000000000000000010 K
0P
#14295000
1P
b00000010 V
#14300000
1$
1%
0'
1(
b00000000000000000000010100001000 /
b100100 0
b00000000000000000000000000000011 K
0P
#14305000
1P
b00000001 V
#14310000
0%
1&
1'
0(
b00000000000000000000010100001001 /
b011001 0
b00000000000000000000000000000100 K
0P
#14315000
b0111 E
1P
b00000000 V
1W
#14320000
0$
1%
0&
1(
b00000000000000000000010100001010 /
b110010 0
b00000000000000000000000000000101 K
0P
#14325000
1@
0A
1P
b0111 T
b00000001 V
0W
#14330000
b00000000000000000000010100001011 /
b0111 J
b00000000000000000000000000000001 K
0P
b0111 R
#14335000
b0000 E
1P
b00000000 V
1W
#14340000
1&
b00000000000000000000010100001100 /
b111010 0
b00000000000000000000000000000010 K
0P
#14345000
1?
0@
1P
b0000 T
b00000001 V
0W
#14350000
1$
0'
0(
b00000000000000000000010100001101 /
b001100 0
b0000 J
b00000000000000000000000000000001 K
0P
b0000 R
#14355000
b0011 E
b0100 G
b100 H
1P
b00000000 V
1W
#14360000
0$
0%
0&
1'
b00000000000000000000010100001110 /
b010000 0
b0101 E
b00000000000000000000000000000010 K
0P
#14365000
07
1:
1P
b0101 T
b101 U
b00000011 V
0W
#14370000
1$
1%
1&
0'
b00000000000000000000010100001111 /
b001100 0
b00000000000000000000000000100111 5
b0101 J
b00000000000000000000000000000001 K
b00000000000000000000000010111000 M
b0101 N
0P
b0101 R
#14375000
1P
b00000010 V
#14380000
0$
0%
1'
1(
b00000000000000000000010100010000 /
b111000 0
b00000000000000000000000000000010 K
0P
#14385000
1P
b00000001 V
#14390000
b00000000000000000000010100010001 /
b00000000000000000000000000000011 K
0P
#14395000
b0111 E
1P
b00000000 V
1W
#14400000
0&
0(
b00000000000000000000010100010010 /
b010000 0
b00000000000000000000000000000100 K
0P
#14405000
18
0:
1P
b0111 T
b00000001 V
0W
#14410000
1$
1&
b00000000000000000000010100010011 /
b011001 0
b0111 J
b00000000000000000000000000000001 K
0P
b0111 R
#14415000
b0000 E
1P
b00000000 V
1W
#14420000
1%
b00000000000000000000010100010100 /
b011100 0
b00000000000000000000000000000010 K
0P
#14425000
17
08
1P
b0000 T
b00000001 V
0W
#14430000
0$
b00000000000000000000010100010101 /
b011010 0
b0000 J
b00000000000000000000000000000001 K
0P
b0000 R
#14435000
b0010 E
b0101 G
b101 H
1P
b00000000 V
1W
#14440000
1$
0%
b00000000000000000000010100010110 /
b011001 0
b0001 E
b00000000000000000000000000000010 K
0P
#14445000
07
19
1P
b0001 T
b001 U
b00000010 V
0W
#14450000
0&
0'
b00000000000000000000010100010111 /
b000001 0
b00000000000000000000000000010111 1
b0001 J
b00000000000000000000000000000001 K
b00000000000000000000000010111001 M
b0001 N
0P
b0001 R
#14455000
1P
b00000001 V
#14460000
1%
1&
1'
1(
b00000000000000000000010100011000 /
b111100 0
b00000000000000000000000000000010 K
0P
#14465000
b0111 E
1P
b00000000 V
1W
#14470000
0&
b00000000000000000000010100011001 /
b110100 0
b00000000000000000000000000000011 K
0P
#14475000
18
09
1P
b0111 T
b00000001 V
0W
#14480000
0$
0'
b00000000000000000000010100011010 /
b100010 0
b0111 J
b00000000000000000000000000000001 K
0P
b0111 R
#14485000
b0000 E
1P
b00000000 V
1W
#14490000
1'
0(
b00000000000000000000010100011011 /
b010010 0
b00000000000000000000000000000010 K
0P
#14495000
17
08
1P
b0000 T
b00000001 V
0W
#14500000
0'
b00000000000000000000010100011100 /
b000010 0
b0000 J
b00000000000000000000000000000001 K
0P
b0000 R
#14505000
b0010 E
b0001 G
b001 H
1P
b00000000 V
1W
#14510000
1$
1'
1(
b00000000000000000000010100011101 /
b110100 0
b0011 E
b00000000000000000000000000000010 K
0P
#14515000
07
19
0;
1=
1P
b0011 T
b011 U
b00000010 V
0W
#14520000
0'
b00000000000000000000010100011110 /
b100100 0
b00000000000000000000000000011000 3
b0011 J
b00000000000000000000000000000001 K
b00000000000000000000000010111010 M
b0011 N
0P
b0011 R
#14525000
1P
b00000001 V
#14530000
1&
1'
b00000000000000000000010100011111 /
b111100 0
b00000000000000000000000000000010 K
0P
#14535000
b0111 E
1P
b00000000 V
1W
#14540000
0$
b00000000000000000000010100100000 /
b111010 0
b00000000000000000000000000000011 K
0P
#14545000
18
09
1<
0=
1P
b0111 T
b00000001 V
0W
#14550000
b00000000000000000000010100100001 /
b0111 J
b00000000000000000000000000000001 K
0P
b0111 R
#14555000
b0000 E
1P
b00000000 V
1W
#14560000
0(
b00000000000000000000010100100010 /
b011010 0
b00000000000000000000000000000010 K
0P
#14565000
17
08
1;
0<
1P
b0000 T
b00000001 V
0W
#14570000
1(
b00000000000000000000010100100011 /
b111010 0
b0000 J
b00000000000000000000000000000001 K
0P
b0000 R
#14575000
b0100 E
b0011 G
b011 H
1P
b00000000 V
1W
#14580000
1$
0%
0'
b00000000000000000000010100100100 /
b101001 0
b00000000000000000000000000000010 K
0P
#14585000
0?
1A
1P
b0100 T
b100 U
b00000100 V
0W
#14590000
1'
0(
b00000000000000000000010100100101 /
b011001 0
b00000000000000000000000000100110 4
b0100 J
b00000000000000000000000000000001 K
b00000000000000000000000010111011 M
b0100 N
0P
b0100 R
#14595000
1P
b00000011 V
#14600000
0$
1%
1(
b00000000000000000000010100100110 /
b111010 0
b00000000000000000000000000000010 K
0P
#14605000
1P
b00000010 V
#14610000
0%
0(
b00000000000000000000010100100111 /
b011000 0
b00000000000000000000000000000011 K
0P
#14615000
1P
b00000001 V
#14620000
1$
1%
1(
b00000000000000000000010100101000 /
b111100 0
b00000000000000000000000000000100 K
0P
#14625000
b0111 E
1P
b00000000 V
1W
#14630000
0$
0&
0(
b00000000000000000000010100101001 /
b010010 0
b00000000000000000000000000000101 K
0P
#14635000
1@
0A
1P
b0111 T
b00000001 V
0W
#14640000
1$
0%
1(
b00000000000000000000010100101010 /
b110001 0
b0111 J
b00000000000000000000000000000001 K
0P
b0111 R
#14645000
b0000 E
1P
b00000000 V
1W
#14650000
0$
0'
0(
b00000000000000000000010100101011 /
b000000 0
b00000000000000000000000000000010 K
0P
#14655000
1?
0@
1P
b0000 T
b00000001 V
0W
#14660000
1$
1&
1'
b00000000000000000000010100101100 /
b011001 0
b0000 J
b00000000000000000000000000000001 K
0P
b0000 R
#14665000
b0101 E
b0100 G
b100 H
1P
b00000000 V
1W
#14670000
1%
1(
b00000000000000000000010100101101 /
b111100 0
b00000000000000000000000000000010 K
0P
#14675000
07
1:
1P
b0101 T
b101 U
b00000011 V
0W
#14680000
0$
0'
0(
b00000000000000000000010100101110 /
b001010 0
b00000000000000000000000000101000 5
b0101 J
b00000000000000000000000000000001 K
b00000000000000000000000010111100 M
b0101 N
0P
b0101 R
#14685000
1P
b00000010 V
#14690000
1$
0%
0&
1'
1(
b00000000000000000000010100101111 /
b110001 0
b00000000000000000000000000000010 K
0P
#14695000
1P
b00000001 V
#14700000
0$
1&
0'
b00000000000000000000010100110000 /
b101000 0
b00000000000000000000000000000011 K
0P
#14705000
b0111 E
1P
b00000000 V
1W
#14710000
1%
0&
0(
b00000000000000000000010100110001 /
b000010 0
b00000000000000000000000000000100 K
0P
#14715000
18
0:
1P
b0111 T
b00000001 V
0W
#14720000
1$
0%
1&
b00000000000000000000010100110010 /
b001001 0
b0111 J
b00000000000000000000000000000001 K
0P
b0111 R
#14725000
b0000 E
1P
b00000000 V
1W
#14730000
0$
0&
b00000000000000000000010100110011 /
b000000 0
b00000000000000000000000000000010 K
0P
#14735000
17
08
1P
b0000 T
b00000001 V
0W
#14740000
1%
1&
1'
b00000000000000000000010100110100 /
b011010 0
b0000 J
b00000000000000000000000000000001 K
0P
b0000 R
#14745000
b0010 E
b0101 G
b101 H
1P
b00000000 V
1W
#14750000
1(
b00000000000000000000010100110101 /
b111010 0
b0110 E
b00000000000000000000000000000010 K
0P
#14755000
0;
1>
1P
b0110 T
b110 U
b00000011 V
0W
#14760000
0'
0(
b00000000000000000000010100110110 /
b001010 0
b00000000000000000000000000100110 6
b0110 J
b00000000000000000000000000000001 K
b00000000000000000000000010111101 M
b0110 N
0P
b0110 R
#14765000
1P
b00000010 V
#14770000
0%
0&
1(
b00000000000000000000010100110111 /
b100000 0
b00000000000000000000000000000010 K
0P
#14775000
1P
b00000001 V
#14780000
1$
1%
1&
1'
b00000000000000000000010100111000 /
b111100 0
b00000000000000000000000000000011 K
0P
#14785000
b0111 E
1P
b00000000 V
1W
#14790000
0&
0(
b00000000000000000000010100111001 /
b010100 0
b00000000000000000000000000000100 K
0P
#14795000
1<
0>
1P
b0111 T
b00000001 V
0W
#14800000
0%
1(
b00000000000000000000010100111010 /
b110001 0
b0111 J
b00000000000000000000000000000001 K
0P
b0111 R
#14805000
b0000 E
1P
b00000000 V
1W
#14810000
1%
0'
b00000000000000000000010100111011 /
b100100 0
b00000000000000000000000000000010 K
0P
#14815000
1;
0<
1P
b0000 T
b00000001 V
0W
#14820000
0$
b00000000000000000000010100111100 /
b100010 0
b0000 J
b00000000000000000000000000000001 K
0P
b0000 R
#14825000
b0010 E
b0110 G
b110 H
1P
b00000000 V
1W
#14830000
0%
1&
b00000000000000000000010100111101 /
b101000 0
b0100 E
b00000000000000000000000000000010 K
0P
#14835000
0?
1A
1P
b0100 T
b100 U
b00000100 V
0W
#14840000
1$
1%
0&
0(
b00000000000000000000010100111110 /
b000100 0
b00000000000000000000000000100111 4
b0100 J
b00000000000000000000000000000001 K
b00000000000000000000000010111110 M
b0100 N
0P
b0100 R
#14845000
1P
b00000011 V
#14850000
1&
b00000000000000000000010100111111 /
b001100 0
b00000000000000000000000000000010 K
0P
#14855000
1P
b00000010 V
#14860000
0$
0&
1'
1(
b00000000000000000000010101000000 /
b110010 0
b00000000000000000000000000000011 K
0P
#14865000
1P
b00000001 V
#14870000
b00000000000000000000010101000001 /
b00000000000000000000000000000100 K
0P
#14875000
b0111 E
1P
b00000000 V
1W
#14880000
b00000000000000000000010101000010 /
b00000000000000000000000000000101 K
0P
#14885000
1@
0A
1P
b0111 T
b00000001 V
0W
#14890000
1$
1&
b00000000000000000000010101000011 /
b111100 0
b0111 J
b00000000000000000000000000000001 K
0P
b0111 R
#14895000
b0000 E
1P
b00000000 V
1W
#14900000
b00000000000000000000010101000100 /
b00000000000000000000000000000010 K
0P
#14905000
1?
0@
1P
b0000 T
b00000001 V
0W
#14910000
0$
0%
0'
0(
b00000000000000000000010101000101 /
b001000 0
b0000 J
b00000000000000000000000000000001 K
0P
b0000 R
#14915000
b0100 E
b0100 G
b100 H
1P
b00000000 V
1W
#14920000
1%
0&
1'
b00000000000000000000010101000110 /
b010010 0
b0101 E
b00000000000000000000000000000010 K
0P
#14925000
07
1:
1P
b0101 T
b101 U
b00000011 V
0W
#14930000
1$
1&
0'
b00000000000000000000010101000111 /
b001100 0
b00000000000000000000000000101001 5
b0101 J
b00000000000000000000000000000001 K
b00000000000000000000000010111111 M
b0101 N
0P
b0101 R
#14935000
1P
b00000010 V
#14940000
b00000000000000000000010101001000 /
b00000000000000000000000000000010 K
0P
#14945000
1P
b00000001 V
#14950000
0%
0&
1'
1(
b00000000000000000000010101001001 /
b110001 0
b00000000000000000000000000000011 K
0P
#14955000
b0111 E
1P
b00000000 V
1W
#14960000
0$
1%
0'
0(
b00000000000000000000010101001010 /
b000010 0
b00000000000000000000000000000100 K
0P
#14965000
18
0:
1P
b0111 T
b00000001 V
0W
#14970000
0%
1&
b00000000000000000000010101001011 /
b001000 0
b0111 J
b00000000000000000000000000000001 K
0P
b0111 R
#14975000
b0000 E
1P
b00000000 V
1W
#14980000
1'
b00000000000000000000010101001100 /
b011000 0
b00000000000000000000000000000010 K
0P
#14985000
17
08
1P
b0000 T
b00000001 V
0W
#14990000
1$
0'
1(
b00000000000000000000010101001101 /
b101001 0
b0000 J
b00000000000000000000000000000001 K
0P
b0000 R
#14995000
b0110 E
b0101 G
b101 H
1P
b00000000 V
1W
#15000000
0$
1'
0(
b00000000000000000000010101001110 /
b011000 0
b0100 E
b00000000000000000000000000000010 K
0P
#15005000
0?
1A
1P
b0100 T
b100 U
b00000100 V
0W
#15010000
1$
1%
0'
1)
b00000000000000000000010101001111 /
b001100 0
b00000000000000000000000000101000 4
1C
b0100 J
b00000000000000000000000000000001 K
b00000000000000000000000011000000 M
b0100 N
0P
b0100 R
#15015000
1P
b00000011 V
#15020000
0%
b00000000000000000000010101010000 /
b001001 0
b00000000000000000000000000000010 K
0P
#15025000
1P
b00000010 V
#15030000
0$
0&
1'
b00000000000000000000010101010001 /
b010000 0
b00000000000000000000000000000011 K
0P
#15035000
1P
b00000001 V
#15040000
1$
0'
b00000000000000000000010101010010 /
b000001 0
b00000000000000000000000000000100 K
0P
#15045000
b0111 E
1P
b00000000 V
1W
#15050000
1&
1'
1(
b00000000000000000000010101010011 /
b111001 0
b00000000000000000000000000000101 K
0P
#15055000
1@
0A
0C
1P
b0111 T
b00000001 V
0W
#15060000
0$
1%
0(
b00000000000000000000010101010100 /
b011010 0
b0111 J
b00000000000000000000000000000001 K
0P
b0111 R
#15065000
b0000 E
1P
b00000000 V
1W
#15070000
0'
b00000000000000000000010101010101 /
b001010 0
b00000000000000000000000000000010 K
0P
#15075000
1?
0@
1P
b0000 T
b00000001 V
0W
#15080000
b00000000000000000000010101010110 /
b0000 J
b00000000000000000000000000000001 K
0P
b0000 R
#15085000
b0010 E
b0100 G
b100 H
1P
b00000000 V
1W
#15090000
0%
1(
b00000000000000000000010101010111 /
b101000 0
b0110 E
b00000000000000000000000000000010 K
0P
#15095000
0;
1>
1B
1P
b0110 T
b110 U
b00000011 V
0W
#15100000
0&
0(
b00000000000000000000010101011000 /
b000000 0
b00000000000000000000000000100111 6
b0110 J
b00000000000000000000000000000001 K
b00000000000000000000000011000001 M
b0110 N
0P
b0110 R
#15105000
1P
b00000010 V
#15110000
1$
1%
1'
b00000000000000000000010101011001 /
b010100 0
b00000000000000000000000000000010 K
0P
#15115000
1P
b00000001 V
#15120000
1&
1(
b00000000000000000000010101011010 /
b111100 0
b00000000000000000000000000000011 K
0P
#15125000
b0111 E
1P
b00000000 V
1W
#15130000
0'
b00000000000000000000010101011011 /
b101100 0
b00000000000000000000000000000100 K
0P
#15135000
1<
0>
0B
1P
b0111 T
b00000001 V
0W
#15140000
0$
0&
b00000000000000000000010101011100 /
b100010 0
b0111 J
b00000000000000000000000000000001 K
0P
b0111 R
#15145000
b0000 E
1P
b00000000 V
1W
#15150000
1$
0(
b00000000000000000000010101011101 /
b000100 0
b00000000000000000000000000000010 K
0P
#15155000
1;
0<
1P
b0000 T
b00000001 V
0W
#15160000
0%
1(
b00000000000000000000010101011110 /
b100001 0
b0000 J
b00000000000000000000000000000001 K
0P
b0000 R
#15165000
b0001 E
b0110 G
b110 H
1P
b00000000 V
1W
#15170000
0$
b00000000000000000000010101011111 /
b100000 0
b0110 E
b00000000000000000000000000000010 K
0P
#15175000
0;
1>
1B
1P
b0110 T
b00000011 V
0W
#15180000
1%
1'
0(
b00000000000000000000010101100000 /
b010010 0
b00000000000000000000000000101000 6
b0110 J
b00000000000000000000000000000001 K
b00000000000000000000000011000010 M
0P
b0110 R
#15185000
1P
b00000010 V
#15190000
1$
1&
0'
b00000000000000000000010101100001 /
b001100 0
b00000000000000000000000000000010 K
0P
#15195000
1P
b00000001 V
#15200000
0%
1'
b00000000000000000000010101100010 /
b011001 0
b00000000000000000000000000000011 K
0P
#15205000
b0111 E
1P
b00000000 V
1W
#15210000
0$
0'
b00000000000000000000010101100011 /
b001000 0
b00000000000000000000000000000100 K
0P
#15215000
1<
0>
0B
1P
b0111 T
b00000001 V
0W
#15220000
1$
1(
b00000000000000000000010101100100 /
b101001 0
b0111 J
b00000000000000000000000000000001 K
0P
b0111 R
#15225000
b0000 E
1P
b00000000 V
1W
#15230000
0$
1%
b00000000000000000000010101100101 /
b101010 0
b00000000000000000000000000000010 K
0P
#15235000
1;
0<
1P
b0000 T
b00000001 V
0W
#15240000
0%
0&
0(
b00000000000000000000010101100110 /
b000000 0
b0000 J
b00000000000000000000000000000001 K
0P
b0000 R
#15245000
b0001 E
0I
1P
b00000000 V
1W
#15250000
1&
1'
b00000000000000000000010101100111 /
b011000 0
b0100 E
1I
b00000000000000000000000000000010 K
0P
#15255000
0?
1A
1C
1P
b0100 T
b100 U
b00000100 V
0W
#15260000
1$
0&
b00000000000000000000010101101000 /
b010001 0
b00000000000000000000000000101001 4
b0100 J
b00000000000000000000000000000001 K
b00000000000000000000000011000011 M
b0100 N
0P
b0100 R
#15265000
1P
b00000011 V
#15270000
0$
1%
1&
b00000000000000000000010101101001 /
b011010 0
b00000000000000000000000000000010 K
0P
#15275000
1P
b00000010 V
#15280000
1$
0%
0&
b00000000000000000000010101101010 /
b010001 0
b00000000000000000000000000000011 K
0P
#15285000
1P
b00000001 V
#15290000
0$
1%
1&
1(
b00000000000000000000010101101011 /
b111010 0
b00000000000000000000000000000100 K
0P
#15295000
b0111 E
1P
b00000000 V
1W
#15300000
1$
0&
0'
0(
b00000000000000000000010101101100 /
b000100 0
b00000000000000000000000000000101 K
0P
#15305000
1@
0A
0C
1P
b0111 T
b00000001 V
0W
#15310000
1&
1'
1(
b00000000000000000000010101101101 /
b111100 0
b0111 J
b00000000000000000000000000000001 K
0P
b0111 R
#15315000
b0000 E
1P
b00000000 V
1W
#15320000
0&
0'
b00000000000000000000010101101110 /
b100100 0
b00000000000000000000000000000010 K
0P
#15325000
1?
0@
1P
b0000 T
b00000001 V
0W
#15330000
0%
1&
0(
b00000000000000000000010101101111 /
b001001 0
b0000 J
b00000000000000000000000000000001 K
0P
b0000 R
#15335000
b0001 E
b0100 G
b100 H
1P
b00000000 V
1W
#15340000
0$
1%
1(
b00000000000000000000010101110000 /
b101010 0
b0110 E
b00000000000000000000000000000010 K
0P
#15345000
0;
1>
1B
1P
b0110 T
b110 U
b00000011 V
0W
#15350000
1$
0%
1'
0(
b00000000000000000000010101110001 /
b011001 0
b00000000000000000000000000101001 6
b0110 J
b00000000000000000000000000000001 K
b00000000000000000000000011000100 M
b0110 N
0P
b0110 R
#15355000
1P
b00000010 V
#15360000
0'
1(
b00000000000000000000010101110010 /
b101001 0
b00000000000000000000000000000010 K
0P
#15365000
1P
b00000001 V
#15370000
1'
0(
b00000000000000000000010101110011 /
b011001 0
b00000000000000000000000000000011 K
0P
#15375000
b0111 E
1P
b00000000 V
1W
#15380000
0'
b00000000000000000000010101110100 /
b001001 0
b00000000000000000000000000000100 K
0P
#15385000
1<
0>
0B
1P
b0111 T
b00000001 V
0W
#15390000
1'
1(
b00000000000000000000010101110101 /
b111001 0
b0111 J
b00000000000000000000000000000001 K
0P
b0111 R
#15395000
b0000 E
1P
b00000000 V
1W
#15400000
0$
1%
0(
b00000000000000000000010101110110 /
b011010 0
b00000000000000000000000000000010 K
0P
#15405000
1;
0<
1P
b0000 T
b00000001 V
0W
#15410000
0%
b00000000000000000000010101110111 /
b011000 0
b0000 J
b00000000000000000000000000000001 K
0P
b0000 R
#15415000
b0100 E
b0110 G
b110 H
1P
b00000000 V
1W
#15420000
1%
0'
1(
b00000000000000000000010101111000 /
b101010 0
b0010 E
b00000000000000000000000000000010 K
0P
#15425000
0;
1=
1P
b0010 T
b010 U
b00000010 V
0W
#15430000
1$
0(
b00000000000000000000010101111001 /
b001100 0
b00000000000000000000000000011011 2
b0010 J
b00000000000000000000000000000001 K
b00000000000000000000000011000101 M
b0010 N
0P
b0010 R
#15435000
1P
b00000001 V
#15440000
1'
1(
b00000000000000000000010101111010 /
b111100 0
b00000000000000000000000000000010 K
0P
#15445000
b0111 E
1P
b00000000 V
1W
#15450000
b00000000000000000000010101111011 /
b00000000000000000000000000000011 K
0P
#15455000
1<
0=
1P
b0111 T
b00000001 V
0W
#15460000
0'
0(
b00000000000000000000010101111100 /
b001100 0
b0111 J
b00000000000000000000000000000001 K
0P
b0111 R
#15465000
b0000 E
1P
b00000000 V
1W
#15470000
0%
1(
b00000000000000000000010101111101 /
b101001 0
b00000000000000000000000000000010 K
0P
#15475000
1;
0<
1P
b0000 T
b00000001 V
0W
#15480000
0$
0(
b00000000000000000000010101111110 /
b001000 0
b0000 J
b00000000000000000000000000000001 K
0P
b0000 R
#15485000
b0100 E
b0010 G
b010 H
1P
b00000000 V
1W
#15490000
1'
b00000000000000000000010101111111 /
b011000 0
b00000000000000000000000000000010 K
0P
#15495000
0?
1A
1C
1P
b0100 T
b100 U
b00000100 V
0W
#15500000
1$
1%
1(
b00000000000000000000010110000000 /
b111100 0
b00000000000000000000000000101010 4
b0100 J
b00000000000000000000000000000001 K
b00000000000000000000000011000110 M
b0100 N
0P
b0100 R
#15505000
1P
b00000011 V
#15510000
0$
0&
0'
0(
b00000000000000000000010110000001 /
b000010 0
b00000000000000000000000000000010 K
0P
#15515000
1P
b00000010 V
#15520000
1$
0%
1&
b00000000000000000000010110000010 /
b001001 0
b00000000000000000000000000000011 K
0P
#15525000
1P
b00000001 V
#15530000
1%
1(
b00000000000000000000010110000011 /
b101100 0
b00000000000000000000000000000100 K
0P
#15535000
b0111 E
1P
b00000000 V
1W
#15540000
0$
0&
b00000000000000000000010110000100 /
b100010 0
b00000000000000000000000000000101 K
0P
#15545000
1@
0A
0C
1P
b0111 T
b00000001 V
0W
#15550000
0%
0(
b00000000000000000000010110000101 /
b000000 0
b0111 J
b00000000000000000000000000000001 K
0P
b0111 R
#15555000
b0000 E
1P
b00000000 V
1W
#15560000
1'
1(
b00000000000000000000010110000110 /
b110000 0
b00000000000000000000000000000010 K
0P
#15565000
1?
0@
1P
b0000 T
b00000001 V
0W
#15570000
1$
0(
b00000000000000000000010110000111 /
b010001 0
b0000 J
b00000000000000000000000000000001 K
0P
b0000 R
#15575000
b0101 E
b0100 G
b100 H
1P
b00000000 V
1W
#15580000
0$
1%
b00000000000000000000010110001000 /
b010010 0
b00000000000000000000000000000010 K
0P
#15585000
07
1:
1P
b0101 T
b101 U
b00000011 V
0W
#15590000
1$
0%
1&
0'
b00000000000000000000010110001001 /
b001001 0
b00000000000000000000000000101010 5
b0101 J
b00000000000000000000000000000001 K
b00000000000000000000000011000111 M
b0101 N
0P
b0101 R
#15595000
1P
b00000010 V
#15600000
0$
1'
b00000000000000000000010110001010 /
b011000 0
b00000000000000000000000000000010 K
0P
#15605000
1P
b00000001 V
#15610000
1$
1%
0&
b00000000000000000000010110001011 /
b010100 0
b00000000000000000000000000000011 K
0P
#15615000
b0111 E
1P
b00000000 V
1W
#15620000
0%
b00000000000000000000010110001100 /
b010001 0
b00000000000000000000000000000100 K
0P
#15625000
18
0:
1P
b0111 T
b00000001 V
0W
#15630000
1%
0'
b00000000000000000000010110001101 /
b000100 0
b0111 J
b00000000000000000000000000000001 K
0P
b0111 R
#15635000
b0000 E
1P
b00000000 V
1W
#15640000
0%
1&
1'
1(
b00000000000000000000010110001110 /
b111001 0
b00000000000000000000000000000010 K
0P
#15645000
17
08
1P
b0000 T
b00000001 V
0W
#15650000
0$
0&
0'
b00000000000000000000010110001111 /
b100000 0
b0000 J
b00000000000000000000000000000001 K
0P
b0000 R
#15655000
b0110 E
b0101 G
b101 H
1P
b00000000 V
1W
#15660000
b00000000000000000000010110010000 /
b00000000000000000000000000000010 K
0P
#15665000
0;
1>
1B
1P
b0110 T
b110 U
b00000011 V
0W
#15670000
1&
0(
b00000000000000000000010110010001 /
b001000 0
b00000000000000000000000000101010 6
b0110 J
b00000000000000000000000000000001 K
b00000000000000000000000011001000 M
b0110 N
0P
b0110 R
#15675000
1P
b00000010 V
#15680000
b00000000000000000000010110010010 /
b00000000000000000000000000000010 K
0P
#15685000
1P
b00000001 V
#15690000
1%
b00000000000000000000010110010011 /
b001010 0
b00000000000000000000000000000011 K
0P
#15695000
b0111 E
1P
b00000000 V
1W
#15700000
1$
0&
1'
1(
b00000000000000000000010110010100 /
b110100 0
b00000000000000000000000000000100 K
0P
#15705000
1<
0>
0B
1P
b0111 T
b00000001 V
0W
#15710000
1&
0'
0(
b00000000000000000000010110010101 /
b001100 0
b0111 J
b00000000000000000000000000000001 K
0P
b0111 R
#15715000
b0000 E
1P
b00000000 V
1W
#15720000
1(
b00000000000000000000010110010110 /
b101100 0
b00000000000000000000000000000010 K
0P
#15725000
1;
0<
1P
b0000 T
b00000001 V
0W
#15730000
0$
0%
1'
0(
b00000000000000000000010110010111 /
b011000 0
b0000 J
b00000000000000000000000000000001 K
0P
b0000 R
#15735000
b0100 E
b0110 G
b110 H
1P
b00000000 V
1W
#15740000
1$
1%
0&
1(
b00000000000000000000010110011000 /
b110100 0
b0011 E
b00000000000000000000000000000010 K
0P
#15745000
07
19
0;
1=
1P
b0011 T
b011 U
b00000010 V
0W
#15750000
0$
0%
1&
0(
b00000000000000000000010110011001 /
b011000 0
b00000000000000000000000000011001 3
b0011 J
b00000000000000000000000000000001 K
b00000000000000000000000011001001 M
b0011 N
0P
b0011 R
#15755000
1P
b00000001 V
#15760000
0'
b00000000000000000000010110011010 /
b001000 0
b00000000000000000000000000000010 K
0P
#15765000
b0111 E
1P
b00000000 V
1W
#15770000
1$
1%
0&
b00000000000000000000010110011011 /
b000100 0
b00000000000000000000000000000011 K
0P
#15775000
18
09
1<
0=
1P
b0111 T
b00000001 V
0W
#15780000
1(
b00000000000000000000010110011100 /
b100100 0
b0111 J
b00000000000000000000000000000001 K
0P
b0111 R
#15785000
b0000 E
1P
b00000000 V
1W
#15790000
0$
1'
0(
b00000000000000000000010110011101 /
b010010 0
b00000000000000000000000000000010 K
0P
#15795000
17
08
1;
0<
1P
b0000 T
b00000001 V
0W
#15800000
1&
b00000000000000000000010110011110 /
b011010 0
b0000 J
b00000000000000000000000000000001 K
0P
b0000 R
#15805000
b0100 E
b0011 G
b011 H
1P
b00000000 V
1W
#15810000
0%
0'
b00000000000000000000010110011111 /
b001000 0
b00000000000000000000000000000010 K
0P
#15815000
0?
1A
1C
1P
b0100 T
b100 U
b00000100 V
0W
#15820000
1'
1(
b00000000000000000000010110100000 /
b111000 0
b00000000000000000000000000101011 4
b0100 J
b00000000000000000000000000000001 K
b00000000000000000000000011001010 M
b0100 N
0P
b0100 R
#15825000
1P
b00000011 V
#15830000
0&
0'
b00000000000000000000010110100001 /
b100000 0
b00000000000000000000000000000010 K
0P
#15835000
1P
b00000010 V
#15840000
1&
b00000000000000000000010110100010 /
b101000 0
b00000000000000000000000000000011 K
0P
#15845000
1P
b00000001 V
#15850000
1$
1%
0&
1'
0(
b00000000000000000000010110100011 /
b010100 0
b00000000000000000000000000000100 K
0P
#15855000
b0111 E
1P
b00000000 V
1W
#15860000
b00000000000000000000010110100100 /
b00000000000000000000000000000101 K
0P
#15865000
1@
0A
0C
1P
b0111 T
b00000001 V
0W
#15870000
0%
b00000000000000000000010110100101 /
b010001 0
b0111 J
b00000000000000000000000000000001 K
0P
b0111 R
#15875000
b0000 E
1P
b00000000 V
1W
#15880000
0$
0'
b00000000000000000000010110100110 /
b000000 0
b00000000000000000000000000000010 K
0P
#15885000
1?
0@
1P
b0000 T
b00000001 V
0W
#15890000
b00000000000000000000010110100111 /
b0000 J
b00000000000000000000000000000001 K
0P
b0000 R
#15895000
b0101 E
b0100 G
b100 H
0I
1P
b00000000 V
1W
#15900000
1%
1&
1'
1(
b00000000000000000000010110101000 /
b111010 0
1I
b00000000000000000000000000000010 K
0P
#15905000
07
1:
1P
b0101 T
b101 U
b00000011 V
0W
#15910000
1$
0%
0'
0(
b00000000000000000000010110101001 /
b001001 0
b00000000000000000000000000101011 5
b0101 J
b00000000000000000000000000000001 K
b00000000000000000000000011001011 M
b0101 N
0P
b0101 R
#15915000
1P
b00000010 V
#15920000
0&
1'
1(
b00000000000000000000010110101010 /
b110001 0
b00000000000000000000000000000010 K
0P
#15925000
1P
b00000001 V
#15930000
1%
1&
0'
b00000000000000000000010110101011 /
b101100 0
b00000000000000000000000000000011 K
0P
#15935000
b0111 E
1P
b00000000 V
1W
#15940000
0&
0(
b00000000000000000000010110101100 /
b000100 0
b00000000000000000000000000000100 K
0P
#15945000
18
0:
1P
b0111 T
b00000001 V
0W
#15950000
0%
1&
b00000000000000000000010110101101 /
b001001 0
b0111 J
b00000000000000000000000000000001 K
0P
b0111 R
#15955000
b0000 E
1P
b00000000 V
1W
#15960000
0$
0&
b00000000000000000000010110101110 /
b000000 0
b00000000000000000000000000000010 K
0P
#15965000
17
08
1P
b0000 T
b00000001 V
0W
#15970000
1&
1'
1(
b00000000000000000000010110101111 /
b111000 0
b0000 J
b00000000000000000000000000000001 K
0P
b0000 R
#15975000
b0110 E
b0101 G
b101 H
1P
b00000000 V
1W
#15980000
1%
0)
b00000000000000000000010110110000 /
b111010 0
b00000000000000000000000000000010 K
0P
#15985000
0;
1>
1P
b0110 T
b110 U
b00000011 V
0W
#15990000
1$
0&
b00000000000000000000010110110001 /
b110100 0
b00000000000000000000000000101011 6
b0110 J
b00000000000000000000000000000001 K
b00000000000000000000000011001100 M
b0110 N
0P
b0110 R
#15995000
1P
b00000010 V
#16000000
0$
1&
b00000000000000000000010110110010 /
b111010 0
b00000000000000000000000000000010 K
0P
#16005000
1P
b00000001 V
#16010000
1$
0'
b00000000000000000000010110110011 /
b101100 0
b00000000000000000000000000000011 K
0P
#16015000
b0111 E
1P
b00000000 V
1W
#16020000
0$
b00000000000000000000010110110100 /
b101010 0
b00000000000000000000000000000100 K
0P
#16025000
1<
0>
1P
b0111 T
b00000001 V
0W
#16030000
1'
0(
b00000000000000000000010110110101 /
b011010 0
b0111 J
b00000000000000000000000000000001 K
0P
b0111 R
#16035000
b0000 E
1P
b00000000 V
1W
#16040000
1$
1(
b00000000000000000000010110110110 /
b111100 0
b00000000000000000000000000000010 K
0P
#16045000
1;
0<
1P
b0000 T
b00000001 V
0W
#16050000
0$
0%
0'
b00000000000000000000010110110111 /
b101000 0
b0000 J
b00000000000000000000000000000001 K
0P
b0000 R
#16055000
b0100 E
b0110 G
b110 H
1P
b00000000 V
1W
#16060000
1%
1'
0(
b00000000000000000000010110111000 /
b011010 0
b0010 E
b00000000000000000000000000000010 K
0P
#16065000
0;
1=
1P
b0010 T
b010 U
b00000010 V
0W
#16070000
1$
1(
b00000000000000000000010110111001 /
b111100 0
b00000000000000000000000000011100 2
b0010 J
b00000000000000000000000000000001 K
b00000000000000000000000011001101 M
b0010 N
0P
b0010 R
#16075000
1P
b00000001 V
#16080000
0&
0(
b00000000000000000000010110111010 /
b010100 0
b00000000000000000000000000000010 K
0P
#16085000
b0111 E
1P
b00000000 V
1W
#16090000
1&
b00000000000000000000010110111011 /
b011100 0
b00000000000000000000000000000011 K
0P
#16095000
1<
0=
1P
b0111 T
b00000001 V
0W
#16100000
0$
1(
b00000000000000000000010110111100 /
b111010 0
b0111 J
b00000000000000000000000000000001 K
0P
b0111 R
#16105000
b0000 E
1P
b00000000 V
1W
#16110000
0'
0(
b00000000000000000000010110111101 /
b001010 0
b00000000000000000000000000000010 K
0P
#16115000
1;
0<
1P
b0000 T
b00000001 V
0W
#16120000
1$
0%
0&
b00000000000000000000010110111110 /
b000001 0
b0000 J
b00000000000000000000000000000001 K
0P
b0000 R
#16125000
b0001 E
b0010 G
b010 H
1P
b00000000 V
1W
#16130000
0$
1%
1&
b00000000000000000000010110111111 /
b001010 0
b0100 E
b00000000000000000000000000000010 K
0P
#16135000
0?
1A
1P
b0100 T
b100 U
b00000100 V
0W
#16140000
0%
b00000000000000000000010111000000 /
b001000 0
b00000000000000000000000000101100 4
b0100 J
b00000000000000000000000000000001 K
b00000000000000000000000011001110 M
b0100 N
0P
b0100 R
#16145000
1P
b00000011 V
#16150000
b00000000000000000000010111000001 /
b00000000000000000000000000000010 K
0P
#16155000
1P
b00000010 V
#16160000
1%
0&
1(
b00000000000000000000010111000010 /
b100010 0
b00000000000000000000000000000011 K
0P
#16165000
1P
b00000001 V
#16170000
1'
b00000000000000000000010111000011 /
b110010 0
b00000000000000000000000000000100 K
0P
#16175000
b0111 E
1P
b00000000 V
1W
#16180000
0(
b00000000000000000000010111000100 /
b010010 0
b00000000000000000000000000000101 K
0P
#16185000
1@
0A
1P
b0111 T
b00000001 V
0W
#16190000
1$
b00000000000000000000010111000101 /
b010100 0
b0111 J
b00000000000000000000000000000001 K
0P
b0111 R
#16195000
b0000 E
1P
b00000000 V
1W
#16200000
0%
b00000000000000000000010111000110 /
b010001 0
b00000000000000000000000000000010 K
0P
#16205000
1?
0@
1P
b0000 T
b00000001 V
0W
#16210000
0$
0'
1(
b00000000000000000000010111000111 /
b100000 0
b0000 J
b00000000000000000000000000000001 K
0P
b0000 R
#16215000
b0110 E
b0100 G
b100 H
1P
b00000000 V
1W
#16220000
1$
1%
b00000000000000000000010111001000 /
b100100 0
b00000000000000000000000000000010 K
0P
#16225000
0;
1>
1P
b0110 T
b110 U
b00000011 V
0W
#16230000
0%
0(
b00000000000000000000010111001001 /
b000001 0
b00000000000000000000000000101100 6
b0110 J
b00000000000000000000000000000001 K
b00000000000000000000000011001111 M
b0110 N
0P
b0110 R
#16235000
1P
b00000010 V
#16240000
1%
1'
1(
b00000000000000000000010111001010 /
b110100 0
b00000000000000000000000000000010 K
0P
#16245000
1P
b00000001 V
#16250000
0$
0%
1&
0'
b00000000000000000000010111001011 /
b101000 0
b00000000000000000000000000000011 K
0P
#16255000
b0111 E
1P
b00000000 V
1W
#16260000
0&
1'
b00000000000000000000010111001100 /
b110000 0
b00000000000000000000000000000100 K
0P
#16265000
1<
0>
1P
b0111 T
b00000001 V
0W
#16270000
1$
1%
0'
b00000000000000000000010111001101 /
b100100 0
b0111 J
b00000000000000000000000000000001 K
0P
b0111 R
#16275000
b0000 E
1P
b00000000 V
1W
#16280000
0$
1&
1'
0(
b00000000000000000000010111001110 /
b011010 0
b00000000000000000000000000000010 K
0P
#16285000
1;
0<
1P
b0000 T
b00000001 V
0W
#16290000
1$
0&
0'
b00000000000000000000010111001111 /
b000100 0
b0000 J
b00000000000000000000000000000001 K
0P
b0000 R
#16295000
b0011 E
b0110 G
b110 H
1P
b00000000 V
1W
#16300000
1'
1(
b00000000000000000000010111010000 /
b110100 0
b00000000000000000000000000000010 K
0P
#16305000
07
19
0;
1=
1P
b0011 T
b011 U
b00000010 V
0W
#16310000
0%
b00000000000000000000010111010001 /
b110001 0
b00000000000000000000000000011010 3
b0011 J
b00000000000000000000000000000001 K
b00000000000000000000000011010000 M
b0011 N
0P
b0011 R
#16315000
1P
b00000001 V
#16320000
1&
0'
0(
b00000000000000000000010111010010 /
b001001 0
b00000000000000000000000000000010 K
0P
#16325000
b0111 E
1P
b00000000 V
1W
#16330000
0&
b00000000000000000000010111010011 /
b000001 0
b00000000000000000000000000000011 K
0P
#16335000
18
09
1<
0=
1P
b0111 T
b00000001 V
0W
#16340000
1%
1'
1(
b00000000000000000000010111010100 /
b110100 0
b0111 J
b00000000000000000000000000000001 K
0P
b0111 R
#16345000
b0000 E
1P
b00000000 V
1W
#16350000
0$
0%
1&
0'
0(
b00000000000000000000010111010101 /
b001000 0
b00000000000000000000000000000010 K
0P
#16355000
17
08
1;
0<
1P
b0000 T
b00000001 V
0W
#16360000
1$
1%
b00000000000000000000010111010110 /
b001100 0
b0000 J
b00000000000000000000000000000001 K
0P
b0000 R
#16365000
b0100 E
b0011 G
b011 H
1P
b00000000 V
1W
#16370000
b00000000000000000000010111010111 /
b00000000000000000000000000000010 K
0P
#16375000
0?
1A
1P
b0100 T
b100 U
b00000100 V
0W
#16380000
0&
1'
b00000000000000000000010111011000 /
b010100 0
b00000000000000000000000000101101 4
b0100 J
b00000000000000000000000000000001 K
b00000000000000000000000011010001 M
b0100 N
0P
b0100 R
#16385000
1P
b00000011 V
#16390000
0$
0%
0'
1(
b00000000000000000000010111011001 /
b100000 0
b00000000000000000000000000000010 K
0P
#16395000
1P
b00000010 V
#16400000
1$
1%
1&
0(
b00000000000000000000010111011010 /
b001100 0
b00000000000000000000000000000011 K
0P
#16405000
1P
b00000001 V
#16410000
0$
0&
1'
b00000000000000000000010111011011 /
b010010 0
b00000000000000000000000000000100 K
0P
#16415000
b0111 E
1P
b00000000 V
1W
#16420000
b00000000000000000000010111011100 /
b00000000000000000000000000000101 K
0P
#16425000
1@
0A
1P
b0111 T
b00000001 V
0W
#16430000
1&
b00000000000000000000010111011101 /
b011010 0
b0111 J
b00000000000000000000000000000001 K
0P
b0111 R
#16435000
b0000 E
1P
b00000000 V
1W
#16440000
0%
1(
b00000000000000000000010111011110 /
b111000 0
b00000000000000000000000000000010 K
0P
#16445000
1?
0@
1P
b0000 T
b00000001 V
0W
#16450000
0(
b00000000000000000000010111011111 /
b011000 0
b0000 J
b00000000000000000000000000000001 K
0P
b0000 R
#16455000
b0101 E
b0100 G
b100 H
1P
b00000000 V
1W
#16460000
1%
0&
b00000000000000000000010111100000 /
b010010 0
b00000000000000000000000000000010 K
0P
#16465000
07
1:
1P
b0101 T
b101 U
b00000011 V
0W
#16470000
0'
b00000000000000000000010111100001 /
b000010 0
b00000000000000000000000000101100 5
b0101 J
b00000000000000000000000000000001 K
b00000000000000000000000011010010 M
b0101 N
0P
b0101 R
#16475000
1P
b00000010 V
#16480000
1$
1(
b00000000000000000000010111100010 /
b100100 0
b00000000000000000000000000000010 K
0P
#16485000
1P
b00000001 V
#16490000
0%
1&
1'
b00000000000000000000010111100011 /
b111001 0
b00000000000000000000000000000011 K
0P
#16495000
b0111 E
1P
b00000000 V
1W
#16500000
0$
1%
0&
b00000000000000000000010111100100 /
b110010 0
b00000000000000000000000000000100 K
0P
#16505000
18
0:
1P
b0111 T
b00000001 V
0W
#16510000
0'
0(
b00000000000000000000010111100101 /
b000010 0
b0111 J
b00000000000000000000000000000001 K
0P
b0111 R
#16515000
b0000 E
1P
b00000000 V
1W
#16520000
1$
b00000000000000000000010111100110 /
b000100 0
b00000000000000000000000000000010 K
0P
#16525000
17
08
1P
b0000 T
b00000001 V
0W
#16530000
0$
1&
b00000000000000000000010111100111 /
b001010 0
b0000 J
b00000000000000000000000000000001 K
0P
b0000 R
#16535000
b0010 E
b0101 G
b101 H
1P
b00000000 V
1W
#16540000
0%
0&
1'
b00000000000000000000010111101000 /
b010000 0
b0101 E
b00000000000000000000000000000010 K
0P
#16545000
07
1:
1P
b0101 T
b00000011 V
0W
#16550000
1%
1&
1(
b00000000000000000000010111101001 /
b111010 0
b00000000000000000000000000101101 5
b0101 J
b00000000000000000000000000000001 K
b00000000000000000000000011010011 M
0P
b0101 R
#16555000
1P
b00000010 V
#16560000
1$
0%
0'
0(
b00000000000000000000010111101010 /
b001001 0
b00000000000000000000000000000010 K
0P
#16565000
1P
b00000001 V
#16570000
0&
1'
b00000000000000000000010111101011 /
b010001 0
b00000000000000000000000000000011 K
0P
#16575000
b0111 E
1P
b00000000 V
1W
#16580000
1%
0'
b00000000000000000000010111101100 /
b000100 0
b00000000000000000000000000000100 K
0P
#16585000
18
0:
1P
b0111 T
b00000001 V
0W
#16590000
0%
1'
b00000000000000000000010111101101 /
b010001 0
b0111 J
b00000000000000000000000000000001 K
0P
b0111 R
#16595000
b0000 E
1P
b00000000 V
1W
#16600000
0$
1%
1(
b00000000000000000000010111101110 /
b110010 0
b00000000000000000000000000000010 K
0P
#16605000
17
08
1P
b0000 T
b00000001 V
0W
#16610000
1$
1&
0(
b00000000000000000000010111101111 /
b011100 0
b0000 J
b00000000000000000000000000000001 K
0P
b0000 R
#16615000
b0011 E
1P
b00000000 V
1W
#16620000
0&
b00000000000000000000010111110000 /
b010100 0
b00000000000000000000000000000010 K
0P
#16625000
07
19
0;
1=
1P
b0011 T
b011 U
b00000010 V
0W
#16630000
0$
1&
0'
b00000000000000000000010111110001 /
b001010 0
b00000000000000000000000000011011 3
b0011 J
b00000000000000000000000000000001 K
b00000000000000000000000011010100 M
b0011 N
0P
b0011 R
#16635000
1P
b00000001 V
#16640000
1$
b00000000000000000000010111110010 /
b001100 0
b00000000000000000000000000000010 K
0P
#16645000
b0111 E
1P
b00000000 V
1W
#16650000
1'
1(
b00000000000000000000010111110011 /
b111100 0
b00000000000000000000000000000011 K
0P
#16655000
18
09
1<
0=
1P
b0111 T
b00000001 V
0W
#16660000
0$
0&
0(
b00000000000000000000010111110100 /
b010010 0
b0111 J
b00000000000000000000000000000001 K
0P
b0111 R
#16665000
b0000 E
1P
b00000000 V
1W
#16670000
1$
0'
b00000000000000000000010111110101 /
b000100 0
b00000000000000000000000000000010 K
0P
#16675000
17
08
1;
0<
1P
b0000 T
b00000001 V
0W
#16680000
1'
b00000000000000000000010111110110 /
b010100 0
b0000 J
b00000000000000000000000000000001 K
0P
b0000 R
#16685000
b0101 E
b0011 G
b011 H
1P
b00000000 V
1W
#16690000
0'
b00000000000000000000010111110111 /
b000100 0
b0011 E
b00000000000000000000000000000010 K
0P
#16695000
07
19
0;
1=
1P
b0011 T
b00000010 V
0W
#16700000
0$
0%
1'
b00000000000000000000010111111000 /
b010000 0
b00000000000000000000000000011100 3
b0011 J
b00000000000000000000000000000001 K
b00000000000000000000000011010101 M
0P
b0011 R
#16705000
1P
b00000001 V
#16710000
1$
1&
b00000000000000000000010111111001 /
b011001 0
b00000000000000000000000000000010 K
0P
#16715000
b0111 E
1P
b00000000 V
1W
#16720000
0&
0'
1(
b00000000000000000000010111111010 /
b100001 0
b00000000000000000000000000000011 K
0P
#16725000
18
09
1<
0=
1P
b0111 T
b00000001 V
0W
#16730000
0$
1%
1&
b00000000000000000000010111111011 /
b101010 0
b0111 J
b00000000000000000000000000000001 K
0P
b0111 R
#16735000
b0000 E
1P
b00000000 V
1W
#16740000
1$
0%
1'
0(
b00000000000000000000010111111100 /
b011001 0
b00000000000000000000000000000010 K
0P
#16745000
17
08
1;
0<
1P
b0000 T
b00000001 V
0W
#16750000
0$
1%
0&
1(
b00000000000000000000010111111101 /
b110010 0
b0000 J
b00000000000000000000000000000001 K
0P
b0000 R
#16755000
b0101 E
1P
b00000000 V
1W
#16760000
1&
0'
b00000000000000000000010111111110 /
b101010 0
b0100 E
b00000000000000000000000000000010 K
0P
#16765000
0?
1A
1P
b0100 T
b100 U
b00000100 V
0W
#16770000
1$
0%
0&
b00000000000000000000010111111111 /
b100001 0
b00000000000000000000000000101110 4
b0100 J
b00000000000000000000000000000001 K
b00000000000000000000000011010110 M
b0100 N
0P
b0100 R
#16775000
1P
b00000011 V
#16780000
0$
1'
b00000000000000000000011000000000 /
b110000 0
b00000000000000000000000000000010 K
0P
#16785000
1P
b00000010 V
#16790000
1$
0(
b00000000000000000000011000000001 /
b010001 0
b00000000000000000000000000000011 K
0P
#16795000
1P
b00000001 V
#16800000
0$
1%
1&
1(
b00000000000000000000011000000010 /
b111010 0
b00000000000000000000000000000100 K
0P
#16805000
b0111 E
1P
b00000000 V
1W
#16810000
b00000000000000000000011000000011 /
b00000000000000000000000000000101 K
0P
#16815000
1@
0A
1P
b0111 T
b00000001 V
0W
#16820000
1$
0%
0&
0'
0(
b00000000000000000000011000000100 /
b000001 0
b0111 J
b00000000000000000000000000000001 K
0P
b0111 R
#16825000
b0000 E
1P
b00000000 V
1W
#16830000
0$
1'
1(
b00000000000000000000011000000101 /
b110000 0
b00000000000000000000000000000010 K
0P
#16835000
1?
0@
1P
b0000 T
b00000001 V
0W
#16840000
1%
1&
0(
b00000000000000000000011000000110 /
b011010 0
b0000 J
b00000000000000000000000000000001 K
0P
b0000 R
#16845000
b0101 E
b0100 G
b100 H
1P
b00000000 V
1W
#16850000
1$
0%
0&
0'
b00000000000000000000011000000111 /
b000001 0
b0001 E
b00000000000000000000000000000010 K
0P
#16855000
07
19
1P
b0001 T
b001 U
b00000010 V
0W
#16860000
1%
1&
1'
b00000000000000000000011000001000 /
b011100 0
b00000000000000000000000000011000 1
b0001 J
b00000000000000000000000000000001 K
b00000000000000000000000011010111 M
b0001 N
0P
b0001 R
#16865000
1P
b00000001 V
#16870000
0'
1(
b00000000000000000000011000001001 /
b101100 0
b00000000000000000000000000000010 K
0P
#16875000
b0111 E
1P
b00000000 V
1W
#16880000
0$
1'
b00000000000000000000011000001010 /
b111010 0
b00000000000000000000000000000011 K
0P
#16885000
18
09
1P
b0111 T
b00000001 V
0W
#16890000
1$
0%
0(
b00000000000000000000011000001011 /
b011001 0
b0111 J
b00000000000000000000000000000001 K
0P
b0111 R
#16895000
b0000 E
1P
b00000000 V
1W
#16900000
0&
0'
1(
b00000000000000000000011000001100 /
b100001 0
b00000000000000000000000000000010 K
0P
#16905000
17
08
1P
b0000 T
b00000001 V
0W
#16910000
0$
1&
0(
b00000000000000000000011000001101 /
b001000 0
b0000 J
b00000000000000000000000000000001 K
0P
b0000 R
#16915000
b0100 E
b0001 G
b001 H
1P
b00000000 V
1W
#16920000
1$
1%
0&
1(
b00000000000000000000011000001110 /
b100100 0
b0011 E
b00000000000000000000000000000010 K
0P
#16925000
07
19
0;
1=
1P
b0011 T
b011 U
b00000010 V
0W
#16930000
0$
0(
b00000000000000000000011000001111 /
b000010 0
b00000000000000000000000000011101 3
b0011 J
b00000000000000000000000000000001 K
b00000000000000000000000011011000 M
b0011 N
0P
b0011 R
#16935000
1P
b00000001 V
#16940000
1$
0%
1&
b00000000000000000000011000010000 /
b001001 0
b00000000000000000000000000000010 K
0P
#16945000
b0111 E
1P
b00000000 V
1W
#16950000
1(
b00000000000000000000011000010001 /
b101001 0
b00000000000000000000000000000011 K
0P
#16955000
18
09
1<
0=
1P
b0111 T
b00000001 V
0W
#16960000
1%
0&
0(
b00000000000000000000011000010010 /
b000100 0
b0111 J
b00000000000000000000000000000001 K
0P
b0111 R
#16965000
b0000 E
1P
b00000000 V
1W
#16970000
0$
0%
1(
b00000000000000000000011000010011 /
b100000 0
b00000000000000000000000000000010 K
0P
#16975000
17
08
1;
0<
1P
b0000 T
b00000001 V
0W
#16980000
1$
1&
0(
b00000000000000000000011000010100 /
b001001 0
b0000 J
b00000000000000000000000000000001 K
0P
b0000 R
#16985000
b0100 E
b0011 G
b011 H
1P
b00000000 V
1W
#16990000
1%
0&
1'
1(
b00000000000000000000011000010101 /
b110100 0
b0101 E
b00000000000000000000000000000010 K
0P
#16995000
07
1:
1P
b0101 T
b101 U
b00000011 V
0W
#17000000
0%
0(
b00000000000000000000011000010110 /
b010001 0
b00000000000000000000000000101110 5
b0101 J
b00000000000000000000000000000001 K
b00000000000000000000000011011001 M
b0101 N
0P
b0101 R
#17005000
1P
b00000010 V
#17010000
0$
1%
1&
0'
1(
b00000000000000000000011000010111 /
b101010 0
b00000000000000000000000000000010 K
0P
#17015000
1P
b00000001 V
#17020000
0(
b00000000000000000000011000011000 /
b001010 0
b00000000000000000000000000000011 K
0P
#17025000
b0111 E
1P
b00000000 V
1W
#17030000
0%
0&
1'
1(
b00000000000000000000011000011001 /
b110000 0
b00000000000000000000000000000100 K
0P
#17035000
18
0:
1P
b0111 T
b00000001 V
0W
#17040000
1$
1%
0(
b00000000000000000000011000011010 /
b010100 0
b0111 J
b00000000000000000000000000000001 K
0P
b0111 R
#17045000
b0000 E
1P
b00000000 V
1W
#17050000
0%
0'
1(
b00000000000000000000011000011011 /
b100001 0
b00000000000000000000000000000010 K
0P
#17055000
17
08
1P
b0000 T
b00000001 V
0W
#17060000
0(
b00000000000000000000011000011100 /
b000001 0
b0000 J
b00000000000000000000000000000001 K
0P
b0000 R
#17065000
b0001 E
b0101 G
b101 H
1P
b00000000 V
1W
#17070000
1%
1&
1'
1(
b00000000000000000000011000011101 /
b111100 0
b0110 E
b00000000000000000000000000000010 K
0P
#17075000
0;
1>
1P
b0110 T
b110 U
b00000011 V
0W
#17080000
0&
0'
b00000000000000000000011000011110 /
b100100 0
b00000000000000000000000000101101 6
b0110 J
b00000000000000000000000000000001 K
b00000000000000000000000011011010 M
b0110 N
0P
b0110 R
#17085000
1P
b00000010 V
#17090000
0$
b00000000000000000000011000011111 /
b100010 0
b00000000000000000000000000000010 K
0P
#17095000
1P
b00000001 V
#17100000
1&
1'
0(
b00000000000000000000011000100000 /
b011010 0
b00000000000000000000000000000011 K
0P
#17105000
b0111 E
1P
b00000000 V
1W
#17110000
0&
0'
1(
b00000000000000000000011000100001 /
b100010 0
b00000000000000000000000000000100 K
0P
#17115000
1<
0>
1P
b0111 T
b00000001 V
0W
#17120000
1$
1&
1'
0(
b00000000000000000000011000100010 /
b011100 0
b0111 J
b00000000000000000000000000000001 K
0P
b0111 R
#17125000
b0000 E
1P
b00000000 V
1W
#17130000
0'
1(
b00000000000000000000011000100011 /
b101100 0
b00000000000000000000000000000010 K
0P
#17135000
1;
0<
1P
b0000 T
b00000001 V
0W
#17140000
0$
0%
1'
b00000000000000000000011000100100 /
b111000 0
b0000 J
b00000000000000000000000000000001 K
0P
b0000 R
#17145000
b0100 E
b0110 G
b110 H
1P
b00000000 V
1W
#17150000
1$
1%
0'
b00000000000000000000011000100101 /
b101100 0
b0011 E
b00000000000000000000000000000010 K
0P
#17155000
07
19
0;
1=
1P
b0011 T
b011 U
b00000010 V
0W
#17160000
0&
0(
b00000000000000000000011000100110 /
b000100 0
b00000000000000000000000000011110 3
b0011 J
b00000000000000000000000000000001 K
b00000000000000000000000011011011 M
b0011 N
0P
b0011 R
#17165000
1P
b00000001 V
#17170000
0%
1&
b00000000000000000000011000100111 /
b001001 0
b00000000000000000000000000000010 K
0P
#17175000
b0111 E
1P
b00000000 V
1W
#17180000
0$
1%
b00000000000000000000011000101000 /
b001010 0
b00000000000000000000000000000011 K
0P
#17185000
18
09
1<
0=
1P
b0111 T
b00000001 V
0W
#17190000
0%
b00000000000000000000011000101001 /
b001000 0
b0111 J
b00000000000000000000000000000001 K
0P
b0111 R
#17195000
b0000 E
1P
b00000000 V
1W
#17200000
0&
b00000000000000000000011000101010 /
b000000 0
b00000000000000000000000000000010 K
0P
#17205000
17
08
1;
0<
1P
b0000 T
b00000001 V
0W
#17210000
1$
1&
1(
b00000000000000000000011000101011 /
b101001 0
b0000 J
b00000000000000000000000000000001 K
0P
b0000 R
#17215000
b0100 E
b0011 G
b011 H
1P
b00000000 V
1W
#17220000
0$
b00000000000000000000011000101100 /
b101000 0
b00000000000000000000000000000010 K
0P
#17225000
0?
1A
1P
b0100 T
b100 U
b00000100 V
0W
#17230000
b00000000000000000000011000101101 /
b00000000000000000000000000101111 4
b0100 J
b00000000000000000000000000000001 K
b00000000000000000000000011011100 M
b0100 N
0P
b0100 R
#17235000
1P
b00000011 V
#17240000
1$
0&
1'
0(
b00000000000000000000011000101110 /
b010001 0
b00000000000000000000000000000010 K
0P
#17245000
1P
b00000010 V
#17250000
0$
1(
b00000000000000000000011000101111 /
b110000 0
b00000000000000000000000000000011 K
0P
#17255000
1P
b00000001 V
#17260000
1$
1%
1&
0(
b00000000000000000000011000110000 /
b011100 0
b00000000000000000000000000000100 K
0P
#17265000
b0111 E
1P
b00000000 V
1W
#17270000
0&
0'
1(
b00000000000000000000011000110001 /
b100100 0
b00000000000000000000000000000101 K
0P
#17275000
1@
0A
1P
b0111 T
b00000001 V
0W
#17280000
0$
1&
b00000000000000000000011000110010 /
b101010 0
b0111 J
b00000000000000000000000000000001 K
0P
b0111 R
#17285000
b0000 E
1P
b00000000 V
1W
#17290000
0%
1'
0(
b00000000000000000000011000110011 /
b011000 0
b00000000000000000000000000000010 K
0P
#17295000
1?
0@
1P
b0000 T
b00000001 V
0W
#17300000
1$
1%
0&
0'
b00000000000000000000011000110100 /
b000100 0
b0000 J
b00000000000000000000000000000001 K
0P
b0000 R
#17305000
b0011 E
b0100 G
b100 H
1P
b00000000 V
1W
#17310000
0$
0%
1'
1(
b00000000000000000000011000110101 /
b110000 0
b0101 E
b00000000000000000000000000000010 K
0P
#17315000
07
1:
1P
b0101 T
b101 U
b00000011 V
0W
#17320000
1&
0'
0(
b00000000000000000000011000110110 /
b001000 0
b00000000000000000000000000101111 5
b0101 J
b00000000000000000000000000000001 K
b00000000000000000000000011011101 M
b0101 N
0P
b0101 R
#17325000
1P
b00000010 V
#17330000
1$
b00000000000000000000011000110111 /
b001001 0
b00000000000000000000000000000010 K
0P
#17335000
1P
b00000001 V
#17340000
1%
0&
1'
1(
b00000000000000000000011000111000 /
b110100 0
b00000000000000000000000000000011 K
0P
#17345000
b0111 E
1P
b00000000 V
1W
#17350000
0$
0%
0'
0(
b00000000000000000000011000111001 /
b000000 0
b00000000000000000000000000000100 K
0P
#17355000
18
0:
1P
b0111 T
b00000001 V
0W
#17360000
1$
1%
1&
1(
b00000000000000000000011000111010 /
b101100 0
b0111 J
b00000000000000000000000000000001 K
0P
b0111 R
#17365000
b0000 E
1P
b00000000 V
1W
#17370000
0$
0&
0(
b00000000000000000000011000111011 /
b000010 0
b00000000000000000000000000000010 K
0P
#17375000
17
08
1P
b0000 T
b00000001 V
0W
#17380000
1&
1'
1(
b00000000000000000000011000111100 /
b111010 0
b0000 J
b00000000000000000000000000000001 K
0P
b0000 R
#17385000
b0110 E
b0101 G
b101 H
1P
b00000000 V
1W
#17390000
0&
b00000000000000000000011000111101 /
b110010 0
b00000000000000000000000000000010 K
0P
#17395000
0;
1>
1P
b0110 T
b110 U
b00000011 V
0W
#17400000
1$
0%
0(
b00000000000000000000011000111110 /
b010001 0
b00000000000000000000000000101110 6
b0110 J
b00000000000000000000000000000001 K
b00000000000000000000000011011110 M
b0110 N
0P
b0110 R
#17405000
1P
b00000010 V
#17410000
0$
1%
1&
0'
1(
b00000000000000000000011000111111 /
b101010 0
b00000000000000000000000000000010 K
0P
#17415000
1P
b00000001 V
#17420000
1'
b00000000000000000000011001000000 /
b111010 0
b00000000000000000000000000000011 K
0P
#17425000
b0111 E
1P
b00000000 V
1W
#17430000
0&
0(
b00000000000000000000011001000001 /
b010010 0
b00000000000000000000000000000100 K
0P
#17435000
1<
0>
1P
b0111 T
b00000001 V
0W
#17440000
1$
0%
1&
b00000000000000000000011001000010 /
b011001 0
b0111 J
b00000000000000000000000000000001 K
0P
b0111 R
#17445000
b0000 E
1P
b00000000 V
1W
#17450000
0&
1(
b00000000000000000000011001000011 /
b110001 0
b00000000000000000000000000000010 K
0P
#17455000
1;
0<
1P
b0000 T
b00000001 V
0W
#17460000
0$
0'
b00000000000000000000011001000100 /
b100000 0
b0000 J
b00000000000000000000000000000001 K
0P
b0000 R
#17465000
b0110 E
b0110 G
b110 H
1P
b00000000 V
1W
#17470000
1&
0(
b00000000000000000000011001000101 /
b001000 0
b0100 E
b00000000000000000000000000000010 K
0P
#17475000
0?
1A
1P
b0100 T
b100 U
b00000100 V
0W
#17480000
1%
1'
1(
b00000000000000000000011001000110 /
b111010 0
b00000000000000000000000000110000 4
b0100 J
b00000000000000000000000000000001 K
b00000000000000000000000011011111 M
b0100 N
0P
b0100 R
#17485000
1P
b00000011 V
#17490000
0%
0'
0(
b00000000000000000000011001000111 /
b001000 0
b00000000000000000000000000000010 K
0P
#17495000
1P
b00000010 V
#17500000
1%
1'
1(
b00000000000000000000011001001000 /
b111010 0
b00000000000000000000000000000011 K
0P
#17505000
1P
b00000001 V
#17510000
1$
0%
b00000000000000000000011001001001 /
b111001 0
b00000000000000000000000000000100 K
0P
#17515000
b0111 E
1P
b00000000 V
1W
#17520000
1%
0'
b00000000000000000000011001001010 /
b101100 0
b00000000000000000000000000000101 K
0P
#17525000
1@
0A
1P
b0111 T
b00000001 V
0W
#17530000
b00000000000000000000011001001011 /
b0111 J
b00000000000000000000000000000001 K
0P
b0111 R
#17535000
b0000 E
1P
b00000000 V
1W
#17540000
0%
0&
0(
b00000000000000000000011001001100 /
b000001 0
b00000000000000000000000000000010 K
0P
#17545000
1?
0@
1P
b0000 T
b00000001 V
0W
#17550000
1&
1'
b00000000000000000000011001001101 /
b011001 0
b0000 J
b00000000000000000000000000000001 K
0P
b0000 R
#17555000
b0101 E
b0100 G
b100 H
1P
b00000000 V
1W
#17560000
0$
1%
0'
b00000000000000000000011001001110 /
b001010 0
b0010 E
b00000000000000000000000000000010 K
0P
#17565000
0;
1=
1P
b0010 T
b010 U
b00000010 V
0W
#17570000
1$
0%
0&
1'
1(
b00000000000000000000011001001111 /
b110001 0
b00000000000000000000000000011101 2
b0010 J
b00000000000000000000000000000001 K
b00000000000000000000000011100000 M
b0010 N
0P
b0010 R
#17575000
1P
b00000001 V
#17580000
1%
1&
b00000000000000000000011001010000 /
b111100 0
b00000000000000000000000000000010 K
0P
#17585000
b0111 E
1P
b00000000 V
1W
#17590000
0$
0%
0&
0'
b00000000000000000000011001010001 /
b100000 0
b00000000000000000000000000000011 K
0P
#17595000
1<
0=
1P
b0111 T
b00000001 V
0W
#17600000
1$
1&
1'
0(
b00000000000000000000011001010010 /
b011001 0
b0111 J
b00000000000000000000000000000001 K
0P
b0111 R
#17605000
b0000 E
1P
b00000000 V
1W
#17610000
0&
0'
1(
b00000000000000000000011001010011 /
b100001 0
b00000000000000000000000000000010 K
0P
#17615000
1;
0<
1P
b0000 T
b00000001 V
0W
#17620000
0$
1'
b00000000000000000000011001010100 /
b110000 0
b0000 J
b00000000000000000000000000000001 K
0P
b0000 R
#17625000
b0101 E
b0010 G
b010 H
1P
b00000000 V
1W
#17630000
1$
b00000000000000000000011001010101 /
b110001 0
b00000000000000000000000000000010 K
0P
#17635000
07
1:
1P
b0101 T
b101 U
b00000011 V
0W
#17640000
0(
b00000000000000000000011001010110 /
b010001 0
b00000000000000000000000000110000 5
b0101 J
b00000000000000000000000000000001 K
b00000000000000000000000011100001 M
b0101 N
0P
b0101 R
#17645000
1P
b00000010 V
#17650000
1%
1&
b00000000000000000000011001010111 /
b011100 0
b00000000000000000000000000000010 K
0P
#17655000
1P
b00000001 V
#17660000
0%
b00000000000000000000011001011000 /
b011001 0
b00000000000000000000000000000011 K
0P
#17665000
b0111 E
1P
b00000000 V
1W
#17670000
0$
0&
0'
b00000000000000000000011001011001 /
b000000 0
b00000000000000000000000000000100 K
0P
#17675000
18
0:
1P
b0111 T
b00000001 V
0W
#17680000
1&
b00000000000000000000011001011010 /
b001000 0
b0111 J
b00000000000000000000000000000001 K
0P
b0111 R
#17685000
b0000 E
1P
b00000000 V
1W
#17690000
1$
1%
0&
1(
b00000000000000000000011001011011 /
b100100 0
b00000000000000000000000000000010 K
0P
#17695000
17
08
1P
b0000 T
b00000001 V
0W
#17700000
0$
1'
0(
b00000000000000000000011001011100 /
b010010 0
b0000 J
b00000000000000000000000000000001 K
0P
b0000 R
#17705000
b0010 E
b0101 G
b101 H
1P
b00000000 V
1W
#17710000
0'
1(
b00000000000000000000011001011101 /
b100010 0
b0110 E
b00000000000000000000000000000010 K
0P
#17715000
0;
1>
1P
b0110 T
b110 U
b00000011 V
0W
#17720000
1$
0%
b00000000000000000000011001011110 /
b100001 0
b00000000000000000000000000101111 6
b0110 J
b00000000000000000000000000000001 K
b00000000000000000000000011100010 M
b0110 N
0P
b0110 R
#17725000
1P
b00000010 V
#17730000
0$
1%
1&
b00000000000000000000011001011111 /
b101010 0
b00000000000000000000000000000010 K
0P
#17735000
1P
b00000001 V
#17740000
1$
0&
1'
0(
b00000000000000000000011001100000 /
b010100 0
b00000000000000000000000000000011 K
0P
#17745000
b0111 E
1P
b00000000 V
1W
#17750000
1&
0'
b00000000000000000000011001100001 /
b001100 0
b00000000000000000000000000000100 K
0P
#17755000
1<
0>
1P
b0111 T
b00000001 V
0W
#17760000
0$
0%
b00000000000000000000011001100010 /
b001000 0
b0111 J
b00000000000000000000000000000001 K
0P
b0111 R
#17765000
b0000 E
1P
b00000000 V
1W
#17770000
1$
0&
1(
b00000000000000000000011001100011 /
b100001 0
b00000000000000000000000000000010 K
0P
#17775000
1;
0<
1P
b0000 T
b00000001 V
0W
#17780000
1%
1'
b00000000000000000000011001100100 /
b110100 0
b0000 J
b00000000000000000000000000000001 K
0P
b0000 R
#17785000
b0011 E
b0110 G
b110 H
1P
b00000000 V
1W
#17790000
0%
1&
0(
b00000000000000000000011001100101 /
b011001 0
b0001 E
b00000000000000000000000000000010 K
0P
#17795000
07
19
1P
b0001 T
b001 U
b00000010 V
0W
#17800000
0'
1(
b00000000000000000000011001100110 /
b101001 0
b00000000000000000000000000011001 1
b0001 J
b00000000000000000000000000000001 K
b00000000000000000000000011100011 M
b0001 N
0P
b0001 R
#17805000
1P
b00000001 V
#17810000
1%
0&
1'
0(
b00000000000000000000011001100111 /
b010100 0
b00000000000000000000000000000010 K
0P
#17815000
b0111 E
1P
b00000000 V
1W
#17820000
0$
0%
b00000000000000000000011001101000 /
b010000 0
b00000000000000000000000000000011 K
0P
#17825000
18
09
1P
b0111 T
b00000001 V
0W
#17830000
0'
b00000000000000000000011001101001 /
b000000 0
b0111 J
b00000000000000000000000000000001 K
0P
b0111 R
#17835000
b0000 E
1P
b00000000 V
1W
#17840000
1%
1(
b00000000000000000000011001101010 /
b100010 0
b00000000000000000000000000000010 K
0P
#17845000
17
08
1P
b0000 T
b00000001 V
0W
#17850000
1$
0%
1&
1'
0(
b00000000000000000000011001101011 /
b011001 0
b0000 J
b00000000000000000000000000000001 K
0P
b0000 R
#17855000
b0100 E
b0001 G
b001 H
1P
b00000000 V
1W
#17860000
0&
1(
b00000000000000000000011001101100 /
b110001 0
b0101 E
b00000000000000000000000000000010 K
0P
#17865000
07
1:
1P
b0101 T
b101 U
b00000011 V
0W
#17870000
0$
1%
1&
0'
0(
b00000000000000000000011001101101 /
b001010 0
b00000000000000000000000000110001 5
b0101 J
b00000000000000000000000000000001 K
b00000000000000000000000011100100 M
b0101 N
0P
b0101 R
#17875000
1P
b00000010 V
#17880000
1(
b00000000000000000000011001101110 /
b101010 0
b00000000000000000000000000000010 K
0P
#17885000
1P
b00000001 V
#17890000
1$
0&
1'
b00000000000000000000011001101111 /
b110100 0
b00000000000000000000000000000011 K
0P
#17895000
b0111 E
1P
b00000000 V
1W
#17900000
0$
0%
b00000000000000000000011001110000 /
b110000 0
b00000000000000000000000000000100 K
0P
#17905000
18
0:
1P
b0111 T
b00000001 V
0W
#17910000
1%
b00000000000000000000011001110001 /
b110010 0
b0111 J
b00000000000000000000000000000001 K
0P
b0111 R
#17915000
b0000 E
1P
b00000000 V
1W
#17920000
0%
0'
0(
1)
b00000000000000000000011001110010 /
b000000 0
b00000000000000000000000000000010 K
0P
#17925000
17
08
1P
b0000 T
b00000001 V
0W
#17930000
1(
b00000000000000000000011001110011 /
b100000 0
b0000 J
b00000000000000000000000000000001 K
0P
b0000 R
#17935000
b0110 E
b0101 G
b101 H
1P
b00000000 V
1W
#17940000
1%
1&
1'
b00000000000000000000011001110100 /
b111010 0
b00000000000000000000000000000010 K
0P
#17945000
0;
1>
1B
1P
b0110 T
b110 U
b00000011 V
0W
#17950000
1$
0%
b00000000000000000000011001110101 /
b111001 0
b00000000000000000000000000110000 6
b0110 J
b00000000000000000000000000000001 K
b00000000000000000000000011100101 M
b0110 N
0P
b0110 R
#17955000
1P
b00000010 V
#17960000
0$
1%
b00000000000000000000011001110110 /
b111010 0
b00000000000000000000000000000010 K
0P
#17965000
1P
b00000001 V
#17970000
0'
b00000000000000000000011001110111 /
b101010 0
b00000000000000000000000000000011 K
0P
#17975000
b0111 E
1P
b00000000 V
1W
#17980000
0%
b00000000000000000000011001111000 /
b101000 0
b00000000000000000000000000000100 K
0P
#17985000
1<
0>
0B
1P
b0111 T
b00000001 V
0W
#17990000
1$
0&
0(
b00000000000000000000011001111001 /
b000001 0
b0111 J
b00000000000000000000000000000001 K
0P
b0111 R
#17995000
b0000 E
1P
b00000000 V
1W
#18000000
0$
1%
1'
1(
b00000000000000000000011001111010 /
b110010 0
b00000000000000000000000000000010 K
0P
#18005000
1;
0<
1P
b0000 T
b00000001 V
0W
#18010000
1$
0(
b00000000000000000000011001111011 /
b010100 0
b0000 J
b00000000000000000000000000000001 K
0P
b0000 R
#18015000
b0011 E
b0110 G
b110 H
1P
b00000000 V
1W
#18020000
0$
1&
b00000000000000000000011001111100 /
b011010 0
b0010 E
b00000000000000000000000000000010 K
0P
#18025000
0;
1=
1P
b0010 T
b010 U
b00000010 V
0W
#18030000
1$
0%
0&
0'
b00000000000000000000011001111101 /
b000001 0
b00000000000000000000000000011110 2
b0010 J
b00000000000000000000000000000001 K
b00000000000000000000000011100110 M
b0010 N
0P
b0010 R
#18035000
1P
b00000001 V
#18040000
0$
1&
1'
b00000000000000000000011001111110 /
b011000 0
b00000000000000000000000000000010 K
0P
#18045000
b0111 E
1P
b00000000 V
1W
#18050000
1$
0'
b00000000000000000000011001111111 /
b001001 0
b00000000000000000000000000000011 K
0P
#18055000
1<
0=
1P
b0111 T
b00000001 V
0W
#18060000
1(
b00000000000000000000011010000000 /
b101001 0
b0111 J
b00000000000000000000000000000001 K
0P
b0111 R
#18065000
b0000 E
1P
b00000000 V
1W
#18070000
1%
0&
1'
0(
b00000000000000000000011010000001 /
b010100 0
b00000000000000000000000000000010 K
0P
#18075000
1;
0<
1P
b0000 T
b00000001 V
0W
#18080000
1&
0'
1(
b00000000000000000000011010000010 /
b101100 0
b0000 J
b00000000000000000000000000000001 K
0P
b0000 R
#18085000
b0011 E
b0010 G
b010 H
1P
b00000000 V
1W
#18090000
0$
0&
1'
b00000000000000000000011010000011 /
b110010 0
b0101 E
b00000000000000000000000000000010 K
0P
#18095000
07
1:
1P
b0101 T
b101 U
b00000011 V
0W
#18100000
1$
0%
1&
0'
b00000000000000000000011010000100 /
b101001 0
b00000000000000000000000000110010 5
b0101 J
b00000000000000000000000000000001 K
b00000000000000000000000011100111 M
b0101 N
0P
b0101 R
#18105000
1P
b00000010 V
#18110000
0$
1%
0&
b00000000000000000000011010000101 /
b100010 0
b00000000000000000000000000000010 K
0P
#18115000
1P
b00000001 V
#18120000
1$
0%
1'
0(
b00000000000000000000011010000110 /
b010001 0
b00000000000000000000000000000011 K
0P
#18125000
b0111 E
1P
b00000000 V
1W
#18130000
1&
b00000000000000000000011010000111 /
b011001 0
b00000000000000000000000000000100 K
0P
#18135000
18
0:
1P
b0111 T
b00000001 V
0W
#18140000
0$
0'
1(
b00000000000000000000011010001000 /
b101000 0
b0111 J
b00000000000000000000000000000001 K
0P
b0111 R
#18145000
b0000 E
1P
b00000000 V
1W
#18150000
0(
b00000000000000000000011010001001 /
b001000 0
b00000000000000000000000000000010 K
0P
#18155000
17
08
1P
b0000 T
b00000001 V
0W
#18160000
1$
0&
1'
1(
b00000000000000000000011010001010 /
b110001 0
b0000 J
b00000000000000000000000000000001 K
0P
b0000 R
#18165000
b0110 E
b0101 G
b101 H
1P
b00000000 V
1W
#18170000
1%
1&
b00000000000000000000011010001011 /
b111100 0
b00000000000000000000000000000010 K
0P
#18175000
0;
1>
1B
1P
b0110 T
b110 U
b00000011 V
0W
#18180000
0%
0'
b00000000000000000000011010001100 /
b101001 0
b00000000000000000000000000110001 6
b0110 J
b00000000000000000000000000000001 K
b00000000000000000000000011101000 M
b0110 N
0P
b0110 R
#18185000
1P
b00000010 V
#18190000
1%
0&
1'
b00000000000000000000011010001101 /
b110100 0
b00000000000000000000000000000010 K
0P
#18195000
1P
b00000001 V
#18200000
0%
1&
0'
0(
b00000000000000000000011010001110 /
b001001 0
b00000000000000000000000000000011 K
0P
#18205000
b0111 E
1P
b00000000 V
1W
#18210000
1%
0&
1'
b00000000000000000000011010001111 /
b010100 0
b00000000000000000000000000000100 K
0P
#18215000
1<
0>
0B
1P
b0111 T
b00000001 V
0W
#18220000
1&
0'
1(
b00000000000000000000011010010000 /
b101100 0
b0111 J
b00000000000000000000000000000001 K
0P
b0111 R
#18225000
b0000 E
1P
b00000000 V
1W
#18230000
0%
1'
b00000000000000000000011010010001 /
b111001 0
b00000000000000000000000000000010 K
0P
#18235000
1;
0<
1P
b0000 T
b00000001 V
0W
#18240000
0'
0(
b00000000000000000000011010010010 /
b001001 0
b0000 J
b00000000000000000000000000000001 K
0P
b0000 R
#18245000
b0001 E
b0110 G
b110 H
1P
b00000000 V
1W
#18250000
0&
1'
1(
b00000000000000000000011010010011 /
b110001 0
b00000000000000000000000000000010 K
0P
#18255000
07
19
1P
b0001 T
b001 U
b00000010 V
0W
#18260000
1%
b00000000000000000000011010010100 /
b110100 0
b00000000000000000000000000011010 1
b0001 J
b00000000000000000000000000000001 K
b00000000000000000000000011101001 M
b0001 N
0P
b0001 R
#18265000
1P
b00000001 V
#18270000
0$
0'
b00000000000000000000011010010101 /
b100010 0
b00000000000000000000000000000010 K
0P
#18275000
b0111 E
1P
b00000000 V
1W
#18280000
1$
0%
1'
b00000000000000000000011010010110 /
b110001 0
b00000000000000000000000000000011 K
0P
#18285000
18
09
1P
b0111 T
b00000001 V
0W
#18290000
0$
1&
0(
b00000000000000000000011010010111 /
b011000 0
b0111 J
b00000000000000000000000000000001 K
0P
b0111 R
#18295000
b0000 E
1P
b00000000 V
1W
#18300000
1$
1%
0&
0'
1(
b00000000000000000000011010011000 /
b100100 0
b00000000000000000000000000000010 K
0P
#18305000
17
08
1P
b0000 T
b00000001 V
0W
#18310000
0(
b00000000000000000000011010011001 /
b000100 0
b0000 J
b00000000000000000000000000000001 K
0P
b0000 R
#18315000
b0011 E
b0001 G
b001 H
1P
b00000000 V
1W
#18320000
0%
1(
b00000000000000000000011010011010 /
b100001 0
b0110 E
b00000000000000000000000000000010 K
0P
#18325000
0;
1>
1B
1P
b0110 T
b110 U
b00000011 V
0W
#18330000
1%
1'
0(
b00000000000000000000011010011011 /
b010100 0
b00000000000000000000000000110010 6
b0110 J
b00000000000000000000000000000001 K
b00000000000000000000000011101010 M
b0110 N
0P
b0110 R
#18335000
1P
b00000010 V
#18340000
1&
1(
b00000000000000000000011010011100 /
b111100 0
b00000000000000000000000000000010 K
0P
#18345000
1P
b00000001 V
#18350000
0$
0&
0(
b00000000000000000000011010011101 /
b010010 0
b00000000000000000000000000000011 K
0P
#18355000
b0111 E
1P
b00000000 V
1W
#18360000
1$
1&
0'
b00000000000000000000011010011110 /
b001100 0
b00000000000000000000000000000100 K
0P
#18365000
1<
0>
0B
1P
b0111 T
b00000001 V
0W
#18370000
0&
1(
b00000000000000000000011010011111 /
b100100 0
b0111 J
b00000000000000000000000000000001 K
0P
b0111 R
#18375000
b0000 E
1P
b00000000 V
1W
#18380000
0$
0%
1&
1'
b00000000000000000000011010100000 /
b111000 0
b00000000000000000000000000000010 K
0P
#18385000
1;
0<
1P
b0000 T
b00000001 V
0W
#18390000
1%
b00000000000000000000011010100001 /
b111010 0
b0000 J
b00000000000000000000000000000001 K
0P
b0000 R
#18395000
b0010 E
b0110 G
b110 H
1P
b00000000 V
1W
#18400000
1$
0%
0&
b00000000000000000000011010100010 /
b110001 0
b0001 E
b00000000000000000000000000000010 K
0P
#18405000
07
19
1P
b0001 T
b001 U
b00000010 V
0W
#18410000
0$
b00000000000000000000011010100011 /
b110000 0
b00000000000000000000000000011011 1
b0001 J
b00000000000000000000000000000001 K
b00000000000000000000000011101011 M
b0001 N
0P
b0001 R
#18415000
1P
b00000001 V
#18420000
1$
1%
0(
b00000000000000000000011010100100 /
b010100 0
b00000000000000000000000000000010 K
0P
#18425000
b0111 E
1P
b00000000 V
1W
#18430000
1&
0'
b00000000000000000000011010100101 /
b001100 0
b00000000000000000000000000000011 K
0P
#18435000
18
09
1P
b0111 T
b00000001 V
0W
#18440000
0%
0&
1'
1(
b00000000000000000000011010100110 /
b110001 0
b0111 J
b00000000000000000000000000000001 K
0P
b0111 R
#18445000
b0000 E
1P
b00000000 V
1W
#18450000
1&
0'
b00000000000000000000011010100111 /
b101001 0
b00000000000000000000000000000010 K
0P
#18455000
17
08
1P
b0000 T
b00000001 V
0W
#18460000
0$
0&
b00000000000000000000011010101000 /
b100000 0
b0000 J
b00000000000000000000000000000001 K
0P
b0000 R
#18465000
b0110 E
b0001 G
b001 H
1P
b00000000 V
1W
#18470000
0(
b00000000000000000000011010101001 /
b000000 0
b0010 E
0I
b00000000000000000000000000000010 K
0P
#18475000
0;
1=
1P
b0010 T
b010 U
b00000010 V
0W
#18480000
1$
1(
b00000000000000000000011010101010 /
b100001 0
b00000000000000000000000000011111 2
b0010 J
b00000000000000000000000000000001 K
b00000000000000000000000011101100 M
b0010 N
0P
b0010 R
#18485000
1P
b00000001 V
#18490000
0$
1&
b00000000000000000000011010101011 /
b101000 0
b00000000000000000000000000000010 K
0P
#18495000
b0111 E
1P
b00000000 V
1W
#18500000
1%
b00000000000000000000011010101100 /
b101010 0
b00000000000000000000000000000011 K
0P
#18505000
1<
0=
1P
b0111 T
b00000001 V
0W
#18510000
0%
1'
0(
b00000000000000000000011010101101 /
b011000 0
b0111 J
b00000000000000000000000000000001 K
0P
b0111 R
#18515000
b0000 E
1P
b00000000 V
1W
#18520000
0'
1(
b00000000000000000000011010101110 /
b101000 0
b00000000000000000000000000000010 K
0P
#18525000
1;
0<
1P
b0000 T
b00000001 V
0W
#18530000
1%
0&
1'
0(
b00000000000000000000011010101111 /
b010010 0
b0000 J
b00000000000000000000000000000001 K
0P
b0000 R
#18535000
b0101 E
b0010 G
b010 H
1I
1P
b00000000 V
1W
#18540000
1$
0%
1&
0'
b00000000000000000000011010110000 /
b001001 0
b0100 E
b00000000000000000000000000000010 K
0P
#18545000
0?
1A
1C
1P
b0100 T
b100 U
b00000100 V
0W
#18550000
0$
0&
1'
b00000000000000000000011010110001 /
b010000 0
b00000000000000000000000000110001 4
b0100 J
b00000000000000000000000000000001 K
b00000000000000000000000011101101 M
b0100 N
0P
b0100 R
#18555000
1P
b00000011 V
#18560000
1$
0'
1(
b00000000000000000000011010110010 /
b100001 0
b00000000000000000000000000000010 K
0P
#18565000
1P
b00000010 V
#18570000
1&
1'
0(
b00000000000000000000011010110011 /
b011001 0
b00000000000000000000000000000011 K
0P
#18575000
1P
b00000001 V
#18580000
b00000000000000000000011010110100 /
b00000000000000000000000000000100 K
0P
#18585000
b0111 E
1P
b00000000 V
1W
#18590000
0&
b00000000000000000000011010110101 /
b010001 0
b00000000000000000000000000000101 K
0P
#18595000
1@
0A
0C
1P
b0111 T
b00000001 V
0W
#18600000
0$
0'
1(
b00000000000000000000011010110110 /
b100000 0
b0111 J
b00000000000000000000000000000001 K
0P
b0111 R
#18605000
b0000 E
1P
b00000000 V
1W
#18610000
1'
0(
b00000000000000000000011010110111 /
b010000 0
b00000000000000000000000000000010 K
0P
#18615000
1?
0@
1P
b0000 T
b00000001 V
0W
#18620000
1&
b00000000000000000000011010111000 /
b011000 0
b0000 J
b00000000000000000000000000000001 K
0P
b0000 R
#18625000
b0101 E
b0100 G
b100 H
1P
b00000000 V
1W
#18630000
1$
0&
0'
b00000000000000000000011010111001 /
b000001 0
b0001 E
b00000000000000000000000000000010 K
0P
#18635000
07
19
1P
b0001 T
b001 U
b00000010 V
0W
#18640000
0$
1%
1'
1(
b00000000000000000000011010111010 /
b110010 0
b00000000000000000000000000011100 1
b0001 J
b00000000000000000000000000000001 K
b00000000000000000000000011101110 M
b0001 N
0P
b0001 R
#18645000
1P
b00000001 V
#18650000
1$
0%
1&
0'
b00000000000000000000011010111011 /
b101001 0
b00000000000000000000000000000010 K
0P
#18655000
b0111 E
1P
b00000000 V
1W
#18660000
0$
0&
0(
b00000000000000000000011010111100 /
b000000 0
b00000000000000000000000000000011 K
0P
#18665000
18
09
1P
b0111 T
b00000001 V
0W
#18670000
1(
b00000000000000000000011010111101 /
b100000 0
b0111 J
b00000000000000000000000000000001 K
0P
b0111 R
#18675000
b0000 E
1P
b00000000 V
1W
#18680000
0(
b00000000000000000000011010111110 /
b000000 0
b00000000000000000000000000000010 K
0P
#18685000
17
08
1P
b0000 T
b00000001 V
0W
#18690000
1$
1&
1'
1(
b00000000000000000000011010111111 /
b111001 0
b0000 J
b00000000000000000000000000000001 K
0P
b0000 R
#18695000
b0100 E
b0001 G
b001 H
1P
b00000000 V
1W
#18700000
0$
b00000000000000000000011011000000 /
b111000 0
b00000000000000000000000000000010 K
0P
#18705000
0?
1A
1C
1P
b0100 T
b100 U
b00000100 V
0W
#18710000
1$
1%
0&
b00000000000000000000011011000001 /
b110100 0
b00000000000000000000000000110010 4
b0100 J
b00000000000000000000000000000001 K
b00000000000000000000000011101111 M
b0100 N
0P
b0100 R
#18715000
1P
b00000011 V
#18720000
0$
0'
b00000000000000000000011011000010 /
b100010 0
b00000000000000000000000000000010 K
0P
#18725000
1P
b00000010 V
#18730000
0%
1'
0(
b00000000000000000000011011000011 /
b010000 0
b00000000000000000000000000000011 K
0P
#18735000
1P
b00000001 V
#18740000
1&
0'
1(
b00000000000000000000011011000100 /
b101000 0
b00000000000000000000000000000100 K
0P
#18745000
b0111 E
1P
b00000000 V
1W
#18750000
1$
1%
0(
b00000000000000000000011011000101 /
b001100 0
b00000000000000000000000000000101 K
0P
#18755000
1@
0A
0C
1P
b0111 T
b00000001 V
0W
#18760000
0$
0&
1'
b00000000000000000000011011000110 /
b010010 0
b0111 J
b00000000000000000000000000000001 K
0P
b0111 R
#18765000
b0000 E
1P
b00000000 V
1W
#18770000
1&
b00000000000000000000011011000111 /
b011010 0
b00000000000000000000000000000010 K
0P
#18775000
1?
0@
1P
b0000 T
b00000001 V
0W
#18780000
1$
0&
b00000000000000000000011011001000 /
b010100 0
b0000 J
b00000000000000000000000000000001 K
0P
b0000 R
#18785000
b0101 E
b0100 G
b100 H
1P
b00000000 V
1W
#18790000
b00000000000000000000011011001001 /
b00000000000000000000000000000010 K
0P
#18795000
07
1:
1P
b0101 T
b101 U
b00000011 V
0W
#18800000
0%
1&
0'
1(
b00000000000000000000011011001010 /
b101001 0
b00000000000000000000000000110011 5
b0101 J
b00000000000000000000000000000001 K
b00000000000000000000000011110000 M
b0101 N
0P
b0101 R
#18805000
1P
b00000010 V
#18810000
0$
1%
0&
b00000000000000000000011011001011 /
b100010 0
b00000000000000000000000000000010 K
0P
#18815000
1P
b00000001 V
#18820000
0%
1&
1'
b00000000000000000000011011001100 /
b111000 0
b00000000000000000000000000000011 K
0P
#18825000
b0111 E
1P
b00000000 V
1W
#18830000
1%
0&
b00000000000000000000011011001101 /
b110010 0
b00000000000000000000000000000100 K
0P
#18835000
18
0:
1P
b0111 T
b00000001 V
0W
#18840000
1$
0%
b00000000000000000000011011001110 /
b110001 0
b0111 J
b00000000000000000000000000000001 K
0P
b0111 R
#18845000
b0000 E
1P
b00000000 V
1W
#18850000
0$
1&
0'
b00000000000000000000011011001111 /
b101000 0
b00000000000000000000000000000010 K
0P
#18855000
17
08
1P
b0000 T
b00000001 V
0W
#18860000
1$
1%
0(
b00000000000000000000011011010000 /
b001100 0
b0000 J
b00000000000000000000000000000001 K
0P
b0000 R
#18865000
b0011 E
b0101 G
b101 H
1P
b00000000 V
1W
#18870000
0$
0%
0&
1(
b00000000000000000000011011010001 /
b100000 0
b0110 E
b00000000000000000000000000000010 K
0P
#18875000
0;
1>
1B
1P
b0110 T
b110 U
b00000011 V
0W
#18880000
1%
1&
1'
b00000000000000000000011011010010 /
b111010 0
b00000000000000000000000000110011 6
b0110 J
b00000000000000000000000000000001 K
b00000000000000000000000011110001 M
b0110 N
0P
b0110 R
#18885000
1P
b00000010 V
#18890000
0&
b00000000000000000000011011010011 /
b110010 0
b00000000000000000000000000000010 K
0P
#18895000
1P
b00000001 V
#18900000
0%
1&
0(
b00000000000000000000011011010100 /
b011000 0
b00000000000000000000000000000011 K
0P
#18905000
b0111 E
1P
b00000000 V
1W
#18910000
1$
1%
0&
b00000000000000000000011011010101 /
b010100 0
b00000000000000000000000000000100 K
0P
#18915000
1<
0>
0B
1P
b0111 T
b00000001 V
0W
#18920000
0'
b00000000000000000000011011010110 /
b000100 0
b0111 J
b00000000000000000000000000000001 K
0P
b0111 R
#18925000
b0000 E
1P
b00000000 V
1W
#18930000
0$
b00000000000000000000011011010111 /
b000010 0
b00000000000000000000000000000010 K
0P
#18935000
1;
0<
1P
b0000 T
b00000001 V
0W
#18940000
0%
1&
b00000000000000000000011011011000 /
b001000 0
b0000 J
b00000000000000000000000000000001 K
0P
b0000 R
#18945000
b0100 E
b0110 G
b110 H
1P
b00000000 V
1W
#18950000
1$
1(
b00000000000000000000011011011001 /
b101001 0
b0001 E
b00000000000000000000000000000010 K
0P
#18955000
07
19
1P
b0001 T
b001 U
b00000010 V
0W
#18960000
0$
1%
0&
1'
b00000000000000000000011011011010 /
b110010 0
b00000000000000000000000000011101 1
b0001 J
b00000000000000000000000000000001 K
b00000000000000000000000011110010 M
b0001 N
0P
b0001 R
#18965000
1P
b00000001 V
#18970000
1&
b00000000000000000000011011011011 /
b111010 0
b00000000000000000000000000000010 K
0P
#18975000
b0111 E
1P
b00000000 V
1W
#18980000
1$
0'
0(
b00000000000000000000011011011100 /
b001100 0
b00000000000000000000000000000011 K
0P
#18985000
18
09
1P
b0111 T
b00000001 V
0W
#18990000
0$
0&
1'
1(
b00000000000000000000011011011101 /
b110010 0
b0111 J
b00000000000000000000000000000001 K
0P
b0111 R
#18995000
b0000 E
1P
b00000000 V
1W
#19000000
1$
0(
b00000000000000000000011011011110 /
b010100 0
b00000000000000000000000000000010 K
0P
#19005000
17
08
1P
b0000 T
b00000001 V
0W
#19010000
0$
1(
b00000000000000000000011011011111 /
b110010 0
b0000 J
b00000000000000000000000000000001 K
0P
b0000 R
#19015000
b0010 E
b0001 G
b001 H
1P
b00000000 V
1W
#19020000
1$
1&
b00000000000000000000011011100000 /
b111100 0
b0011 E
b00000000000000000000000000000010 K
0P
#19025000
07
19
0;
1=
1P
b0011 T
b011 U
b00000010 V
0W
#19030000
0&
b00000000000000000000011011100001 /
b110100 0
b00000000000000000000000000011111 3
b0011 J
b00000000000000000000000000000001 K
b00000000000000000000000011110011 M
b0011 N
0P
b0011 R
#19035000
1P
b00000001 V
#19040000
0$
0%
1&
0(
b00000000000000000000011011100010 /
b011000 0
b00000000000000000000000000000010 K
0P
#19045000
b0111 E
1P
b00000000 V
1W
#19050000
1$
0&
0'
b00000000000000000000011011100011 /
b000001 0
b00000000000000000000000000000011 K
0P
#19055000
18
09
1<
0=
1P
b0111 T
b00000001 V
0W
#19060000
0$
1&
b00000000000000000000011011100100 /
b001000 0
b0111 J
b00000000000000000000000000000001 K
0P
b0111 R
#19065000
b0000 E
1P
b00000000 V
1W
#19070000
1$
1%
1'
1(
b00000000000000000000011011100101 /
b111100 0
b00000000000000000000000000000010 K
0P
#19075000
17
08
1;
0<
1P
b0000 T
b00000001 V
0W
#19080000
0$
b00000000000000000000011011100110 /
b111010 0
b0000 J
b00000000000000000000000000000001 K
0P
b0000 R
#19085000
b0100 E
b0011 G
b011 H
1P
b00000000 V
1W
#19090000
0%
0'
0(
b00000000000000000000011011100111 /
b001000 0
b00000000000000000000000000000010 K
0P
#19095000
0?
1A
1C
1P
b0100 T
b100 U
b00000100 V
0W
#19100000
1$
1(
b00000000000000000000011011101000 /
b101001 0
b00000000000000000000000000110011 4
b0100 J
b00000000000000000000000000000001 K
b00000000000000000000000011110100 M
b0100 N
0P
b0100 R
#19105000
1P
b00000011 V
#19110000
1%
b00000000000000000000011011101001 /
b101100 0
b00000000000000000000000000000010 K
0P
#19115000
1P
b00000010 V
#19120000
0$
0&
0(
b00000000000000000000011011101010 /
b000010 0
b00000000000000000000000000000011 K
0P
#19125000
1P
b00000001 V
#19130000
0%
1&
b00000000000000000000011011101011 /
b001000 0
b00000000000000000000000000000100 K
0P
#19135000
b0111 E
1P
b00000000 V
1W
#19140000
1%
0&
1'
1(
b00000000000000000000011011101100 /
b110010 0
b00000000000000000000000000000101 K
0P
#19145000
1@
0A
0C
1P
b0111 T
b00000001 V
0W
#19150000
1$
0%
1&
0'
0(
b00000000000000000000011011101101 /
b001001 0
b0111 J
b00000000000000000000000000000001 K
0P
b0111 R
#19155000
b0000 E
1P
b00000000 V
1W
#19160000
1%
0&
1(
b00000000000000000000011011101110 /
b100100 0
b00000000000000000000000000000010 K
0P
#19165000
1?
0@
1P
b0000 T
b00000001 V
0W
#19170000
0$
0%
1&
1'
0(
b00000000000000000000011011101111 /
b011000 0
b0000 J
b00000000000000000000000000000001 K
0P
b0000 R
#19175000
b0101 E
b0100 G
b100 H
1P
b00000000 V
1W
#19180000
1%
b00000000000000000000011011110000 /
b011010 0
b00000000000000000000000000000010 K
0P
#19185000
07
1:
1P
b0101 T
b101 U
b00000011 V
0W
#19190000
1$
0%
0&
1(
b00000000000000000000011011110001 /
b110001 0
b00000000000000000000000000110100 5
b0101 J
b00000000000000000000000000000001 K
b00000000000000000000000011110101 M
b0101 N
0P
b0101 R
#19195000
1P
b00000010 V
#19200000
1%
0'
b00000000000000000000011011110010 /
b100100 0
b00000000000000000000000000000010 K
0P
#19205000
1P
b00000001 V
#19210000
0%
1'
b00000000000000000000011011110011 /
b110001 0
b00000000000000000000000000000011 K
0P
#19215000
b0111 E
1P
b00000000 V
1W
#19220000
1%
1&
0(
b00000000000000000000011011110100 /
b011100 0
b00000000000000000000000000000100 K
0P
#19225000
18
0:
1P
b0111 T
b00000001 V
0W
#19230000
0%
0'
b00000000000000000000011011110101 /
b001001 0
b0111 J
b00000000000000000000000000000001 K
0P
b0111 R
#19235000
b0000 E
1P
b00000000 V
1W
#19240000
1'
b00000000000000000000011011110110 /
b011001 0
b00000000000000000000000000000010 K
0P
#19245000
17
08
1P
b0000 T
b00000001 V
0W
#19250000
1%
b00000000000000000000011011110111 /
b011100 0
b0000 J
b00000000000000000000000000000001 K
0P
b0000 R
#19255000
b0011 E
b0101 G
b101 H
1P
b00000000 V
1W
#19260000
b00000000000000000000011011111000 /
b00000000000000000000000000000010 K
0P
#19265000
07
19
0;
1=
1P
b0011 T
b011 U
b00000010 V
0W
#19270000
0$
0&
1(
b00000000000000000000011011111001 /
b110010 0
b00000000000000000000000000100000 3
b0011 J
b00000000000000000000000000000001 K
b00000000000000000000000011110110 M
b0011 N
0P
b0011 R
#19275000
1P
b00000001 V
#19280000
1$
0'
b00000000000000000000011011111010 /
b100100 0
b00000000000000000000000000000010 K
0P
#19285000
b0111 E
1P
b00000000 V
1W
#19290000
1&
b00000000000000000000011011111011 /
b101100 0
b00000000000000000000000000000011 K
0P
#19295000
18
09
1<
0=
1P
b0111 T
b00000001 V
0W
#19300000
0$
0(
b00000000000000000000011011111100 /
b001010 0
b0111 J
b00000000000000000000000000000001 K
0P
b0111 R
#19305000
b0000 E
1P
b00000000 V
1W
#19310000
1$
0%
0&
1'
b00000000000000000000011011111101 /
b010001 0
b00000000000000000000000000000010 K
0P
#19315000
17
08
1;
0<
1P
b0000 T
b00000001 V
0W
#19320000
0$
0'
1(
b00000000000000000000011011111110 /
b100000 0
b0000 J
b00000000000000000000000000000001 K
0P
b0000 R
#19325000
b0110 E
b0011 G
b011 H
1P
b00000000 V
1W
#19330000
1%
1'
b00000000000000000000011011111111 /
b110010 0
b0101 E
b00000000000000000000000000000010 K
0P
#19335000
07
1:
1P
b0101 T
b101 U
b00000011 V
0W
#19340000
0%
1&
0'
b00000000000000000000011100000000 /
b101000 0
b00000000000000000000000000110101 5
b0101 J
b00000000000000000000000000000001 K
b00000000000000000000000011110111 M
b0101 N
0P
b0101 R
#19345000
1P
b00000010 V
#19350000
1$
0(
b00000000000000000000011100000001 /
b001001 0
b00000000000000000000000000000010 K
0P
#19355000
1P
b00000001 V
#19360000
1%
0&
b00000000000000000000011100000010 /
b000100 0
b00000000000000000000000000000011 K
0P
#19365000
b0111 E
1P
b00000000 V
1W
#19370000
0%
1&
1'
b00000000000000000000011100000011 /
b011001 0
b00000000000000000000000000000100 K
0P
#19375000
18
0:
1P
b0111 T
b00000001 V
0W
#19380000
0$
1%
0&
0'
b00000000000000000000011100000100 /
b000010 0
b0111 J
b00000000000000000000000000000001 K
0P
b0111 R
#19385000
b0000 E
1P
b00000000 V
1W
#19390000
1&
1(
b00000000000000000000011100000101 /
b101010 0
b00000000000000000000000000000010 K
0P
#19395000
17
08
1P
b0000 T
b00000001 V
0W
#19400000
1'
0(
b00000000000000000000011100000110 /
b011010 0
b0000 J
b00000000000000000000000000000001 K
0P
b0000 R
#19405000
b0010 E
b0101 G
b101 H
1P
b00000000 V
1W
#19410000
1$
0%
0&
0'
1(
b00000000000000000000011100000111 /
b100001 0
b0110 E
b00000000000000000000000000000010 K
0P
#19415000
0;
1>
1B
1P
b0110 T
b110 U
b00000011 V
0W
#19420000
0$
1&
1'
b00000000000000000000011100001000 /
b111000 0
b00000000000000000000000000110100 6
b0110 J
b00000000000000000000000000000001 K
b00000000000000000000000011111000 M
b0110 N
0P
b0110 R
#19425000
1P
b00000010 V
#19430000
0&
0'
0(
b00000000000000000000011100001001 /
b000000 0
b00000000000000000000000000000010 K
0P
#19435000
1P
b00000001 V
#19440000
1(
b00000000000000000000011100001010 /
b100000 0
b00000000000000000000000000000011 K
0P
#19445000
b0111 E
1P
b00000000 V
1W
#19450000
1%
1'
b00000000000000000000011100001011 /
b110010 0
b00000000000000000000000000000100 K
0P
#19455000
1<
0>
0B
1P
b0111 T
b00000001 V
0W
#19460000
1&
0(
b00000000000000000000011100001100 /
b011010 0
b0111 J
b00000000000000000000000000000001 K
0P
b0111 R
#19465000
b0000 E
1P
b00000000 V
1W
#19470000
1$
0&
0'
1(
b00000000000000000000011100001101 /
b100100 0
b00000000000000000000000000000010 K
0P
#19475000
1;
0<
1P
b0000 T
b00000001 V
0W
#19480000
0%
1&
1'
b00000000000000000000011100001110 /
b111001 0
b0000 J
b00000000000000000000000000000001 K
0P
b0000 R
#19485000
b0001 E
b0110 G
b110 H
1P
b00000000 V
1W
#19490000
0$
1%
0(
b00000000000000000000011100001111 /
b011010 0
b0010 E
b00000000000000000000000000000010 K
0P
#19495000
0;
1=
1P
b0010 T
b010 U
b00000010 V
0W
#19500000
1$
0%
0'
b00000000000000000000011100010000 /
b001001 0
b00000000000000000000000000100000 2
b0010 J
b00000000000000000000000000000001 K
b00000000000000000000000011111001 M
b0010 N
0P
b0010 R
#19505000
1P
b00000001 V
#19510000
1%
b00000000000000000000011100010001 /
b001100 0
b00000000000000000000000000000010 K
0P
#19515000
b0111 E
1P
b00000000 V
1W
#19520000
0$
0&
1'
1(
b00000000000000000000011100010010 /
b110010 0
b00000000000000000000000000000011 K
0P
#19525000
1<
0=
1P
b0111 T
b00000001 V
0W
#19530000
b00000000000000000000011100010011 /
b0111 J
b00000000000000000000000000000001 K
0P
b0111 R
#19535000
b0000 E
1P
b00000000 V
1W
#19540000
0%
b00000000000000000000011100010100 /
b110000 0
b00000000000000000000000000000010 K
0P
#19545000
1;
0<
1P
b0000 T
b00000001 V
0W
#19550000
0(
b00000000000000000000011100010101 /
b010000 0
b0000 J
b00000000000000000000000000000001 K
0P
b0000 R
#19555000
b0101 E
b0010 G
b010 H
1P
b00000000 V
1W
#19560000
1$
1%
1(
b00000000000000000000011100010110 /
b110100 0
b0011 E
b00000000000000000000000000000010 K
0P
#19565000
07
19
0;
1=
1P
b0011 T
b011 U
b00000010 V
0W
#19570000
0$
1&
0(
b00000000000000000000011100010111 /
b011010 0
b00000000000000000000000000100001 3
b0011 J
b00000000000000000000000000000001 K
b00000000000000000000000011111010 M
b0011 N
0P
b0011 R
#19575000
1P
b00000001 V
#19580000
1(
b00000000000000000000011100011000 /
b111010 0
b00000000000000000000000000000010 K
0P
#19585000
b0111 E
1P
b00000000 V
1W
#19590000
1$
0%
0'
0(
b00000000000000000000011100011001 /
b001001 0
b00000000000000000000000000000011 K
0P
#19595000
18
09
1<
0=
1P
b0111 T
b00000001 V
0W
#19600000
1(
b00000000000000000000011100011010 /
b101001 0
b0111 J
b00000000000000000000000000000001 K
0P
b0111 R
#19605000
b0000 E
1P
b00000000 V
1W
#19610000
0$
1%
1'
0(
b00000000000000000000011100011011 /
b011010 0
b00000000000000000000000000000010 K
0P
#19615000
17
08
1;
0<
1P
b0000 T
b00000001 V
0W
#19620000
1$
0%
0&
0'
1(
b00000000000000000000011100011100 /
b100001 0
b0000 J
b00000000000000000000000000000001 K
0P
b0000 R
#19625000
b0110 E
b0011 G
b011 H
1P
b00000000 V
1W
#19630000
1%
1&
1'
0(
b00000000000000000000011100011101 /
b011100 0
b0100 E
b00000000000000000000000000000010 K
0P
#19635000
0?
1A
1C
1P
b0100 T
b100 U
b00000100 V
0W
#19640000
0$
0&
0'
b00000000000000000000011100011110 /
b000010 0
b00000000000000000000000000110100 4
b0100 J
b00000000000000000000000000000001 K
b00000000000000000000000011111011 M
b0100 N
0P
b0100 R
#19645000
1P
b00000011 V
#19650000
1$
1(
b00000000000000000000011100011111 /
b100100 0
b00000000000000000000000000000010 K
0P
#19655000
1P
b00000010 V
#19660000
1'
b00000000000000000000011100100000 /
b110100 0
b00000000000000000000000000000011 K
0P
#19665000
1P
b00000001 V
#19670000
0$
0%
1&
0'
b00000000000000000000011100100001 /
b101000 0
b00000000000000000000000000000100 K
0P
#19675000
b0111 E
1P
b00000000 V
1W
#19680000
1$
1%
1'
b00000000000000000000011100100010 /
b111100 0
b00000000000000000000000000000101 K
0P
#19685000
1@
0A
0C
1P
b0111 T
b00000001 V
0W
#19690000
0%
0'
0(
b00000000000000000000011100100011 /
b001001 0
b0111 J
b00000000000000000000000000000001 K
0P
b0111 R
#19695000
b0000 E
1P
b00000000 V
1W
#19700000
0&
1'
1(
b00000000000000000000011100100100 /
b110001 0
b00000000000000000000000000000010 K
0P
#19705000
1?
0@
1P
b0000 T
b00000001 V
0W
#19710000
0$
1%
0'
b00000000000000000000011100100101 /
b100010 0
b0000 J
b00000000000000000000000000000001 K
0P
b0000 R
#19715000
b0110 E
b0100 G
b100 H
1P
b00000000 V
1W
#19720000
1$
0%
1&
1'
b00000000000000000000011100100110 /
b111001 0
b0101 E
b00000000000000000000000000000010 K
0P
#19725000
07
1:
1P
b0101 T
b101 U
b00000011 V
0W
#19730000
1%
0&
b00000000000000000000011100100111 /
b110100 0
b00000000000000000000000000110110 5
b0101 J
b00000000000000000000000000000001 K
b00000000000000000000000011111100 M
b0101 N
0P
b0101 R
#19735000
1P
b00000010 V
#19740000
0%
b00000000000000000000011100101000 /
b110001 0
b00000000000000000000000000000010 K
0P
#19745000
1P
b00000001 V
#19750000
1%
1&
0'
0(
b00000000000000000000011100101001 /
b001100 0
b00000000000000000000000000000011 K
0P
#19755000
b0111 E
1P
b00000000 V
1W
#19760000
0%
0&
b00000000000000000000011100101010 /
b000001 0
b00000000000000000000000000000100 K
0P
#19765000
18
0:
1P
b0111 T
b00000001 V
0W
#19770000
0$
1&
1'
b00000000000000000000011100101011 /
b011000 0
b0111 J
b00000000000000000000000000000001 K
0P
b0111 R
#19775000
b0000 E
1P
b00000000 V
1W
#19780000
0'
1(
b00000000000000000000011100101100 /
b101000 0
b00000000000000000000000000000010 K
0P
#19785000
17
08
1P
b0000 T
b00000001 V
0W
#19790000
1$
0&
0(
b00000000000000000000011100101101 /
b000001 0
b0000 J
b00000000000000000000000000000001 K
0P
b0000 R
#19795000
b0001 E
b0101 G
b101 H
1P
b00000000 V
1W
#19800000
1%
1&
1(
b00000000000000000000011100101110 /
b101100 0
b0110 E
b00000000000000000000000000000010 K
0P
#19805000
0;
1>
1B
1P
b0110 T
b110 U
b00000011 V
0W
#19810000
1'
b00000000000000000000011100101111 /
b111100 0
b00000000000000000000000000110101 6
b0110 J
b00000000000000000000000000000001 K
b00000000000000000000000011111101 M
b0110 N
0P
b0110 R
#19815000
1P
b00000010 V
#19820000
0%
0&
0(
b00000000000000000000011100110000 /
b010001 0
b00000000000000000000000000000010 K
0P
#19825000
1P
b00000001 V
#19830000
0$
1&
b00000000000000000000011100110001 /
b011000 0
b00000000000000000000000000000011 K
0P
#19835000
b0111 E
1P
b00000000 V
1W
#19840000
0'
b00000000000000000000011100110010 /
b001000 0
b00000000000000000000000000000100 K
0P
#19845000
1<
0>
0B
1P
b0111 T
b00000001 V
0W
#19850000
1(
b00000000000000000000011100110011 /
b101000 0
b0111 J
b00000000000000000000000000000001 K
0P
b0111 R
#19855000
b0000 E
1P
b00000000 V
1W
#19860000
1$
0(
0)
b00000000000000000000011100110100 /
b001001 0
b00000000000000000000000000000010 K
0P
#19865000
1;
0<
1P
b0000 T
b00000001 V
0W
#19870000
0&
1'
1(
b00000000000000000000011100110101 /
b110001 0
b0000 J
b00000000000000000000000000000001 K
0P
b0000 R
#19875000
b0001 E
b0110 G
b110 H
1P
b00000000 V
1W
#19880000
1%
1&
0'
0(
b00000000000000000000011100110110 /
b001100 0
b0011 E
b00000000000000000000000000000010 K
0P
#19885000
07
19
0;
1=
1P
b0011 T
b011 U
b00000010 V
0W
#19890000
0&
b00000000000000000000011100110111 /
b000100 0
b00000000000000000000000000100010 3
b0011 J
b00000000000000000000000000000001 K
b00000000000000000000000011111110 M
b0011 N
0P
b0011 R
#19895000
1P
b00000001 V
#19900000
0$
1(
b00000000000000000000011100111000 /
b100010 0
b00000000000000000000000000000010 K
0P
#19905000
b0111 E
1P
b00000000 V
1W
#19910000
0%
1'
b00000000000000000000011100111001 /
b110000 0
b00000000000000000000000000000011 K
0P
#19915000
18
09
1<
0=
1P
b0111 T
b00000001 V
0W
#19920000
1$
1%
0'
0(
b00000000000000000000011100111010 /
b000100 0
b0111 J
b00000000000000000000000000000001 K
0P
b0111 R
#19925000
b0000 E
1P
b00000000 V
1W
#19930000
0%
1&
b00000000000000000000011100111011 /
b001001 0
b00000000000000000000000000000010 K
0P
#19935000
17
08
1;
0<
1P
b0000 T
b00000001 V
0W
#19940000
0$
1%
0&
1'
b00000000000000000000011100111100 /
b010010 0
b0000 J
b00000000000000000000000000000001 K
0P
b0000 R
#19945000
b0101 E
b0011 G
b011 H
1P
b00000000 V
1W
#19950000
1&
0'
1(
b00000000000000000000011100111101 /
b101010 0
b0100 E
b00000000000000000000000000000010 K
0P
#19955000
0?
1A
1P
b0100 T
b100 U
b00000100 V
0W
#19960000
1$
0%
0&
0(
b00000000000000000000011100111110 /
b000001 0
b00000000000000000000000000110101 4
b0100 J
b00000000000000000000000000000001 K
b00000000000000000000000011111111 M
b0100 N
0P
b0100 R
#19965000
1P
b00000011 V
#19970000
0$
1(
b00000000000000000000011100111111 /
b100000 0
b00000000000000000000000000000010 K
0P
#19975000
1P
b00000010 V
#19980000
1$
1%
1&
1'
b00000000000000000000011101000000 /
b111100 0
b00000000000000000000000000000011 K
0P
#19985000
1P
b00000001 V
#19990000
b00000000000000000000011101000001 /
b00000000000000000000000000000100 K
0P
#19995000
b0111 E
1P
b00000000 V
1W
#20000000
0$
0%
0'
0(
b00000000000000000000011101000010 /
b001000 0
b00000000000000000000000000000101 K
0P
#20005000
1@
0A
1P
b0111 T
b00000001 V
0W
#20010000
0&
1'
b00000000000000000000011101000011 /
b010000 0
b0111 J
b00000000000000000000000000000001 K
0P
b0111 R
#20015000
b0000 E
1P
b00000000 V
1W
#20020000
1$
b00000000000000000000011101000100 /
b010001 0
b00000000000000000000000000000010 K
0P
#20025000
1?
0@
1P
b0000 T
b00000001 V
0W
#20030000
1%
1&
1(
b00000000000000000000011101000101 /
b111100 0
b0000 J
b00000000000000000000000000000001 K
0P
b0000 R
#20035000
b0101 E
b0100 G
b100 H
1P
b00000000 V
1W
#20040000
0$
0%
0'
0(
b00000000000000000000011101000110 /
b001000 0
b0100 E
b00000000000000000000000000000010 K
0P
#20045000
0?
1A
1P
b0100 T
b00000100 V
0W
#20050000
1(
b00000000000000000000011101000111 /
b101000 0
b00000000000000000000000000110110 4
b0100 J
b00000000000000000000000000000001 K
b00000000000000000000000100000000 M
0P
b0100 R
#20055000
1P
b00000011 V
#20060000
1'
0(
b00000000000000000000011101001000 /
b011000 0
b00000000000000000000000000000010 K
0P
#20065000
1P
b00000010 V
#20070000
1$
1%
b00000000000000000000011101001001 /
b011100 0
b00000000000000000000000000000011 K
0P
#20075000
1P
b00000001 V
#20080000
0%
0&
0'
b00000000000000000000011101001010 /
b000001 0
b00000000000000000000000000000100 K
0P
#20085000
b0111 E
1P
b00000000 V
1W
#20090000
0$
1%
1(
b00000000000000000000011101001011 /
b100010 0
b00000000000000000000000000000101 K
0P
#20095000
1@
0A
1P
b0111 T
b00000001 V
0W
#20100000
1$
0%
b00000000000000000000011101001100 /
b100001 0
b0111 J
b00000000000000000000000000000001 K
0P
b0111 R
#20105000
b0000 E
1P
b00000000 V
1W
#20110000
1&
0(
b00000000000000000000011101001101 /
b001001 0
b00000000000000000000000000000010 K
0P
#20115000
1?
0@
1P
b0000 T
b00000001 V
0W
#20120000
0$
1%
b00000000000000000000011101001110 /
b001010 0
b0000 J
b00000000000000000000000000000001 K
0P
b0000 R
#20125000
b0010 E
1P
b00000000 V
1W
#20130000
1$
0%
1'
1(
b00000000000000000000011101001111 /
b111001 0
b0101 E
b00000000000000000000000000000010 K
0P
#20135000
07
1:
1P
b0101 T
b101 U
b00000011 V
0W
#20140000
0$
1%
0'
0(
b00000000000000000000011101010000 /
b001010 0
b00000000000000000000000000110111 5
b0101 J
b00000000000000000000000000000001 K
b00000000000000000000000100000001 M
b0101 N
0P
b0101 R
#20145000
1P
b00000010 V
#20150000
1$
0%
1(
b00000000000000000000011101010001 /
b101001 0
b00000000000000000000000000000010 K
0P
#20155000
1P
b00000001 V
#20160000
1%
1'
0(
b00000000000000000000011101010010 /
b011100 0
b00000000000000000000000000000011 K
0P
#20165000
b0111 E
1P
b00000000 V
1W
#20170000
0'
1(
b00000000000000000000011101010011 /
b101100 0
b00000000000000000000000000000100 K
0P
#20175000
18
0:
1P
b0111 T
b00000001 V
0W
#20180000
0%
0&
1'
0(
b00000000000000000000011101010100 /
b010001 0
b0111 J
b00000000000000000000000000000001 K
0P
b0111 R
#20185000
b0000 E
1P
b00000000 V
1W
#20190000
1%
0'
1(
b00000000000000000000011101010101 /
b100100 0
b00000000000000000000000000000010 K
0P
#20195000
17
08
1P
b0000 T
b00000001 V
0W
#20200000
0%
1&
b00000000000000000000011101010110 /
b101001 0
b0000 J
b00000000000000000000000000000001 K
0P
b0000 R
#20205000
b0110 E
b0101 G
b101 H
1P
b00000000 V
1W
#20210000
1%
b00000000000000000000011101010111 /
b101100 0
b00000000000000000000000000000010 K
0P
#20215000
0;
1>
1P
b0110 T
b110 U
b00000011 V
0W
#20220000
0$
0%
b00000000000000000000011101011000 /
b101000 0
b00000000000000000000000000110110 6
b0110 J
b00000000000000000000000000000001 K
b00000000000000000000000100000010 M
b0110 N
0P
b0110 R
#20225000
1P
b00000010 V
#20230000
1%
1'
0(
b00000000000000000000011101011001 /
b011010 0
b00000000000000000000000000000010 K
0P
#20235000
1P
b00000001 V
#20240000
0&
1(
b00000000000000000000011101011010 /
b110010 0
b00000000000000000000000000000011 K
0P
#20245000
b0111 E
1P
b00000000 V
1W
#20250000
1$
0%
1&
0(
b00000000000000000000011101011011 /
b011001 0
b00000000000000000000000000000100 K
0P
#20255000
1<
0>
1P
b0111 T
b00000001 V
0W
#20260000
b00000000000000000000011101011100 /
b0111 J
b00000000000000000000000000000001 K
0P
b0111 R
#20265000
b0000 E
1P
b00000000 V
1W
#20270000
0&
0'
b00000000000000000000011101011101 /
b000001 0
b00000000000000000000000000000010 K
0P
#20275000
1;
0<
1P
b0000 T
b00000001 V
0W
#20280000
0$
1%
1&
1(
b00000000000000000000011101011110 /
b101010 0
b0000 J
b00000000000000000000000000000001 K
0P
b0000 R
#20285000
b0010 E
b0110 G
b110 H
1P
b00000000 V
1W
#20290000
b00000000000000000000011101011111 /
b00000000000000000000000000000010 K
0P
#20295000
0;
1=
1P
b0010 T
b010 U
b00000010 V
0W
#20300000
1'
0(
b00000000000000000000011101100000 /
b011010 0
b00000000000000000000000000100001 2
b0010 J
b00000000000000000000000000000001 K
b00000000000000000000000100000011 M
b0010 N
0P
b0010 R
#20305000
1P
b00000001 V
#20310000
1$
0%
0'
b00000000000000000000011101100001 /
b001001 0
b00000000000000000000000000000010 K
0P
#20315000
b0111 E
1P
b00000000 V
1W
#20320000
0&
b00000000000000000000011101100010 /
b000001 0
b00000000000000000000000000000011 K
0P
#20325000
1<
0=
1P
b0111 T
b00000001 V
0W
#20330000
1%
1'
1(
b00000000000000000000011101100011 /
b110100 0
b0111 J
b00000000000000000000000000000001 K
0P
b0111 R
#20335000
b0000 E
1P
b00000000 V
1W
#20340000
b00000000000000000000011101100100 /
b00000000000000000000000000000010 K
0P
#20345000
1;
0<
1P
b0000 T
b00000001 V
0W
#20350000
0(
b00000000000000000000011101100101 /
b010100 0
b0000 J
b00000000000000000000000000000001 K
0P
b0000 R
#20355000
b0011 E
b0010 G
b010 H
1P
b00000000 V
1W
#20360000
0$
0%
b00000000000000000000011101100110 /
b010000 0
b0101 E
b00000000000000000000000000000010 K
0P
#20365000
07
1:
1P
b0101 T
b101 U
b00000011 V
0W
#20370000
1%
1&
b00000000000000000000011101100111 /
b011010 0
b00000000000000000000000000111000 5
b0101 J
b00000000000000000000000000000001 K
b00000000000000000000000100000100 M
b0101 N
0P
b0101 R
#20375000
1P
b00000010 V
#20380000
0%
0&
0'
1(
b00000000000000000000011101101000 /
b100000 0
b00000000000000000000000000000010 K
0P
#20385000
1P
b00000001 V
#20390000
1$
1&
1'
0(
b00000000000000000000011101101001 /
b011001 0
b00000000000000000000000000000011 K
0P
#20395000
b0111 E
1P
b00000000 V
1W
#20400000
0$
0'
1(
b00000000000000000000011101101010 /
b101000 0
b00000000000000000000000000000100 K
0P
#20405000
18
0:
1P
b0111 T
b00000001 V
0W
#20410000
0&
0(
b00000000000000000000011101101011 /
b000000 0
b0111 J
b00000000000000000000000000000001 K
0P
b0111 R
#20415000
b0000 E
1P
b00000000 V
1W
#20420000
1$
1%
1(
b00000000000000000000011101101100 /
b100100 0
b00000000000000000000000000000010 K
0P
#20425000
17
08
1P
b0000 T
b00000001 V
0W
#20430000
0%
0(
b00000000000000000000011101101101 /
b000001 0
b0000 J
b00000000000000000000000000000001 K
0P
b0000 R
#20435000
b0001 E
b0101 G
b101 H
1P
b00000000 V
1W
#20440000
1&
1(
b00000000000000000000011101101110 /
b101001 0
b0110 E
b00000000000000000000000000000010 K
0P
#20445000
0;
1>
1P
b0110 T
b110 U
b00000011 V
0W
#20450000
0$
1%
1'
b00000000000000000000011101101111 /
b111010 0
b00000000000000000000000000110111 6
b0110 J
b00000000000000000000000000000001 K
b00000000000000000000000100000101 M
b0110 N
0P
b0110 R
#20455000
1P
b00000010 V
#20460000
0&
0'
b00000000000000000000011101110000 /
b100010 0
b00000000000000000000000000000010 K
0P
#20465000
1P
b00000001 V
#20470000
1$
0%
1&
b00000000000000000000011101110001 /
b101001 0
b00000000000000000000000000000011 K
0P
#20475000
b0111 E
1P
b00000000 V
1W
#20480000
0$
1%
0&
b00000000000000000000011101110010 /
b100010 0
b00000000000000000000000000000100 K
0P
#20485000
1<
0>
1P
b0111 T
b00000001 V
0W
#20490000
1$
0%
1&
0(
b00000000000000000000011101110011 /
b001001 0
b0111 J
b00000000000000000000000000000001 K
0P
b0111 R
#20495000
b0000 E
1P
b00000000 V
1W
#20500000
0$
1%
0&
1'
b00000000000000000000011101110100 /
b010010 0
b00000000000000000000000000000010 K
0P
#20505000
1;
0<
1P
b0000 T
b00000001 V
0W
#20510000
1$
0%
0'
b00000000000000000000011101110101 /
b000001 0
b0000 J
b00000000000000000000000000000001 K
0P
b0000 R
#20515000
b0001 E
b0110 G
b110 H
1P
b00000000 V
1W
#20520000
b00000000000000000000011101110110 /
b00000000000000000000000000000010 K
0P
#20525000
07
19
1P
b0001 T
b001 U
b00000010 V
0W
#20530000
0$
1&
1'
1(
b00000000000000000000011101110111 /
b111000 0
b00000000000000000000000000011110 1
b0001 J
b00000000000000000000000000000001 K
b00000000000000000000000100000110 M
b0001 N
0P
b0001 R
#20535000
1P
b00000001 V
#20540000
0&
0'
b00000000000000000000011101111000 /
b100000 0
b00000000000000000000000000000010 K
0P
#20545000
b0111 E
1P
b00000000 V
1W
#20550000
1%
1'
b00000000000000000000011101111001 /
b110010 0
b00000000000000000000000000000011 K
0P
#20555000
18
09
1P
b0111 T
b00000001 V
0W
#20560000
1$
0%
1&
b00000000000000000000011101111010 /
b111001 0
b0111 J
b00000000000000000000000000000001 K
0P
b0111 R
#20565000
b0000 E
1P
b00000000 V
1W
#20570000
b00000000000000000000011101111011 /
b00000000000000000000000000000010 K
0P
#20575000
17
08
1P
b0000 T
b00000001 V
0W
#20580000
0$
0&
0(
b00000000000000000000011101111100 /
b010000 0
b0000 J
b00000000000000000000000000000001 K
0P
b0000 R
#20585000
b0101 E
b0001 G
b001 H
1P
b00000000 V
1W
#20590000
1%
0'
b00000000000000000000011101111101 /
b000010 0
b0010 E
b00000000000000000000000000000010 K
0P
#20595000
0;
1=
1P
b0010 T
b010 U
b00000010 V
0W
#20600000
1$
1'
b00000000000000000000011101111110 /
b010100 0
b00000000000000000000000000100010 2
b0010 J
b00000000000000000000000000000001 K
b00000000000000000000000100000111 M
b0010 N
0P
b0010 R
#20605000
1P
b00000001 V
#20610000
0$
1&
1(
b00000000000000000000011101111111 /
b111010 0
b00000000000000000000000000000010 K
0P
#20615000
b0111 E
1P
b00000000 V
1W
#20620000
0%
0'
0(
b00000000000000000000011110000000 /
b001000 0
b00000000000000000000000000000011 K
0P
#20625000
1<
0=
1P
b0111 T
b00000001 V
0W
#20630000
1$
1'
1(
b00000000000000000000011110000001 /
b111001 0
b0111 J
b00000000000000000000000000000001 K
0P
b0111 R
#20635000
b0000 E
1P
b00000000 V
1W
#20640000
1%
0&
0'
0(
b00000000000000000000011110000010 /
b000100 0
b00000000000000000000000000000010 K
0P
#20645000
1;
0<
1P
b0000 T
b00000001 V
0W
#20650000
0$
0%
1&
1'
1(
b00000000000000000000011110000011 /
b111000 0
b0000 J
b00000000000000000000000000000001 K
0P
b0000 R
#20655000
b0100 E
b0010 G
b010 H
1P
b00000000 V
1W
#20660000
b00000000000000000000011110000100 /
b00000000000000000000000000000010 K
0P
#20665000
0?
1A
1P
b0100 T
b100 U
b00000100 V
0W
#20670000
0'
0(
b00000000000000000000011110000101 /
b001000 0
b00000000000000000000000000110111 4
b0100 J
b00000000000000000000000000000001 K
b00000000000000000000000100001000 M
b0100 N
0P
b0100 R
#20675000
1P
b00000011 V
#20680000
1%
0&
b00000000000000000000011110000110 /
b000010 0
b00000000000000000000000000000010 K
0P
#20685000
1P
b00000010 V
#20690000
1'
1(
b00000000000000000000011110000111 /
b110010 0
b00000000000000000000000000000011 K
0P
#20695000
1P
b00000001 V
#20700000
1$
0%
0'
0(
b00000000000000000000011110001000 /
b000001 0
b00000000000000000000000000000100 K
0P
#20705000
b0111 E
1P
b00000000 V
1W
#20710000
0$
1%
1(
b00000000000000000000011110001001 /
b100010 0
b00000000000000000000000000000101 K
0P
#20715000
1@
0A
1P
b0111 T
b00000001 V
0W
#20720000
0%
0(
b00000000000000000000011110001010 /
b000000 0
b0111 J
b00000000000000000000000000000001 K
0P
b0111 R
#20725000
b0000 E
1P
b00000000 V
1W
#20730000
1'
1(
b00000000000000000000011110001011 /
b110000 0
b00000000000000000000000000000010 K
0P
#20735000
1?
0@
1P
b0000 T
b00000001 V
0W
#20740000
1$
0'
0(
b00000000000000000000011110001100 /
b000001 0
b0000 J
b00000000000000000000000000000001 K
0P
b0000 R
#20745000
b0001 E
b0100 G
b100 H
1P
b00000000 V
1W
#20750000
0$
1&
1'
1(
b00000000000000000000011110001101 /
b111000 0
b0101 E
b00000000000000000000000000000010 K
0P
#20755000
07
1:
1P
b0101 T
b101 U
b00000011 V
0W
#20760000
1$
0'
b00000000000000000000011110001110 /
b101001 0
b00000000000000000000000000111001 5
b0101 J
b00000000000000000000000000000001 K
b00000000000000000000000100001001 M
b0101 N
0P
b0101 R
#20765000
1P
b00000010 V
#20770000
0$
1'
0(
b00000000000000000000011110001111 /
b011000 0
b00000000000000000000000000000010 K
0P
#20775000
1P
b00000001 V
#20780000
1%
0&
b00000000000000000000011110010000 /
b010010 0
b00000000000000000000000000000011 K
0P
#20785000
b0111 E
1P
b00000000 V
1W
#20790000
1$
1&
0'
b00000000000000000000011110010001 /
b001100 0
b00000000000000000000000000000100 K
0P
#20795000
18
0:
1P
b0111 T
b00000001 V
0W
#20800000
0$
0&
b00000000000000000000011110010010 /
b000010 0
b0111 J
b00000000000000000000000000000001 K
0P
b0111 R
#20805000
b0000 E
1P
b00000000 V
1W
#20810000
0%
1&
1'
b00000000000000000000011110010011 /
b011000 0
b00000000000000000000000000000010 K
0P
#20815000
17
08
1P
b0000 T
b00000001 V
0W
#20820000
1%
1(
b00000000000000000000011110010100 /
b111010 0
b0000 J
b00000000000000000000000000000001 K
0P
b0000 R
#20825000
b0110 E
b0101 G
b101 H
1P
b00000000 V
1W
#20830000
0%
0&
0'
0(
1)
b00000000000000000000011110010101 /
b000000 0
0I
b00000000000000000000000000000010 K
0P
#20835000
0;
1>
1B
1P
b0110 T
b110 U
b00000011 V
0W
#20840000
1%
b00000000000000000000011110010110 /
b000010 0
b00000000000000000000000000111000 6
b0110 J
b00000000000000000000000000000001 K
b00000000000000000000000100001010 M
b0110 N
0P
b0110 R
#20845000
1P
b00000010 V
#20850000
1$
0%
1(
b00000000000000000000011110010111 /
b100001 0
b00000000000000000000000000000010 K
0P
#20855000
1P
b00000001 V
#20860000
1%
1&
1'
b00000000000000000000011110011000 /
b111100 0
b00000000000000000000000000000011 K
0P
#20865000
b0111 E
1P
b00000000 V
1W
#20870000
0%
0(
b00000000000000000000011110011001 /
b011001 0
b00000000000000000000000000000100 K
0P
#20875000
1<
0>
0B
1P
b0111 T
b00000001 V
0W
#20880000
1%
0&
0'
b00000000000000000000011110011010 /
b000100 0
b0111 J
b00000000000000000000000000000001 K
0P
b0111 R
#20885000
b0000 E
1P
b00000000 V
1W
#20890000
1'
1(
b00000000000000000000011110011011 /
b110100 0
b00000000000000000000000000000010 K
0P
#20895000
1;
0<
1P
b0000 T
b00000001 V
0W
#20900000
0$
0%
1&
0'
0(
b00000000000000000000011110011100 /
b001000 0
b0000 J
b00000000000000000000000000000001 K
0P
b0000 R
#20905000
b0100 E
b0110 G
b110 H
1I
1P
b00000000 V
1W
#20910000
1$
1%
1(
b00000000000000000000011110011101 /
b101100 0
b0011 E
b00000000000000000000000000000010 K
0P
#20915000
07
19
0;
1=
1P
b0011 T
b011 U
b00000010 V
0W
#20920000
0&
1'
0(
b00000000000000000000011110011110 /
b010100 0
b00000000000000000000000000100011 3
b0011 J
b00000000000000000000000000000001 K
b00000000000000000000000100001011 M
b0011 N
0P
b0011 R
#20925000
1P
b00000001 V
#20930000
1&
1(
b00000000000000000000011110011111 /
b111100 0
b00000000000000000000000000000010 K
0P
#20935000
b0111 E
1P
b00000000 V
1W
#20940000
0$
0&
0'
0(
b00000000000000000000011110100000 /
b000010 0
b00000000000000000000000000000011 K
0P
#20945000
18
09
1<
0=
1P
b0111 T
b00000001 V
0W
#20950000
1$
1(
b00000000000000000000011110100001 /
b100100 0
b0111 J
b00000000000000000000000000000001 K
0P
b0111 R
#20955000
b0000 E
1P
b00000000 V
1W
#20960000
0$
0%
1&
0(
b00000000000000000000011110100010 /
b001000 0
b00000000000000000000000000000010 K
0P
#20965000
17
08
1;
0<
1P
b0000 T
b00000001 V
0W
#20970000
1$
0&
1'
1(
b00000000000000000000011110100011 /
b110001 0
b0000 J
b00000000000000000000000000000001 K
0P
b0000 R
#20975000
b0101 E
b0011 G
b011 H
1P
b00000000 V
1W
#20980000
0$
1%
0'
0(
b00000000000000000000011110100100 /
b000010 0
b0010 E
b00000000000000000000000000000010 K
0P
#20985000
0;
1=
1P
b0010 T
b010 U
b00000010 V
0W
#20990000
1$
b00000000000000000000011110100101 /
b000100 0
b00000000000000000000000000100011 2
b0010 J
b00000000000000000000000000000001 K
b00000000000000000000000100001100 M
b0010 N
0P
b0010 R
#20995000
1P
b00000001 V
#21000000
0$
1&
1(
b00000000000000000000011110100110 /
b101010 0
b00000000000000000000000000000010 K
0P
#21005000
b0111 E
1P
b00000000 V
1W
#21010000
1$
b00000000000000000000011110100111 /
b101100 0
b00000000000000000000000000000011 K
0P
#21015000
1<
0=
1P
b0111 T
b00000001 V
0W
#21020000
0$
b00000000000000000000011110101000 /
b101010 0
b0111 J
b00000000000000000000000000000001 K
0P
b0111 R
#21025000
b0000 E
1P
b00000000 V
1W
#21030000
1$
0&
1'
0(
b00000000000000000000011110101001 /
b010100 0
b00000000000000000000000000000010 K
0P
#21035000
1;
0<
1P
b0000 T
b00000001 V
0W
#21040000
1&
0'
1(
b00000000000000000000011110101010 /
b101100 0
b0000 J
b00000000000000000000000000000001 K
0P
b0000 R
#21045000
b0011 E
b0010 G
b010 H
1P
b00000000 V
1W
#21050000
0$
0%
0&
0(
b00000000000000000000011110101011 /
b000000 0
0I
b00000000000000000000000000000010 K
0P
#21055000
07
19
0;
1=
1P
b0011 T
b011 U
b00000010 V
0W
#21060000
1%
1&
1(
b00000000000000000000011110101100 /
b101010 0
b00000000000000000000000000100100 3
b0011 J
b00000000000000000000000000000001 K
b00000000000000000000000100001101 M
b0011 N
0P
b0011 R
#21065000
1P
b00000001 V
#21070000
1'
b00000000000000000000011110101101 /
b111010 0
b00000000000000000000000000000010 K
0P
#21075000
b0111 E
1P
b00000000 V
1W
#21080000
1$
b00000000000000000000011110101110 /
b111100 0
b00000000000000000000000000000011 K
0P
#21085000
18
09
1<
0=
1P
b0111 T
b00000001 V
0W
#21090000
0$
0%
0'
b00000000000000000000011110101111 /
b101000 0
b0111 J
b00000000000000000000000000000001 K
0P
b0111 R
#21095000
b0000 E
1P
b00000000 V
1W
#21100000
1$
1%
b00000000000000000000011110110000 /
b101100 0
b00000000000000000000000000000010 K
0P
#21105000
17
08
1;
0<
1P
b0000 T
b00000001 V
0W
#21110000
0$
0%
0&
1'
b00000000000000000000011110110001 /
b110000 0
b0000 J
b00000000000000000000000000000001 K
0P
b0000 R
#21115000
b0101 E
b0011 G
b011 H
1I
1P
b00000000 V
1W
#21120000
1$
1%
b00000000000000000000011110110010 /
b110100 0
b00000000000000000000000000000010 K
0P
#21125000
07
1:
1P
b0101 T
b101 U
b00000011 V
0W
#21130000
0(
b00000000000000000000011110110011 /
b010100 0
b00000000000000000000000000111010 5
b0101 J
b00000000000000000000000000000001 K
b00000000000000000000000100001110 M
b0101 N
0P
b0101 R
#21135000
1P
b00000010 V
#21140000
1&
0'
1(
b00000000000000000000011110110100 /
b101100 0
b00000000000000000000000000000010 K
0P
#21145000
1P
b00000001 V
#21150000
1'
0(
b00000000000000000000011110110101 /
b011100 0
b00000000000000000000000000000011 K
0P
#21155000
b0111 E
1P
b00000000 V
1W
#21160000
1(
b00000000000000000000011110110110 /
b111100 0
b00000000000000000000000000000100 K
0P
#21165000
18
0:
1P
b0111 T
b00000001 V
0W
#21170000
0%
0&
b00000000000000000000011110110111 /
b110001 0
b0111 J
b00000000000000000000000000000001 K
0P
b0111 R
#21175000
b0000 E
1P
b00000000 V
1W
#21180000
1%
1&
0'
0(
b00000000000000000000011110111000 /
b001100 0
b00000000000000000000000000000010 K
0P
#21185000
17
08
1P
b0000 T
b00000001 V
0W
#21190000
0%
0&
1'
b00000000000000000000011110111001 /
b010001 0
b0000 J
b00000000000000000000000000000001 K
0P
b0000 R
#21195000
b0001 E
b0101 G
b101 H
1P
b00000000 V
1W
#21200000
0$
1%
1(
b00000000000000000000011110111010 /
b110010 0
b0110 E
b00000000000000000000000000000010 K
0P
#21205000
0;
1>
1B
1P
b0110 T
b110 U
b00000011 V
0W
#21210000
1&
b00000000000000000000011110111011 /
b111010 0
b00000000000000000000000000111001 6
b0110 J
b00000000000000000000000000000001 K
b00000000000000000000000100001111 M
b0110 N
0P
b0110 R
#21215000
1P
b00000010 V
#21220000
0&
0'
0(
b00000000000000000000011110111100 /
b000010 0
b00000000000000000000000000000010 K
0P
#21225000
1P
b00000001 V
#21230000
1$
0%
1&
1'
1(
b00000000000000000000011110111101 /
b111001 0
b00000000000000000000000000000011 K
0P
#21235000
b0111 E
1P
b00000000 V
1W
#21240000
b00000000000000000000011110111110 /
b00000000000000000000000000000100 K
0P
#21245000
1<
0>
0B
1P
b0111 T
b00000001 V
0W
#21250000
0$
b00000000000000000000011110111111 /
b111000 0
b0111 J
b00000000000000000000000000000001 K
0P
b0111 R
#21255000
b0000 E
1P
b00000000 V
1W
#21260000
1$
0&
0'
b00000000000000000000011111000000 /
b100001 0
b00000000000000000000000000000010 K
0P
#21265000
1;
0<
1P
b0000 T
b00000001 V
0W
#21270000
0$
1'
0(
b00000000000000000000011111000001 /
b010000 0
b0000 J
b00000000000000000000000000000001 K
0P
b0000 R
#21275000
b0101 E
b0110 G
b110 H
1P
b00000000 V
1W
#21280000
1(
b00000000000000000000011111000010 /
b110000 0
b00000000000000000000000000000010 K
0P
#21285000
07
1:
1P
b0101 T
b101 U
b00000011 V
0W
#21290000
1%
1&
0'
b00000000000000000000011111000011 /
b101010 0
b00000000000000000000000000111011 5
b0101 J
b00000000000000000000000000000001 K
b00000000000000000000000100010000 M
b0101 N
0P
b0101 R
#21295000
1P
b00000010 V
#21300000
0(
b00000000000000000000011111000100 /
b001010 0
b00000000000000000000000000000010 K
0P
#21305000
1P
b00000001 V
#21310000
1(
b00000000000000000000011111000101 /
b101010 0
b00000000000000000000000000000011 K
0P
#21315000
b0111 E
1P
b00000000 V
1W
#21320000
0&
1'
b00000000000000000000011111000110 /
b110010 0
b00000000000000000000000000000100 K
0P
#21325000
18
0:
1P
b0111 T
b00000001 V
0W
#21330000
0%
1&
0(
b00000000000000000000011111000111 /
b011000 0
b0111 J
b00000000000000000000000000000001 K
0P
b0111 R
#21335000
b0000 E
1P
b00000000 V
1W
#21340000
1%
0&
0'
1(
b00000000000000000000011111001000 /
b100010 0
b00000000000000000000000000000010 K
0P
#21345000
17
08
1P
b0000 T
b00000001 V
0W
#21350000
1$
0%
1'
0(
b00000000000000000000011111001001 /
b010001 0
b0000 J
b00000000000000000000000000000001 K
0P
b0000 R
#21355000
b0001 E
b0101 G
b101 H
1P
b00000000 V
1W
#21360000
1%
1(
b00000000000000000000011111001010 /
b110100 0
b0110 E
b00000000000000000000000000000010 K
0P
#21365000
0;
1>
1B
1P
b0110 T
b110 U
b00000011 V
0W
#21370000
0$
1&
0(
b00000000000000000000011111001011 /
b011010 0
b00000000000000000000000000111010 6
b0110 J
b00000000000000000000000000000001 K
b00000000000000000000000100010001 M
b0110 N
0P
b0110 R
#21375000
1P
b00000010 V
#21380000
1$
0%
0'
1(
b00000000000000000000011111001100 /
b101001 0
b00000000000000000000000000000010 K
0P
#21385000
1P
b00000001 V
#21390000
0$
1%
0&
1'
b00000000000000000000011111001101 /
b110010 0
b00000000000000000000000000000011 K
0P
#21395000
b0111 E
1P
b00000000 V
1W
#21400000
0%
0'
0(
b00000000000000000000011111001110 /
b000000 0
b00000000000000000000000000000100 K
0P
#21405000
1<
0>
0B
1P
b0111 T
b00000001 V
0W
#21410000
1%
1'
b00000000000000000000011111001111 /
b010010 0
b0111 J
b00000000000000000000000000000001 K
0P
b0111 R
#21415000
b0000 E
1P
b00000000 V
1W
#21420000
1$
0%
1&
1(
b00000000000000000000011111010000 /
b111001 0
b00000000000000000000000000000010 K
0P
#21425000
1;
0<
1P
b0000 T
b00000001 V
0W
#21430000
0$
1%
0&
0(
b00000000000000000000011111010001 /
b010010 0
b0000 J
b00000000000000000000000000000001 K
0P
b0000 R
#21435000
b0010 E
b0110 G
b110 H
1P
b00000000 V
1W
#21440000
1$
1&
1(
b00000000000000000000011111010010 /
b111100 0
b0011 E
b00000000000000000000000000000010 K
0P
#21445000
07
19
0;
1=
1P
b0011 T
b011 U
b00000010 V
0W
#21450000
0$
0&
b00000000000000000000011111010011 /
b110010 0
b00000000000000000000000000100101 3
b0011 J
b00000000000000000000000000000001 K
b00000000000000000000000100010010 M
b0011 N
0P
b0011 R
#21455000
1P
b00000001 V
#21460000
1&
b00000000000000000000011111010100 /
b111010 0
b00000000000000000000000000000010 K
0P
#21465000
b0111 E
1P
b00000000 V
1W
#21470000
1$
0%
0&
0'
b00000000000000000000011111010101 /
b100001 0
b00000000000000000000000000000011 K
0P
#21475000
18
09
1<
0=
1P
b0111 T
b00000001 V
0W
#21480000
1'
b00000000000000000000011111010110 /
b110001 0
b0111 J
b00000000000000000000000000000001 K
0P
b0111 R
#21485000
b0000 E
1P
b00000000 V
1W
#21490000
0$
1&
0'
b00000000000000000000011111010111 /
b101000 0
b00000000000000000000000000000010 K
0P
#21495000
17
08
1;
0<
1P
b0000 T
b00000001 V
0W
#21500000
0&
1'
0(
b00000000000000000000011111011000 /
b010000 0
b0000 J
b00000000000000000000000000000001 K
0P
b0000 R
#21505000
b0101 E
b0011 G
b011 H
1P
b00000000 V
1W
#21510000
1%
1&
0'
1(
b00000000000000000000011111011001 /
b101010 0
b0100 E
b00000000000000000000000000000010 K
0P
#21515000
0?
1A
1C
1P
b0100 T
b100 U
b00000100 V
0W
#21520000
1$
0&
1'
0(
b00000000000000000000011111011010 /
b010100 0
b00000000000000000000000000111000 4
b0100 J
b00000000000000000000000000000001 K
b00000000000000000000000100010011 M
b0100 N
0P
b0100 R
#21525000
1P
b00000011 V
#21530000
0%
1&
0'
b00000000000000000000011111011011 /
b001001 0
b00000000000000000000000000000010 K
0P
#21535000
1P
b00000010 V
#21540000
1%
0&
1'
b00000000000000000000011111011100 /
b010100 0
b00000000000000000000000000000011 K
0P
#21545000
1P
b00000001 V
#21550000
0$
0'
1(
b00000000000000000000011111011101 /
b100010 0
b00000000000000000000000000000100 K
0P
#21555000
b0111 E
1P
b00000000 V
1W
#21560000
1$
0%
1&
0(
b00000000000000000000011111011110 /
b001001 0
b00000000000000000000000000000101 K
0P
#21565000
1@
0A
0C
1P
b0111 T
b00000001 V
0W
#21570000
0&
1'
1(
b00000000000000000000011111011111 /
b110001 0
b0111 J
b00000000000000000000000000000001 K
0P
b0111 R
#21575000
b0000 E
1P
b00000000 V
1W
#21580000
1%
0(
b00000000000000000000011111100000 /
b010100 0
b00000000000000000000000000000010 K
0P
#21585000
1?
0@
1P
b0000 T
b00000001 V
0W
#21590000
0$
0%
0'
b00000000000000000000011111100001 /
b000000 0
b0000 J
b00000000000000000000000000000001 K
0P
b0000 R
#21595000
b0101 E
b0100 G
b100 H
0I
1P
b00000000 V
1W
#21600000
1(
b00000000000000000000011111100010 /
b100000 0
b0110 E
1I
b00000000000000000000000000000010 K
0P
#21605000
0;
1>
1B
1P
b0110 T
b110 U
b00000011 V
0W
#21610000
1&
b00000000000000000000011111100011 /
b101000 0
b00000000000000000000000000111011 6
b0110 J
b00000000000000000000000000000001 K
b00000000000000000000000100010100 M
b0110 N
0P
b0110 R
#21615000
1P
b00000010 V
#21620000
1$
1%
0&
b00000000000000000000011111100100 /
b100100 0
b00000000000000000000000000000010 K
0P
#21625000
1P
b00000001 V
#21630000
0%
1&
b00000000000000000000011111100101 /
b101001 0
b00000000000000000000000000000011 K
0P
#21635000
b0111 E
1P
b00000000 V
1W
#21640000
0$
1%
1'
b00000000000000000000011111100110 /
b111010 0
b00000000000000000000000000000100 K
0P
#21645000
1<
0>
0B
1P
b0111 T
b00000001 V
0W
#21650000
1$
0%
0&
b00000000000000000000011111100111 /
b110001 0
b0111 J
b00000000000000000000000000000001 K
0P
b0111 R
#21655000
b0000 E
1P
b00000000 V
1W
#21660000
0'
0(
b00000000000000000000011111101000 /
b000001 0
b00000000000000000000000000000010 K
0P
#21665000
1;
0<
1P
b0000 T
b00000001 V
0W
#21670000
1%
1'
b00000000000000000000011111101001 /
b010100 0
b0000 J
b00000000000000000000000000000001 K
0P
b0000 R
#21675000
b0011 E
b0110 G
b110 H
1P
b00000000 V
1W
#21680000
0$
0%
0'
b00000000000000000000011111101010 /
b000000 0
b0001 E
0I
b00000000000000000000000000000010 K
0P
#21685000
07
19
1P
b0001 T
b001 U
b00000010 V
0W
#21690000
1%
1&
b00000000000000000000011111101011 /
b001010 0
b00000000000000000000000000011111 1
b0001 J
b00000000000000000000000000000001 K
b00000000000000000000000100010101 M
b0001 N
0P
b0001 R
#21695000
1P
b00000001 V
#21700000
0%
0&
1'
1(
b00000000000000000000011111101100 /
b110000 0
b00000000000000000000000000000010 K
0P
#21705000
b0111 E
1P
b00000000 V
1W
#21710000
1$
1&
0(
b00000000000000000000011111101101 /
b011001 0
b00000000000000000000000000000011 K
0P
#21715000
18
09
1P
b0111 T
b00000001 V
0W
#21720000
0$
1(
b00000000000000000000011111101110 /
b111000 0
b0111 J
b00000000000000000000000000000001 K
0P
b0111 R
#21725000
b0000 E
1P
b00000000 V
1W
#21730000
1%
b00000000000000000000011111101111 /
b111010 0
b00000000000000000000000000000010 K
0P
#21735000
17
08
1P
b0000 T
b00000001 V
0W
#21740000
1$
0%
0'
0(
b00000000000000000000011111110000 /
b001001 0
b0000 J
b00000000000000000000000000000001 K
0P
b0000 R
#21745000
b0100 E
b0001 G
b001 H
1I
1P
b00000000 V
1W
#21750000
0&
1'
1(
b00000000000000000000011111110001 /
b110001 0
b0101 E
b00000000000000000000000000000010 K
0P
#21755000
07
1:
1P
b0101 T
b101 U
b00000011 V
0W
#21760000
0$
1%
1&
0'
0(
b00000000000000000000011111110010 /
b001010 0
b00000000000000000000000000111100 5
b0101 J
b00000000000000000000000000000001 K
b00000000000000000000000100010110 M
b0101 N
0P
b0101 R
#21765000
1P
b00000010 V
#21770000
0%
b00000000000000000000011111110011 /
b001000 0
b00000000000000000000000000000010 K
0P
#21775000
1P
b00000001 V
#21780000
1$
0&
1(
b00000000000000000000011111110100 /
b100001 0
b00000000000000000000000000000011 K
0P
#21785000
b0111 E
1P
b00000000 V
1W
#21790000
0$
b00000000000000000000011111110101 /
b100000 0
b00000000000000000000000000000100 K
0P
#21795000
18
0:
1P
b0111 T
b00000001 V
0W
#21800000
1&
1'
b00000000000000000000011111110110 /
b111000 0
b0111 J
b00000000000000000000000000000001 K
0P
b0111 R
#21805000
b0000 E
1P
b00000000 V
1W
#21810000
1$
0&
0(
b00000000000000000000011111110111 /
b010001 0
b00000000000000000000000000000010 K
0P
#21815000
17
08
1P
b0000 T
b00000001 V
0W
#21820000
0'
1(
b00000000000000000000011111111000 /
b100001 0
b0000 J
b00000000000000000000000000000001 K
0P
b0000 R
#21825000
b0110 E
b0101 G
b101 H
1P
b00000000 V
1W
#21830000
0$
1&
b00000000000000000000011111111001 /
b101000 0
b00000000000000000000000000000010 K
0P
#21835000
0;
1>
1B
1P
b0110 T
b110 U
b00000011 V
0W
#21840000
b00000000000000000000011111111010 /
b00000000000000000000000000111100 6
b0110 J
b00000000000000000000000000000001 K
b00000000000000000000000100010111 M
b0110 N
0P
b0110 R
#21845000
1P
b00000010 V
#21850000
1$
b00000000000000000000011111111011 /
b101001 0
b00000000000000000000000000000010 K
0P
#21855000
1P
b00000001 V
#21860000
1%
1'
b00000000000000000000011111111100 /
b111100 0
b00000000000000000000000000000011 K
0P
#21865000
b0111 E
1P
b00000000 V
1W
#21870000
0$
0%
0'
0(
b00000000000000000000011111111101 /
b001000 0
b00000000000000000000000000000100 K
0P
#21875000
1<
0>
0B
1P
b0111 T
b00000001 V
0W
#21880000
1$
1%
0&
1'
b00000000000000000000011111111110 /
b010100 0
b0111 J
b00000000000000000000000000000001 K
0P
b0111 R
#21885000
b0000 E
1P
b00000000 V
1W
#21890000
0%
1&
1(
b00000000000000000000011111111111 /
b111001 0
b00000000000000000000000000000010 K
0P
#21895000
1;
0<
1P
b0000 T
b00000001 V
0W
#21900000
0$
1%
0&
0'
b00000000000000000000100000000000 /
b100010 0
b0000 J
b00000000000000000000000000000001 K
0P
b0000 R
#21905000
b0010 E
b0110 G
b110 H
1P
b00000000 V
1W
#21910000
0%
b00000000000000000000100000000001 /
b100000 0
b0110 E
b00000000000000000000000000000010 K
0P
#21915000
0;
1>
1B
1P
b0110 T
b00000011 V
0W
#21920000
1'
b00000000000000000000100000000010 /
b110000 0
b00000000000000000000000000111101 6
b0110 J
b00000000000000000000000000000001 K
b00000000000000000000000100011000 M
0P
b0110 R
#21925000
1P
b00000010 V
#21930000
1$
0'
b00000000000000000000100000000011 /
b100001 0
b00000000000000000000000000000010 K
0P
#21935000
1P
b00000001 V
#21940000
1'
0(
b00000000000000000000100000000100 /
b010001 0
b00000000000000000000000000000011 K
0P
#21945000
b0111 E
1P
b00000000 V
1W
#21950000
1%
b00000000000000000000100000000101 /
b010100 0
b00000000000000000000000000000100 K
0P
#21955000
1<
0>
0B
1P
b0111 T
b00000001 V
0W
#21960000
0%
1&
0'
1(
b00000000000000000000100000000110 /
b101001 0
b0111 J
b00000000000000000000000000000001 K
0P
b0111 R
#21965000
b0000 E
1P
b00000000 V
1W
#21970000
0&
b00000000000000000000100000000111 /
b100001 0
b00000000000000000000000000000010 K
0P
#21975000
1;
0<
1P
b0000 T
b00000001 V
0W
#21980000
0$
1%
0(
b00000000000000000000100000001000 /
b000010 0
b0000 J
b00000000000000000000000000000001 K
0P
b0000 R
#21985000
b0010 E
1P
b00000000 V
1W
#21990000
1$
1&
b00000000000000000000100000001001 /
b001100 0
b0011 E
b00000000000000000000000000000010 K
0P
#21995000
07
19
0;
1=
1P
b0011 T
b011 U
b00000010 V
0W
#22000000
0%
1(
b00000000000000000000100000001010 /
b101001 0
b00000000000000000000000000100110 3
b0011 J
b00000000000000000000000000000001 K
b00000000000000000000000100011001 M
b0011 N
0P
b0011 R
#22005000
1P
b00000001 V
#22010000
0$
1'
0(
b00000000000000000000100000001011 /
b011000 0
b00000000000000000000000000000010 K
0P
#22015000
b0111 E
1P
b00000000 V
1W
#22020000
1$
1%
0&
b00000000000000000000100000001100 /
b010100 0
b00000000000000000000000000000011 K
0P
#22025000
18
09
1<
0=
1P
b0111 T
b00000001 V
0W
#22030000
0$
0%
1&
1(
b00000000000000000000100000001101 /
b111000 0
b0111 J
b00000000000000000000000000000001 K
0P
b0111 R
#22035000
b0000 E
1P
b00000000 V
1W
#22040000
1%
b00000000000000000000100000001110 /
b111010 0
b00000000000000000000000000000010 K
0P
#22045000
17
08
1;
0<
1P
b0000 T
b00000001 V
0W
#22050000
0%
0(
b00000000000000000000100000001111 /
b011000 0
b0000 J
b00000000000000000000000000000001 K
0P
b0000 R
#22055000
b0100 E
b0011 G
b011 H
1P
b00000000 V
1W
#22060000
1$
0'
b00000000000000000000100000010000 /
b001001 0
b00000000000000000000000000000010 K
0P
#22065000
0?
1A
1C
1P
b0100 T
b100 U
b00000100 V
0W
#22070000
0$
1%
b00000000000000000000100000010001 /
b001010 0
b00000000000000000000000000111001 4
b0100 J
b00000000000000000000000000000001 K
b00000000000000000000000100011010 M
b0100 N
0P
b0100 R
#22075000
1P
b00000011 V
#22080000
0&
1'
1(
b00000000000000000000100000010010 /
b110010 0
b00000000000000000000000000000010 K
0P
#22085000
1P
b00000010 V
#22090000
1$
1&
0(
b00000000000000000000100000010011 /
b011100 0
b00000000000000000000000000000011 K
0P
#22095000
1P
b00000001 V
#22100000
0$
0%
0&
0'
1(
b00000000000000000000100000010100 /
b100000 0
b00000000000000000000000000000100 K
0P
#22105000
b0111 E
1P
b00000000 V
1W
#22110000
1$
1%
b00000000000000000000100000010101 /
b100100 0
b00000000000000000000000000000101 K
0P
#22115000
1@
0A
0C
1P
b0111 T
b00000001 V
0W
#22120000
1&
1'
b00000000000000000000100000010110 /
b111100 0
b0111 J
b00000000000000000000000000000001 K
0P
b0111 R
#22125000
b0000 E
1P
b00000000 V
1W
#22130000
0%
0&
0'
b00000000000000000000100000010111 /
b100001 0
b00000000000000000000000000000010 K
0P
#22135000
1?
0@
1P
b0000 T
b00000001 V
0W
#22140000
1&
b00000000000000000000100000011000 /
b101001 0
b0000 J
b00000000000000000000000000000001 K
0P
b0000 R
#22145000
b0110 E
b0100 G
b100 H
1P
b00000000 V
1W
#22150000
b00000000000000000000100000011001 /
b00000000000000000000000000000010 K
0P
#22155000
0;
1>
1B
1P
b0110 T
b110 U
b00000011 V
0W
#22160000
1'
b00000000000000000000100000011010 /
b111001 0
b00000000000000000000000000111110 6
b0110 J
b00000000000000000000000000000001 K
b00000000000000000000000100011011 M
b0110 N
0P
b0110 R
#22165000
1P
b00000010 V
#22170000
0$
0&
0(
b00000000000000000000100000011011 /
b010000 0
b00000000000000000000000000000010 K
0P
#22175000
1P
b00000001 V
#22180000
0'
1(
b00000000000000000000100000011100 /
b100000 0
b00000000000000000000000000000011 K
0P
#22185000
b0111 E
1P
b00000000 V
1W
#22190000
1&
b00000000000000000000100000011101 /
b101000 0
b00000000000000000000000000000100 K
0P
#22195000
1<
0>
0B
1P
b0111 T
b00000001 V
0W
#22200000
1$
0(
b00000000000000000000100000011110 /
b001001 0
b0111 J
b00000000000000000000000000000001 K
0P
b0111 R
#22205000
b0000 E
1P
b00000000 V
1W
#22210000
0$
b00000000000000000000100000011111 /
b001000 0
b00000000000000000000000000000010 K
0P
#22215000
1;
0<
1P
b0000 T
b00000001 V
0W
#22220000
1$
1%
0&
1'
b00000000000000000000100000100000 /
b010100 0
b0000 J
b00000000000000000000000000000001 K
0P
b0000 R
#22225000
b0011 E
b0110 G
b110 H
1P
b00000000 V
1W
#22230000
0$
1&
1(
b00000000000000000000100000100001 /
b111010 0
b0010 E
b00000000000000000000000000000010 K
0P
#22235000
0;
1=
1P
b0010 T
b010 U
b00000010 V
0W
#22240000
1$
0&
0'
b00000000000000000000100000100010 /
b100100 0
b00000000000000000000000000100100 2
b0010 J
b00000000000000000000000000000001 K
b00000000000000000000000100011100 M
b0010 N
0P
b0010 R
#22245000
1P
b00000001 V
#22250000
0$
1&
1'
b00000000000000000000100000100011 /
b111010 0
b00000000000000000000000000000010 K
0P
#22255000
b0111 E
1P
b00000000 V
1W
#22260000
0%
0&
b00000000000000000000100000100100 /
b110000 0
b00000000000000000000000000000011 K
0P
#22265000
1<
0=
1P
b0111 T
b00000001 V
0W
#22270000
1&
0'
0(
b00000000000000000000100000100101 /
b001000 0
b0111 J
b00000000000000000000000000000001 K
0P
b0111 R
#22275000
b0000 E
1P
b00000000 V
1W
#22280000
1%
1'
b00000000000000000000100000100110 /
b011010 0
b00000000000000000000000000000010 K
0P
#22285000
1;
0<
1P
b0000 T
b00000001 V
0W
#22290000
0%
1(
b00000000000000000000100000100111 /
b111000 0
b0000 J
b00000000000000000000000000000001 K
0P
b0000 R
#22295000
b0100 E
b0010 G
b010 H
1P
b00000000 V
1W
#22300000
1$
0&
b00000000000000000000100000101000 /
b110001 0
b0101 E
b00000000000000000000000000000010 K
0P
#22305000
07
1:
1P
b0101 T
b101 U
b00000011 V
0W
#22310000
0$
1%
0(
b00000000000000000000100000101001 /
b010010 0
b00000000000000000000000000111101 5
b0101 J
b00000000000000000000000000000001 K
b00000000000000000000000100011101 M
b0101 N
0P
b0101 R
#22315000
1P
b00000010 V
#22320000
0%
0'
1(
b00000000000000000000100000101010 /
b100000 0
b00000000000000000000000000000010 K
0P
#22325000
1P
b00000001 V
#22330000
1$
1%
1&
1'
0(
b00000000000000000000100000101011 /
b011100 0
b00000000000000000000000000000011 K
0P
#22335000
b0111 E
1P
b00000000 V
1W
#22340000
0%
1(
b00000000000000000000100000101100 /
b111001 0
b00000000000000000000000000000100 K
0P
#22345000
18
0:
1P
b0111 T
b00000001 V
0W
#22350000
0$
0&
0'
0(
b00000000000000000000100000101101 /
b000000 0
b0111 J
b00000000000000000000000000000001 K
0P
b0111 R
#22355000
b0000 E
1P
b00000000 V
1W
#22360000
1%
1&
1(
b00000000000000000000100000101110 /
b101010 0
b00000000000000000000000000000010 K
0P
#22365000
17
08
1P
b0000 T
b00000001 V
0W
#22370000
1$
0%
0&
0(
b00000000000000000000100000101111 /
b000001 0
b0000 J
b00000000000000000000000000000001 K
0P
b0000 R
#22375000
b0001 E
b0101 G
b101 H
1P
b00000000 V
1W
#22380000
1%
1&
b00000000000000000000100000110000 /
b001100 0
b0011 E
b00000000000000000000000000000010 K
0P
#22385000
07
19
0;
1=
1P
b0011 T
b011 U
b00000010 V
0W
#22390000
0%
0&
b00000000000000000000100000110001 /
b000001 0
b00000000000000000000000000100111 3
b0011 J
b00000000000000000000000000000001 K
b00000000000000000000000100011110 M
b0011 N
0P
b0011 R
#22395000
1P
b00000001 V
#22400000
0$
1%
1'
b00000000000000000000100000110010 /
b010010 0
b00000000000000000000000000000010 K
0P
#22405000
b0111 E
1P
b00000000 V
1W
#22410000
1$
b00000000000000000000100000110011 /
b010100 0
b00000000000000000000000000000011 K
0P
#22415000
18
09
1<
0=
1P
b0111 T
b00000001 V
0W
#22420000
0%
1&
1(
b00000000000000000000100000110100 /
b111001 0
b0111 J
b00000000000000000000000000000001 K
0P
b0111 R
#22425000
b0000 E
1P
b00000000 V
1W
#22430000
1%
0&
b00000000000000000000100000110101 /
b110100 0
b00000000000000000000000000000010 K
0P
#22435000
17
08
1;
0<
1P
b0000 T
b00000001 V
0W
#22440000
0%
0'
0(
b00000000000000000000100000110110 /
b000001 0
b0000 J
b00000000000000000000000000000001 K
0P
b0000 R
#22445000
b0001 E
b0011 G
b011 H
1P
b00000000 V
1W
#22450000
1&
1'
1(
b00000000000000000000100000110111 /
b111001 0
b0100 E
b00000000000000000000000000000010 K
0P
#22455000
0?
1A
1C
1P
b0100 T
b100 U
b00000100 V
0W
#22460000
0$
1%
0'
b00000000000000000000100000111000 /
b101010 0
b00000000000000000000000000111010 4
b0100 J
b00000000000000000000000000000001 K
b00000000000000000000000100011111 M
b0100 N
0P
b0100 R
#22465000
1P
b00000011 V
#22470000
0%
b00000000000000000000100000111001 /
b101000 0
b00000000000000000000000000000010 K
0P
#22475000
1P
b00000010 V
#22480000
1$
1%
1'
0(
b00000000000000000000100000111010 /
b011100 0
b00000000000000000000000000000011 K
0P
#22485000
1P
b00000001 V
#22490000
0$
1(
b00000000000000000000100000111011 /
b111010 0
b00000000000000000000000000000100 K
0P
#22495000
b0111 E
1P
b00000000 V
1W
#22500000
1$
0%
0&
0'
0(
b00000000000000000000100000111100 /
b000001 0
b00000000000000000000000000000101 K
0P
#22505000
1@
0A
0C
1P
b0111 T
b00000001 V
0W
#22510000
0$
1%
1'
1(
b00000000000000000000100000111101 /
b110010 0
b0111 J
b00000000000000000000000000000001 K
0P
b0111 R
#22515000
b0000 E
1P
b00000000 V
1W
#22520000
1$
b00000000000000000000100000111110 /
b110100 0
b00000000000000000000000000000010 K
0P
#22525000
1?
0@
1P
b0000 T
b00000001 V
0W
#22530000
0$
0%
0'
b00000000000000000000100000111111 /
b100000 0
b0000 J
b00000000000000000000000000000001 K
0P
b0000 R
#22535000
b0110 E
b0100 G
b100 H
1P
b00000000 V
1W
#22540000
1$
1%
1'
0(
b00000000000000000000100001000000 /
b010100 0
b0101 E
b00000000000000000000000000000010 K
0P
#22545000
07
1:
1P
b0101 T
b101 U
b00000011 V
0W
#22550000
b00000000000000000000100001000001 /
b00000000000000000000000000111110 5
b0101 J
b00000000000000000000000000000001 K
b00000000000000000000000100100000 M
b0101 N
0P
b0101 R
#22555000
1P
b00000010 V
#22560000
1(
b00000000000000000000100001000010 /
b110100 0
b00000000000000000000000000000010 K
0P
#22565000
1P
b00000001 V
#22570000
0%
1&
b00000000000000000000100001000011 /
b111001 0
b00000000000000000000000000000011 K
0P
#22575000
b0111 E
1P
b00000000 V
1W
#22580000
0$
b00000000000000000000100001000100 /
b111000 0
b00000000000000000000000000000100 K
0P
#22585000
18
0:
1P
b0111 T
b00000001 V
0W
#22590000
1$
1%
0'
0(
b00000000000000000000100001000101 /
b001100 0
b0111 J
b00000000000000000000000000000001 K
0P
b0111 R
#22595000
b0000 E
1P
b00000000 V
1W
#22600000
0$
0%
0&
1(
b00000000000000000000100001000110 /
b100000 0
b00000000000000000000000000000010 K
0P
#22605000
17
08
1P
b0000 T
b00000001 V
0W
#22610000
1$
1%
0(
b00000000000000000000100001000111 /
b000100 0
b0000 J
b00000000000000000000000000000001 K
0P
b0000 R
#22615000
b0011 E
b0101 G
b101 H
1P
b00000000 V
1W
#22620000
0$
1(
b00000000000000000000100001001000 /
b100010 0
b0110 E
b00000000000000000000000000000010 K
0P
#22625000
0;
1>
1B
1P
b0110 T
b110 U
b00000011 V
0W
#22630000
1'
b00000000000000000000100001001001 /
b110010 0
b00000000000000000000000000111111 6
b0110 J
b00000000000000000000000000000001 K
b00000000000000000000000100100001 M
b0110 N
0P
b0110 R
#22635000
1P
b00000010 V
#22640000
0%
1&
b00000000000000000000100001001010 /
b111000 0
b00000000000000000000000000000010 K
0P
#22645000
1P
b00000001 V
#22650000
1$
1%
0(
b00000000000000000000100001001011 /
b011100 0
b00000000000000000000000000000011 K
0P
#22655000
b0111 E
1P
b00000000 V
1W
#22660000
0'
1(
b00000000000000000000100001001100 /
b101100 0
b00000000000000000000000000000100 K
0P
#22665000
1<
0>
0B
1P
b0111 T
b00000001 V
0W
#22670000
1'
b00000000000000000000100001001101 /
b111100 0
b0111 J
b00000000000000000000000000000001 K
0P
b0111 R
#22675000
b0000 E
1P
b00000000 V
1W
#22680000
0%
0&
0(
b00000000000000000000100001001110 /
b010001 0
b00000000000000000000000000000010 K
0P
#22685000
1;
0<
1P
b0000 T
b00000001 V
0W
#22690000
1%
1&
b00000000000000000000100001001111 /
b011100 0
b0000 J
b00000000000000000000000000000001 K
0P
b0000 R
#22695000
b0011 E
b0110 G
b110 H
1P
b00000000 V
1W
#22700000
0$
0'
1(
b00000000000000000000100001010000 /
b101010 0
b0010 E
b00000000000000000000000000000010 K
0P
#22705000
0;
1=
1P
b0010 T
b010 U
b00000010 V
0W
#22710000
0(
b00000000000000000000100001010001 /
b001010 0
b00000000000000000000000000100101 2
b0010 J
b00000000000000000000000000000001 K
b00000000000000000000000100100010 M
b0010 N
0P
b0010 R
#22715000
1P
b00000001 V
#22720000
0%
b00000000000000000000100001010010 /
b001000 0
b00000000000000000000000000000010 K
0P
#22725000
b0111 E
1P
b00000000 V
1W
#22730000
b00000000000000000000100001010011 /
b00000000000000000000000000000011 K
0P
#22735000
1<
0=
1P
b0111 T
b00000001 V
0W
#22740000
1'
1(
b00000000000000000000100001010100 /
b111000 0
b0111 J
b00000000000000000000000000000001 K
0P
b0111 R
#22745000
b0000 E
1P
b00000000 V
1W
#22750000
1$
0'
b00000000000000000000100001010101 /
b101001 0
b00000000000000000000000000000010 K
0P
#22755000
1;
0<
1P
b0000 T
b00000001 V
0W
#22760000
1%
0(
b00000000000000000000100001010110 /
b001100 0
b0000 J
b00000000000000000000000000000001 K
0P
b0000 R
#22765000
b0011 E
b0010 G
b010 H
1P
b00000000 V
1W
#22770000
0$
0%
0&
1'
0)
b00000000000000000000100001010111 /
b010000 0
b0101 E
b00000000000000000000000000000010 K
0P
#22775000
07
1:
1P
b0101 T
b101 U
b00000011 V
0W
#22780000
1$
1%
1&
0'
b00000000000000000000100001011000 /
b001100 0
b00000000000000000000000000111111 5
b0101 J
b00000000000000000000000000000001 K
b00000000000000000000000100100011 M
b0101 N
0P
b0101 R
#22785000
1P
b00000010 V
#22790000
0$
0%
1'
b00000000000000000000100001011001 /
b011000 0
b00000000000000000000000000000010 K
0P
#22795000
1P
b00000001 V
#22800000
0&
b00000000000000000000100001011010 /
b010000 0
b00000000000000000000000000000011 K
0P
#22805000
b0111 E
1P
b00000000 V
1W
#22810000
1%
b00000000000000000000100001011011 /
b010010 0
b00000000000000000000000000000100 K
0P
#22815000
18
0:
1P
b0111 T
b00000001 V
0W
#22820000
1$
0%
0'
1(
b00000000000000000000100001011100 /
b100001 0
b0111 J
b00000000000000000000000000000001 K
0P
b0111 R
#22825000
b0000 E
1P
b00000000 V
1W
#22830000
1&
1'
0(
b00000000000000000000100001011101 /
b011001 0
b00000000000000000000000000000010 K
0P
#22835000
17
08
1P
b0000 T
b00000001 V
0W
#22840000
0$
1%
1(
b00000000000000000000100001011110 /
b111010 0
b0000 J
b00000000000000000000000000000001 K
0P
b0000 R
#22845000
b0110 E
b0101 G
b101 H
1P
b00000000 V
1W
#22850000
1$
0(
b00000000000000000000100001011111 /
b011100 0
b0011 E
b00000000000000000000000000000010 K
0P
#22855000
07
19
0;
1=
1P
b0011 T
b011 U
b00000010 V
0W
#22860000
0$
0%
0&
1(
b00000000000000000000100001100000 /
b110000 0
b00000000000000000000000000101000 3
b0011 J
b00000000000000000000000000000001 K
b00000000000000000000000100100100 M
b0011 N
0P
b0011 R
#22865000
1P
b00000001 V
#22870000
1$
1%
0'
0(
b00000000000000000000100001100001 /
b000100 0
b00000000000000000000000000000010 K
0P
#22875000
b0111 E
1P
b00000000 V
1W
#22880000
0$
0%
1&
1'
1(
b00000000000000000000100001100010 /
b111000 0
b00000000000000000000000000000011 K
0P
#22885000
18
09
1<
0=
1P
b0111 T
b00000001 V
0W
#22890000
0(
b00000000000000000000100001100011 /
b011000 0
b0111 J
b00000000000000000000000000000001 K
0P
b0111 R
#22895000
b0000 E
1P
b00000000 V
1W
#22900000
1%
b00000000000000000000100001100100 /
b011010 0
b00000000000000000000000000000010 K
0P
#22905000
17
08
1;
0<
1P
b0000 T
b00000001 V
0W
#22910000
1$
0&
b00000000000000000000100001100101 /
b010100 0
b0000 J
b00000000000000000000000000000001 K
0P
b0000 R
#22915000
b0101 E
b0011 G
b011 H
1P
b00000000 V
1W
#22920000
0%
1&
1(
b00000000000000000000100001100110 /
b111001 0
b0100 E
b00000000000000000000000000000010 K
0P
#22925000
0?
1A
1P
b0100 T
b100 U
b00000100 V
0W
#22930000
1%
0&
0(
b00000000000000000000100001100111 /
b010100 0
b00000000000000000000000000111011 4
b0100 J
b00000000000000000000000000000001 K
b00000000000000000000000100100101 M
b0100 N
0P
b0100 R
#22935000
1P
b00000011 V
#22940000
0$
1&
0'
1(
b00000000000000000000100001101000 /
b101010 0
b00000000000000000000000000000010 K
0P
#22945000
1P
b00000010 V
#22950000
1$
0&
1'
b00000000000000000000100001101001 /
b110100 0
b00000000000000000000000000000011 K
0P
#22955000
1P
b00000001 V
#22960000
0%
1&
b00000000000000000000100001101010 /
b111001 0
b00000000000000000000000000000100 K
0P
#22965000
b0111 E
1P
b00000000 V
1W
#22970000
0$
1%
0'
0(
b00000000000000000000100001101011 /
b001010 0
b00000000000000000000000000000101 K
0P
#22975000
1@
0A
1P
b0111 T
b00000001 V
0W
#22980000
1$
1(
b00000000000000000000100001101100 /
b101100 0
b0111 J
b00000000000000000000000000000001 K
0P
b0111 R
#22985000
b0000 E
1P
b00000000 V
1W
#22990000
0$
0%
1'
b00000000000000000000100001101101 /
b111000 0
b00000000000000000000000000000010 K
0P
#22995000
1?
0@
1P
b0000 T
b00000001 V
0W
#23000000
0(
b00000000000000000000100001101110 /
b011000 0
b0000 J
b00000000000000000000000000000001 K
0P
b0000 R
#23005000
b0101 E
b0100 G
b100 H
1P
b00000000 V
1W
#23010000
1$
1%
1(
b00000000000000000000100001101111 /
b111100 0
b00000000000000000000000000000010 K
0P
#23015000
07
1:
1P
b0101 T
b101 U
b00000011 V
0W
#23020000
0'
0(
b00000000000000000000100001110000 /
b001100 0
b00000000000000000000000001000000 5
b0101 J
b00000000000000000000000000000001 K
b00000000000000000000000100100110 M
b0101 N
0P
b0101 R
#23025000
1P
b00000010 V
#23030000
0$
0%
0&
b00000000000000000000100001110001 /
b000000 0
b00000000000000000000000000000010 K
0P
#23035000
1P
b00000001 V
#23040000
1$
1%
1'
1(
b00000000000000000000100001110010 /
b110100 0
b00000000000000000000000000000011 K
0P
#23045000
b0111 E
1P
b00000000 V
1W
#23050000
0$
0%
1&
b00000000000000000000100001110011 /
b111000 0
b00000000000000000000000000000100 K
0P
#23055000
18
0:
1P
b0111 T
b00000001 V
0W
#23060000
0&
0'
b00000000000000000000100001110100 /
b100000 0
b0111 J
b00000000000000000000000000000001 K
0P
b0111 R
#23065000
b0000 E
1P
b00000000 V
1W
#23070000
1'
0(
b00000000000000000000100001110101 /
b010000 0
b00000000000000000000000000000010 K
0P
#23075000
17
08
1P
b0000 T
b00000001 V
0W
#23080000
1%
0'
b00000000000000000000100001110110 /
b000010 0
b0000 J
b00000000000000000000000000000001 K
0P
b0000 R
#23085000
b0010 E
b0101 G
b101 H
1P
b00000000 V
1W
#23090000
1$
b00000000000000000000100001110111 /
b000100 0
b0011 E
b00000000000000000000000000000010 K
0P
#23095000
07
19
0;
1=
1P
b0011 T
b011 U
b00000010 V
0W
#23100000
0%
1'
1(
b00000000000000000000100001111000 /
b110001 0
b00000000000000000000000000101001 3
b0011 J
b00000000000000000000000000000001 K
b00000000000000000000000100100111 M
b0011 N
0P
b0011 R
#23105000
1P
b00000001 V
#23110000
1&
0'
b00000000000000000000100001111001 /
b101001 0
b00000000000000000000000000000010 K
0P
#23115000
b0111 E
1P
b00000000 V
1W
#23120000
0$
1%
0&
1'
0(
b00000000000000000000100001111010 /
b010010 0
b00000000000000000000000000000011 K
0P
#23125000
18
09
1<
0=
1P
b0111 T
b00000001 V
0W
#23130000
1$
1&
0'
b00000000000000000000100001111011 /
b001100 0
b0111 J
b00000000000000000000000000000001 K
0P
b0111 R
#23135000
b0000 E
1P
b00000000 V
1W
#23140000
0$
1(
b00000000000000000000100001111100 /
b101010 0
b00000000000000000000000000000010 K
0P
#23145000
17
08
1;
0<
1P
b0000 T
b00000001 V
0W
#23150000
1'
b00000000000000000000100001111101 /
b111010 0
b0000 J
b00000000000000000000000000000001 K
0P
b0000 R
#23155000
b0100 E
b0011 G
b011 H
1P
b00000000 V
1W
#23160000
1$
0%
0&
b00000000000000000000100001111110 /
b110001 0
b0101 E
b00000000000000000000000000000010 K
0P
#23165000
07
1:
1P
b0101 T
b101 U
b00000011 V
0W
#23170000
0'
0(
b00000000000000000000100001111111 /
b000001 0
b00000000000000000000000001000001 5
b0101 J
b00000000000000000000000000000001 K
b00000000000000000000000100101000 M
b0101 N
0P
b0101 R
#23175000
1P
b00000010 V
#23180000
1%
1'
1(
b00000000000000000000100010000000 /
b110100 0
b00000000000000000000000000000010 K
0P
#23185000
1P
b00000001 V
#23190000
0$
0'
0(
b00000000000000000000100010000001 /
b000010 0
b00000000000000000000000000000011 K
0P
#23195000
b0111 E
1P
b00000000 V
1W
#23200000
0%
1'
1(
b00000000000000000000100010000010 /
b110000 0
b00000000000000000000000000000100 K
0P
#23205000
18
0:
1P
b0111 T
b00000001 V
0W
#23210000
b00000000000000000000100010000011 /
b0111 J
b00000000000000000000000000000001 K
0P
b0111 R
#23215000
b0000 E
1P
b00000000 V
1W
#23220000
1$
1%
1&
0'
0(
b00000000000000000000100010000100 /
b001100 0
b00000000000000000000000000000010 K
0P
#23225000
17
08
1P
b0000 T
b00000001 V
0W
#23230000
0$
1'
1(
b00000000000000000000100010000101 /
b111010 0
b0000 J
b00000000000000000000000000000001 K
0P
b0000 R
#23235000
b0110 E
b0101 G
b101 H
1P
b00000000 V
1W
#23240000
0%
0&
0'
b00000000000000000000100010000110 /
b100000 0
b00000000000000000000000000000010 K
0P
#23245000
0;
1>
1P
b0110 T
b110 U
b00000011 V
0W
#23250000
b00000000000000000000100010000111 /
b00000000000000000000000001000000 6
b0110 J
b00000000000000000000000000000001 K
b00000000000000000000000100101001 M
b0110 N
0P
b0110 R
#23255000
1P
b00000010 V
#23260000
1%
1&
1'
b00000000000000000000100010001000 /
b111010 0
b00000000000000000000000000000010 K
0P
#23265000
1P
b00000001 V
#23270000
0'
b00000000000000000000100010001001 /
b101010 0
b00000000000000000000000000000011 K
0P
#23275000
b0111 E
1P
b00000000 V
1W
#23280000
1'
0(
b00000000000000000000100010001010 /
b011010 0
b00000000000000000000000000000100 K
0P
#23285000
1<
0>
1P
b0111 T
b00000001 V
0W
#23290000
0%
0'
1(
b00000000000000000000100010001011 /
b101000 0
b0111 J
b00000000000000000000000000000001 K
0P
b0111 R
#23295000
b0000 E
1P
b00000000 V
1W
#23300000
1$
1%
0&
0(
b00000000000000000000100010001100 /
b000100 0
b00000000000000000000000000000010 K
0P
#23305000
1;
0<
1P
b0000 T
b00000001 V
0W
#23310000
1&
b00000000000000000000100010001101 /
b001100 0
b0000 J
b00000000000000000000000000000001 K
0P
b0000 R
#23315000
b0011 E
b0110 G
b110 H
1P
b00000000 V
1W
#23320000
0$
0%
1'
b00000000000000000000100010001110 /
b011000 0
b0100 E
b00000000000000000000000000000010 K
0P
#23325000
0?
1A
1P
b0100 T
b100 U
b00000100 V
0W
#23330000
1%
0&
0'
1(
b00000000000000000000100010001111 /
b100010 0
b00000000000000000000000000111100 4
b0100 J
b00000000000000000000000000000001 K
b00000000000000000000000100101010 M
b0100 N
0P
b0100 R
#23335000
1P
b00000011 V
#23340000
0%
1'
0(
b00000000000000000000100010010000 /
b010000 0
b00000000000000000000000000000010 K
0P
#23345000
1P
b00000010 V
#23350000
b00000000000000000000100010010001 /
b00000000000000000000000000000011 K
0P
#23355000
1P
b00000001 V
#23360000
1$
1&
0'
1(
b00000000000000000000100010010010 /
b101001 0
b00000000000000000000000000000100 K
0P
#23365000
b0111 E
1P
b00000000 V
1W
#23370000
0$
0&
1'
0(
b00000000000000000000100010010011 /
b010000 0
b00000000000000000000000000000101 K
0P
#23375000
1@
0A
1P
b0111 T
b00000001 V
0W
#23380000
1$
1%
1(
b00000000000000000000100010010100 /
b110100 0
b0111 J
b00000000000000000000000000000001 K
0P
b0111 R
#23385000
b0000 E
1P
b00000000 V
1W
#23390000
1&
0(
b00000000000000000000100010010101 /
b011100 0
b00000000000000000000000000000010 K
0P
#23395000
1?
0@
1P
b0000 T
b00000001 V
0W
#23400000
0%
0&
0'
b00000000000000000000100010010110 /
b000001 0
b0000 J
b00000000000000000000000000000001 K
0P
b0000 R
#23405000
b0001 E
b0100 G
b100 H
1P
b00000000 V
1W
#23410000
0$
1'
1(
b00000000000000000000100010010111 /
b110000 0
b0101 E
b00000000000000000000000000000010 K
0P
#23415000
07
1:
1P
b0101 T
b101 U
b00000011 V
0W
#23420000
1&
0'
0(
b00000000000000000000100010011000 /
b001000 0
b00000000000000000000000001000010 5
b0101 J
b00000000000000000000000000000001 K
b00000000000000000000000100101011 M
b0101 N
0P
b0101 R
#23425000
1P
b00000010 V
#23430000
0&
1(
b00000000000000000000100010011001 /
b100000 0
b00000000000000000000000000000010 K
0P
#23435000
1P
b00000001 V
#23440000
1$
1'
b00000000000000000000100010011010 /
b110001 0
b00000000000000000000000000000011 K
0P
#23445000
b0111 E
1P
b00000000 V
1W
#23450000
0$
0(
b00000000000000000000100010011011 /
b010000 0
b00000000000000000000000000000100 K
0P
#23455000
18
0:
1P
b0111 T
b00000001 V
0W
#23460000
1&
0'
1(
b00000000000000000000100010011100 /
b101000 0
b0111 J
b00000000000000000000000000000001 K
0P
b0111 R
#23465000
b0000 E
1P
b00000000 V
1W
#23470000
1%
b00000000000000000000100010011101 /
b101010 0
b00000000000000000000000000000010 K
0P
#23475000
17
08
1P
b0000 T
b00000001 V
0W
#23480000
0%
0&
0(
b00000000000000000000100010011110 /
b000000 0
b0000 J
b00000000000000000000000000000001 K
0P
b0000 R
#23485000
b0110 E
b0101 G
b101 H
0I
1P
b00000000 V
1W
#23490000
1%
1&
b00000000000000000000100010011111 /
b001010 0
b0010 E
1I
b00000000000000000000000000000010 K
0P
#23495000
0;
1=
1P
b0010 T
b010 U
b00000010 V
0W
#23500000
0&
1'
b00000000000000000000100010100000 /
b010010 0
b00000000000000000000000000100110 2
b0010 J
b00000000000000000000000000000001 K
b00000000000000000000000100101100 M
b0010 N
0P
b0010 R
#23505000
1P
b00000001 V
#23510000
0%
1&
b00000000000000000000100010100001 /
b011000 0
b00000000000000000000000000000010 K
0P
#23515000
b0111 E
1P
b00000000 V
1W
#23520000
1$
1%
b00000000000000000000100010100010 /
b011100 0
b00000000000000000000000000000011 K
0P
#23525000
1<
0=
1P
b0111 T
b00000001 V
0W
#23530000
0%
0&
0'
1(
b00000000000000000000100010100011 /
b100001 0
b0111 J
b00000000000000000000000000000001 K
0P
b0111 R
#23535000
b0000 E
1P
b00000000 V
1W
#23540000
1%
b00000000000000000000100010100100 /
b100100 0
b00000000000000000000000000000010 K
0P
#23545000
1;
0<
1P
b0000 T
b00000001 V
0W
#23550000
0%
1&
0(
b00000000000000000000100010100101 /
b001001 0
b0000 J
b00000000000000000000000000000001 K
0P
b0000 R
#23555000
b0100 E
b0010 G
b010 H
1P
b00000000 V
1W
#23560000
1'
b00000000000000000000100010100110 /
b011001 0
b00000000000000000000000000000010 K
0P
#23565000
0?
1A
1P
b0100 T
b100 U
b00000100 V
0W
#23570000
0'
b00000000000000000000100010100111 /
b001001 0
b00000000000000000000000000111101 4
b0100 J
b00000000000000000000000000000001 K
b00000000000000000000000100101101 M
b0100 N
0P
b0100 R
#23575000
1P
b00000011 V
#23580000
0$
1'
1(
b00000000000000000000100010101000 /
b111000 0
b00000000000000000000000000000010 K
0P
#23585000
1P
b00000010 V
#23590000
1$
0'
b00000000000000000000100010101001 /
b101001 0
b00000000000000000000000000000011 K
0P
#23595000
1P
b00000001 V
#23600000
0$
0&
0(
b00000000000000000000100010101010 /
b000000 0
b00000000000000000000000000000100 K
0P
#23605000
b0111 E
1P
b00000000 V
1W
#23610000
1'
b00000000000000000000100010101011 /
b010000 0
b00000000000000000000000000000101 K
0P
#23615000
1@
0A
1P
b0111 T
b00000001 V
0W
#23620000
1&
b00000000000000000000100010101100 /
b011000 0
b0111 J
b00000000000000000000000000000001 K
0P
b0111 R
#23625000
b0000 E
1P
b00000000 V
1W
#23630000
1$
1%
b00000000000000000000100010101101 /
b011100 0
b00000000000000000000000000000010 K
0P
#23635000
1?
0@
1P
b0000 T
b00000001 V
0W
#23640000
0$
1(
b00000000000000000000100010101110 /
b111010 0
b0000 J
b00000000000000000000000000000001 K
0P
b0000 R
#23645000
b0101 E
b0100 G
b100 H
1P
b00000000 V
1W
#23650000
1$
0'
0(
b00000000000000000000100010101111 /
b001100 0
b0011 E
b00000000000000000000000000000010 K
0P
#23655000
07
19
0;
1=
1P
b0011 T
b011 U
b00000010 V
0W
#23660000
0%
0&
1(
b00000000000000000000100010110000 /
b100001 0
b00000000000000000000000000101010 3
b0011 J
b00000000000000000000000000000001 K
b00000000000000000000000100101110 M
b0011 N
0P
b0011 R
#23665000
1P
b00000001 V
#23670000
0$
1&
b00000000000000000000100010110001 /
b101000 0
b00000000000000000000000000000010 K
0P
#23675000
b0111 E
1P
b00000000 V
1W
#23680000
1%
b00000000000000000000100010110010 /
b101010 0
b00000000000000000000000000000011 K
0P
#23685000
18
09
1<
0=
1P
b0111 T
b00000001 V
0W
#23690000
1$
0%
0&
1'
0(
b00000000000000000000100010110011 /
b010001 0
b0111 J
b00000000000000000000000000000001 K
0P
b0111 R
#23695000
b0000 E
1P
b00000000 V
1W
#23700000
0$
1%
1&
0'
1(
b00000000000000000000100010110100 /
b101010 0
b00000000000000000000000000000010 K
0P
#23705000
17
08
1;
0<
1P
b0000 T
b00000001 V
0W
#23710000
1$
0&
1'
0(
b00000000000000000000100010110101 /
b010100 0
b0000 J
b00000000000000000000000000000001 K
0P
b0000 R
#23715000
b0101 E
b0011 G
b011 H
1P
b00000000 V
1W
#23720000
0$
0'
b00000000000000000000100010110110 /
b000010 0
b0010 E
b00000000000000000000000000000010 K
0P
#23725000
0;
1=
1P
b0010 T
b010 U
b00000010 V
0W
#23730000
1(
b00000000000000000000100010110111 /
b100010 0
b00000000000000000000000000100111 2
b0010 J
b00000000000000000000000000000001 K
b00000000000000000000000100101111 M
b0010 N
0P
b0010 R
#23735000
1P
b00000001 V
#23740000
1$
0%
1'
0(
1)
b00000000000000000000100010111000 /
b010001 0
b00000000000000000000000000000010 K
0P
#23745000
b0111 E
1P
b00000000 V
1W
#23750000
0$
1%
0'
b00000000000000000000100010111001 /
b000010 0
b00000000000000000000000000000011 K
0P
#23755000
1<
0=
1P
b0111 T
b00000001 V
0W
#23760000
1'
b00000000000000000000100010111010 /
b010010 0
b0111 J
b00000000000000000000000000000001 K
0P
b0111 R
#23765000
b0000 E
1P
b00000000 V
1W
#23770000
1$
0%
0'
1(
b00000000000000000000100010111011 /
b100001 0
b00000000000000000000000000000010 K
0P
#23775000
1;
0<
1P
b0000 T
b00000001 V
0W
#23780000
1%
1&
b00000000000000000000100010111100 /
b101100 0
b0000 J
b00000000000000000000000000000001 K
0P
b0000 R
#23785000
b0011 E
b0010 G
b010 H
1P
b00000000 V
1W
#23790000
0$
0%
0&
b00000000000000000000100010111101 /
b100000 0
b0110 E
b00000000000000000000000000000010 K
0P
#23795000
0;
1>
1B
1P
b0110 T
b110 U
b00000011 V
0W
#23800000
1&
1'
b00000000000000000000100010111110 /
b111000 0
b00000000000000000000000001000001 6
b0110 J
b00000000000000000000000000000001 K
b00000000000000000000000100110000 M
b0110 N
0P
b0110 R
#23805000
1P
b00000010 V
#23810000
1$
0(
b00000000000000000000100010111111 /
b011001 0
b00000000000000000000000000000010 K
0P
#23815000
1P
b00000001 V
#23820000
1%
b00000000000000000000100011000000 /
b011100 0
b00000000000000000000000000000011 K
0P
#23825000
b0111 E
1P
b00000000 V
1W
#23830000
0$
0%
0&
1(
b00000000000000000000100011000001 /
b110000 0
b00000000000000000000000000000100 K
0P
#23835000
1<
0>
0B
1P
b0111 T
b00000001 V
0W
#23840000
1$
1&
0(
b00000000000000000000100011000010 /
b011001 0
b0111 J
b00000000000000000000000000000001 K
0P
b0111 R
#23845000
b0000 E
1P
b00000000 V
1W
#23850000
0$
0'
b00000000000000000000100011000011 /
b001000 0
b00000000000000000000000000000010 K
0P
#23855000
1;
0<
1P
b0000 T
b00000001 V
0W
#23860000
1$
0&
1'
b00000000000000000000100011000100 /
b010001 0
b0000 J
b00000000000000000000000000000001 K
0P
b0000 R
#23865000
b0001 E
b0110 G
b110 H
1P
b00000000 V
1W
#23870000
1%
1&
b00000000000000000000100011000101 /
b011100 0
b0011 E
b00000000000000000000000000000010 K
0P
#23875000
07
19
0;
1=
1P
b0011 T
b011 U
b00000010 V
0W
#23880000
0%
0'
b00000000000000000000100011000110 /
b001001 0
b00000000000000000000000000101011 3
b0011 J
b00000000000000000000000000000001 K
b00000000000000000000000100110001 M
b0011 N
0P
b0011 R
#23885000
1P
b00000001 V
#23890000
1%
1'
b00000000000000000000100011000111 /
b011100 0
b00000000000000000000000000000010 K
0P
#23895000
b0111 E
1P
b00000000 V
1W
#23900000
0$
0'
b00000000000000000000100011001000 /
b001010 0
b00000000000000000000000000000011 K
0P
#23905000
18
09
1<
0=
1P
b0111 T
b00000001 V
0W
#23910000
1$
1(
b00000000000000000000100011001001 /
b101100 0
b0111 J
b00000000000000000000000000000001 K
0P
b0111 R
#23915000
b0000 E
1P
b00000000 V
1W
#23920000
0%
0&
0(
b00000000000000000000100011001010 /
b000001 0
b00000000000000000000000000000010 K
0P
#23925000
17
08
1;
0<
1P
b0000 T
b00000001 V
0W
#23930000
0$
1%
1(
b00000000000000000000100011001011 /
b100010 0
b0000 J
b00000000000000000000000000000001 K
0P
b0000 R
#23935000
b0110 E
b0011 G
b011 H
1P
b00000000 V
1W
#23940000
1$
0%
1&
1'
b00000000000000000000100011001100 /
b111001 0
b0100 E
b00000000000000000000000000000010 K
0P
#23945000
0?
1A
1C
1P
b0100 T
b100 U
b00000100 V
0W
#23950000
0$
0&
0'
b00000000000000000000100011001101 /
b100000 0
b00000000000000000000000000111110 4
b0100 J
b00000000000000000000000000000001 K
b00000000000000000000000100110010 M
b0100 N
0P
b0100 R
#23955000
1P
b00000011 V
#23960000
1%
1&
0(
b00000000000000000000100011001110 /
b001010 0
b00000000000000000000000000000010 K
0P
#23965000
1P
b00000010 V
#23970000
0&
1(
b00000000000000000000100011001111 /
b100010 0
b00000000000000000000000000000011 K
0P
#23975000
1P
b00000001 V
#23980000
1$
0%
b00000000000000000000100011010000 /
b100001 0
b00000000000000000000000000000100 K
0P
#23985000
b0111 E
1P
b00000000 V
1W
#23990000
0$
1%
1&
0(
b00000000000000000000100011010001 /
b001010 0
b00000000000000000000000000000101 K
0P
#23995000
1@
0A
0C
1P
b0111 T
b00000001 V
0W
#24000000
1$
0%
0&
1'
1(
b00000000000000000000100011010010 /
b110001 0
b0111 J
b00000000000000000000000000000001 K
0P
b0111 R
#24005000
b0000 E
1P
b00000000 V
1W
#24010000
1&
0(
b00000000000000000000100011010011 /
b011001 0
b00000000000000000000000000000010 K
0P
#24015000
1?
0@
1P
b0000 T
b00000001 V
0W
#24020000
1%
0'
b00000000000000000000100011010100 /
b001100 0
b0000 J
b00000000000000000000000000000001 K
0P
b0000 R
#24025000
b0011 E
b0100 G
b100 H
1P
b00000000 V
1W
#24030000
0%
0&
1'
1(
b00000000000000000000100011010101 /
b110001 0
b0101 E
b00000000000000000000000000000010 K
0P
#24035000
07
1:
1P
b0101 T
b101 U
b00000011 V
0W
#24040000
0$
1%
1&
0'
b00000000000000000000100011010110 /
b101010 0
b00000000000000000000000001000011 5
b0101 J
b00000000000000000000000000000001 K
b00000000000000000000000100110011 M
b0101 N
0P
b0101 R
#24045000
1P
b00000010 V
#24050000
b00000000000000000000100011010111 /
b00000000000000000000000000000010 K
0P
#24055000
1P
b00000001 V
#24060000
1'
0(
b00000000000000000000100011011000 /
b011010 0
b00000000000000000000000000000011 K
0P
#24065000
b0111 E
1P
b00000000 V
1W
#24070000
1(
b00000000000000000000100011011001 /
b111010 0
b00000000000000000000000000000100 K
0P
#24075000
18
0:
1P
b0111 T
b00000001 V
0W
#24080000
0%
0&
0'
0(
b00000000000000000000100011011010 /
b000000 0
b0111 J
b00000000000000000000000000000001 K
0P
b0111 R
#24085000
b0000 E
1P
b00000000 V
1W
#24090000
1$
1(
b00000000000000000000100011011011 /
b100001 0
b00000000000000000000000000000010 K
0P
#24095000
17
08
1P
b0000 T
b00000001 V
0W
#24100000
1&
0(
b00000000000000000000100011011100 /
b001001 0
b0000 J
b00000000000000000000000000000001 K
0P
b0000 R
#24105000
b0001 E
b0101 G
b101 H
1P
b00000000 V
1W
#24110000
0$
1%
0&
1(
b00000000000000000000100011011101 /
b100010 0
b0110 E
b00000000000000000000000000000010 K
0P
#24115000
0;
1>
1B
1P
b0110 T
b110 U
b00000011 V
0W
#24120000
0%
1'
0(
b00000000000000000000100011011110 /
b010000 0
b00000000000000000000000001000010 6
b0110 J
b00000000000000000000000000000001 K
b00000000000000000000000100110100 M
b0110 N
0P
b0110 R
#24125000
1P
b00000010 V
#24130000
1%
1&
0'
b00000000000000000000100011011111 /
b001010 0
b00000000000000000000000000000010 K
0P
#24135000
1P
b00000001 V
#24140000
1$
1'
1(
b00000000000000000000100011100000 /
b111100 0
b00000000000000000000000000000011 K
0P
#24145000
b0111 E
1P
b00000000 V
1W
#24150000
0$
0%
0(
b00000000000000000000100011100001 /
b011000 0
b00000000000000000000000000000100 K
0P
#24155000
1<
0>
0B
1P
b0111 T
b00000001 V
0W
#24160000
1$
1%
0&
b00000000000000000000100011100010 /
b010100 0
b0111 J
b00000000000000000000000000000001 K
0P
b0111 R
#24165000
b0000 E
1P
b00000000 V
1W
#24170000
0'
1(
b00000000000000000000100011100011 /
b100100 0
b00000000000000000000000000000010 K
0P
#24175000
1;
0<
1P
b0000 T
b00000001 V
0W
#24180000
0$
1'
b00000000000000000000100011100100 /
b110010 0
b0000 J
b00000000000000000000000000000001 K
0P
b0000 R
#24185000
b0010 E
b0110 G
b110 H
1P
b00000000 V
1W
#24190000
1$
1&
b00000000000000000000100011100101 /
b111100 0
b0011 E
b00000000000000000000000000000010 K
0P
#24195000
07
19
0;
1=
1P
b0011 T
b011 U
b00000010 V
0W
#24200000
0%
0&
0'
0(
b00000000000000000000100011100110 /
b000001 0
b00000000000000000000000000101100 3
b0011 J
b00000000000000000000000000000001 K
b00000000000000000000000100110101 M
b0011 N
0P
b0011 R
#24205000
1P
b00000001 V
#24210000
0$
1&
1'
1(
b00000000000000000000100011100111 /
b111000 0
b00000000000000000000000000000010 K
0P
#24215000
b0111 E
1P
b00000000 V
1W
#24220000
1$
1%
0(
b00000000000000000000100011101000 /
b011100 0
b00000000000000000000000000000011 K
0P
#24225000
18
09
1<
0=
1P
b0111 T
b00000001 V
0W
#24230000
0$
0%
1(
b00000000000000000000100011101001 /
b111000 0
b0111 J
b00000000000000000000000000000001 K
0P
b0111 R
#24235000
b0000 E
1P
b00000000 V
1W
#24240000
0(
b00000000000000000000100011101010 /
b011000 0
b00000000000000000000000000000010 K
0P
#24245000
17
08
1;
0<
1P
b0000 T
b00000001 V
0W
#24250000
1$
1%
0&
b00000000000000000000100011101011 /
b010100 0
b0000 J
b00000000000000000000000000000001 K
0P
b0000 R
#24255000
b0101 E
b0011 G
b011 H
1P
b00000000 V
1W
#24260000
0$
b00000000000000000000100011101100 /
b010010 0
b00000000000000000000000000000010 K
0P
#24265000
07
1:
1P
b0101 T
b101 U
b00000011 V
0W
#24270000
1$
0'
b00000000000000000000100011101101 /
b000100 0
b00000000000000000000000001000100 5
b0101 J
b00000000000000000000000000000001 K
b00000000000000000000000100110110 M
b0101 N
0P
b0101 R
#24275000
1P
b00000010 V
#24280000
0$
0%
1&
b00000000000000000000100011101110 /
b001000 0
b00000000000000000000000000000010 K
0P
#24285000
1P
b00000001 V
#24290000
1$
1%
0&
b00000000000000000000100011101111 /
b000100 0
b00000000000000000000000000000011 K
0P
#24295000
b0111 E
1P
b00000000 V
1W
#24300000
0$
0%
1&
1'
b00000000000000000000100011110000 /
b011000 0
b00000000000000000000000000000100 K
0P
#24305000
18
0:
1P
b0111 T
b00000001 V
0W
#24310000
1$
1(
b00000000000000000000100011110001 /
b111001 0
b0111 J
b00000000000000000000000000000001 K
0P
b0111 R
#24315000
b0000 E
1P
b00000000 V
1W
#24320000
b00000000000000000000100011110010 /
b00000000000000000000000000000010 K
0P
#24325000
17
08
1P
b0000 T
b00000001 V
0W
#24330000
0$
1%
0(
b00000000000000000000100011110011 /
b011010 0
b0000 J
b00000000000000000000000000000001 K
0P
b0000 R
#24335000
b0010 E
b0101 G
b101 H
1P
b00000000 V
1W
#24340000
0%
0&
b00000000000000000000100011110100 /
b010000 0
b0101 E
b00000000000000000000000000000010 K
0P
#24345000
07
1:
1P
b0101 T
b00000011 V
0W
#24350000
1$
1%
1&
0'
1(
b00000000000000000000100011110101 /
b101100 0
b00000000000000000000000001000101 5
b0101 J
b00000000000000000000000000000001 K
b00000000000000000000000100110111 M
0P
b0101 R
#24355000
1P
b00000010 V
#24360000
0$
0%
0&
b00000000000000000000100011110110 /
b100000 0
b00000000000000000000000000000010 K
0P
#24365000
1P
b00000001 V
#24370000
1%
1'
b00000000000000000000100011110111 /
b110010 0
b00000000000000000000000000000011 K
0P
#24375000
b0111 E
1P
b00000000 V
1W
#24380000
1&
0'
0(
b00000000000000000000100011111000 /
b001010 0
b00000000000000000000000000000100 K
0P
#24385000
18
0:
1P
b0111 T
b00000001 V
0W
#24390000
1$
0&
1'
1(
b00000000000000000000100011111001 /
b110100 0
b0111 J
b00000000000000000000000000000001 K
0P
b0111 R
#24395000
b0000 E
1P
b00000000 V
1W
#24400000
0(
b00000000000000000000100011111010 /
b010100 0
b00000000000000000000000000000010 K
0P
#24405000
17
08
1P
b0000 T
b00000001 V
0W
#24410000
0$
1&
1(
b00000000000000000000100011111011 /
b111010 0
b0000 J
b00000000000000000000000000000001 K
0P
b0000 R
#24415000
b0110 E
1P
b00000000 V
1W
#24420000
1$
0%
0(
b00000000000000000000100011111100 /
b011001 0
b0001 E
b00000000000000000000000000000010 K
0P
#24425000
07
19
1P
b0001 T
b001 U
b00000010 V
0W
#24430000
0$
1%
0&
1(
b00000000000000000000100011111101 /
b110010 0
b00000000000000000000000000100000 1
b0001 J
b00000000000000000000000000000001 K
b00000000000000000000000100111000 M
b0001 N
0P
b0001 R
#24435000
1P
b00000001 V
#24440000
1$
0'
0(
b00000000000000000000100011111110 /
b000100 0
b00000000000000000000000000000010 K
0P
#24445000
b0111 E
1P
b00000000 V
1W
#24450000
0$
0%
1&
b00000000000000000000100011111111 /
b001000 0
b00000000000000000000000000000011 K
0P
#24455000
18
09
1P
b0111 T
b00000001 V
0W
#24460000
1$
b00000000000000000000100100000000 /
b001001 0
b0111 J
b00000000000000000000000000000001 K
0P
b0111 R
#24465000
b0000 E
1P
b00000000 V
1W
#24470000
0$
1%
b00000000000000000000100100000001 /
b001010 0
b00000000000000000000000000000010 K
0P
#24475000
17
08
1P
b0000 T
b00000001 V
0W
#24480000
1$
1'
1(
b00000000000000000000100100000010 /
b111100 0
b0000 J
b00000000000000000000000000000001 K
0P
b0000 R
#24485000
b0011 E
b0001 G
b001 H
1P
b00000000 V
1W
#24490000
0$
0'
0(
b00000000000000000000100100000011 /
b001010 0
b0010 E
b00000000000000000000000000000010 K
0P
#24495000
0;
1=
1P
b0010 T
b010 U
b00000010 V
0W
#24500000
1$
0&
1(
b00000000000000000000100100000100 /
b100100 0
b00000000000000000000000000101000 2
b0010 J
b00000000000000000000000000000001 K
b00000000000000000000000100111001 M
b0010 N
0P
b0010 R
#24505000
1P
b00000001 V
#24510000
0(
b00000000000000000000100100000101 /
b000100 0
b00000000000000000000000000000010 K
0P
#24515000
b0111 E
1P
b00000000 V
1W
#24520000
1'
1(
b00000000000000000000100100000110 /
b110100 0
b00000000000000000000000000000011 K
0P
#24525000
1<
0=
1P
b0111 T
b00000001 V
0W
#24530000
0%
0'
b00000000000000000000100100000111 /
b100001 0
b0111 J
b00000000000000000000000000000001 K
0P
b0111 R
#24535000
b0000 E
1P
b00000000 V
1W
#24540000
1%
1&
1'
b00000000000000000000100100001000 /
b111100 0
b00000000000000000000000000000010 K
0P
#24545000
1;
0<
1P
b0000 T
b00000001 V
0W
#24550000
0%
0&
0(
b00000000000000000000100100001001 /
b010001 0
b0000 J
b00000000000000000000000000000001 K
0P
b0000 R
#24555000
b0101 E
b0010 G
b010 H
1P
b00000000 V
1W
#24560000
0$
1&
b00000000000000000000100100001010 /
b011000 0
b0100 E
b00000000000000000000000000000010 K
0P
#24565000
0?
1A
1C
1P
b0100 T
b100 U
b00000100 V
0W
#24570000
1$
0'
1(
b00000000000000000000100100001011 /
b101001 0
b00000000000000000000000000111111 4
b0100 J
b00000000000000000000000000000001 K
b00000000000000000000000100111010 M
b0100 N
0P
b0100 R
#24575000
1P
b00000011 V
#24580000
0$
1%
1'
b00000000000000000000100100001100 /
b111010 0
b00000000000000000000000000000010 K
0P
#24585000
1P
b00000010 V
#24590000
1$
0'
0(
b00000000000000000000100100001101 /
b001100 0
b00000000000000000000000000000011 K
0P
#24595000
1P
b00000001 V
#24600000
0&
1'
b00000000000000000000100100001110 /
b010100 0
b00000000000000000000000000000100 K
0P
#24605000
b0111 E
1P
b00000000 V
1W
#24610000
0%
1&
0'
b00000000000000000000100100001111 /
b001001 0
b00000000000000000000000000000101 K
0P
#24615000
1@
0A
0C
1P
b0111 T
b00000001 V
0W
#24620000
0$
1%
0&
1(
b00000000000000000000100100010000 /
b100010 0
b0111 J
b00000000000000000000000000000001 K
0P
b0111 R
#24625000
b0000 E
1P
b00000000 V
1W
#24630000
1$
0%
b00000000000000000000100100010001 /
b100001 0
b00000000000000000000000000000010 K
0P
#24635000
1?
0@
1P
b0000 T
b00000001 V
0W
#24640000
1%
b00000000000000000000100100010010 /
b100100 0
b0000 J
b00000000000000000000000000000001 K
0P
b0000 R
#24645000
b0110 E
b0100 G
b100 H
1P
b00000000 V
1W
#24650000
1&
0(
b00000000000000000000100100010011 /
b001100 0
b0011 E
b00000000000000000000000000000010 K
0P
#24655000
07
19
0;
1=
1P
b0011 T
b011 U
b00000010 V
0W
#24660000
0%
0&
b00000000000000000000100100010100 /
b000001 0
b00000000000000000000000000101101 3
b0011 J
b00000000000000000000000000000001 K
b00000000000000000000000100111011 M
b0011 N
0P
b0011 R
#24665000
1P
b00000001 V
#24670000
1%
1&
1'
b00000000000000000000100100010101 /
b011100 0
b00000000000000000000000000000010 K
0P
#24675000
b0111 E
1P
b00000000 V
1W
#24680000
0&
0'
1(
b00000000000000000000100100010110 /
b100100 0
b00000000000000000000000000000011 K
0P
#24685000
18
09
1<
0=
1P
b0111 T
b00000001 V
0W
#24690000
0$
1&
0(
b00000000000000000000100100010111 /
b001010 0
b0111 J
b00000000000000000000000000000001 K
0P
b0111 R
#24695000
b0000 E
1P
b00000000 V
1W
#24700000
1$
0%
0&
1'
b00000000000000000000100100011000 /
b010001 0
b00000000000000000000000000000010 K
0P
#24705000
17
08
1;
0<
1P
b0000 T
b00000001 V
0W
#24710000
0$
1%
1&
0'
b00000000000000000000100100011001 /
b001010 0
b0000 J
b00000000000000000000000000000001 K
0P
b0000 R
#24715000
b0100 E
b0011 G
b011 H
1P
b00000000 V
1W
#24720000
1$
0&
b00000000000000000000100100011010 /
b000100 0
b0011 E
b00000000000000000000000000000010 K
0P
#24725000
07
19
0;
1=
1P
b0011 T
b00000010 V
0W
#24730000
0%
1'
b00000000000000000000100100011011 /
b010001 0
b00000000000000000000000000101110 3
b0011 J
b00000000000000000000000000000001 K
b00000000000000000000000100111100 M
0P
b0011 R
#24735000
1P
b00000001 V
#24740000
1%
1&
0'
1(
b00000000000000000000100100011100 /
b101100 0
b00000000000000000000000000000010 K
0P
#24745000
b0111 E
1P
b00000000 V
1W
#24750000
0%
0&
1'
0(
b00000000000000000000100100011101 /
b010001 0
b00000000000000000000000000000011 K
0P
#24755000
18
09
1<
0=
1P
b0111 T
b00000001 V
0W
#24760000
0$
1%
b00000000000000000000100100011110 /
b010010 0
b0111 J
b00000000000000000000000000000001 K
0P
b0111 R
#24765000
b0000 E
1P
b00000000 V
1W
#24770000
1$
0%
1&
1(
b00000000000000000000100100011111 /
b111001 0
b00000000000000000000000000000010 K
0P
#24775000
17
08
1;
0<
1P
b0000 T
b00000001 V
0W
#24780000
0$
1%
0&
b00000000000000000000100100100000 /
b110010 0
b0000 J
b00000000000000000000000000000001 K
0P
b0000 R
#24785000
b0101 E
1P
b00000000 V
1W
#24790000
0'
b00000000000000000000100100100001 /
b100010 0
b0110 E
b00000000000000000000000000000010 K
0P
#24795000
0;
1>
1B
1P
b0110 T
b110 U
b00000011 V
0W
#24800000
1$
0(
b00000000000000000000100100100010 /
b000100 0
b00000000000000000000000001000011 6
b0110 J
b00000000000000000000000000000001 K
b00000000000000000000000100111101 M
b0110 N
0P
b0110 R
#24805000
1P
b00000010 V
#24810000
0$
1&
1'
b00000000000000000000100100100011 /
b011010 0
b00000000000000000000000000000010 K
0P
#24815000
1P
b00000001 V
#24820000
1$
0%
0&
0'
1(
b00000000000000000000100100100100 /
b100001 0
b00000000000000000000000000000011 K
0P
#24825000
b0111 E
1P
b00000000 V
1W
#24830000
0$
1%
1&
1'
0(
b00000000000000000000100100100101 /
b011010 0
b00000000000000000000000000000100 K
0P
#24835000
1<
0>
0B
1P
b0111 T
b00000001 V
0W
#24840000
1$
0%
0&
1(
b00000000000000000000100100100110 /
b110001 0
b0111 J
b00000000000000000000000000000001 K
0P
b0111 R
#24845000
b0000 E
1P
b00000000 V
1W
#24850000
0$
1&
0'
0(
b00000000000000000000100100100111 /
b001000 0
b00000000000000000000000000000010 K
0P
#24855000
1;
0<
1P
b0000 T
b00000001 V
0W
#24860000
1$
1'
b00000000000000000000100100101000 /
b011001 0
b0000 J
b00000000000000000000000000000001 K
0P
b0000 R
#24865000
b0001 E
b0110 G
b110 H
1P
b00000000 V
1W
#24870000
1%
1(
b00000000000000000000100100101001 /
b111100 0
b0011 E
b00000000000000000000000000000010 K
0P
#24875000
07
19
0;
1=
1P
b0011 T
b011 U
b00000010 V
0W
#24880000
b00000000000000000000100100101010 /
b00000000000000000000000000101111 3
b0011 J
b00000000000000000000000000000001 K
b00000000000000000000000100111110 M
b0011 N
0P
b0011 R
#24885000
1P
b00000001 V
#24890000
0&
0'
0(
b00000000000000000000100100101011 /
b000100 0
b00000000000000000000000000000010 K
0P
#24895000
b0111 E
1P
b00000000 V
1W
#24900000
0$
0%
1'
1(
b00000000000000000000100100101100 /
b110000 0
b00000000000000000000000000000011 K
0P
#24905000
18
09
1<
0=
1P
b0111 T
b00000001 V
0W
#24910000
1%
1&
0'
b00000000000000000000100100101101 /
b101010 0
b0111 J
b00000000000000000000000000000001 K
0P
b0111 R
#24915000
b0000 E
1P
b00000000 V
1W
#24920000
0%
b00000000000000000000100100101110 /
b101000 0
b00000000000000000000000000000010 K
0P
#24925000
17
08
1;
0<
1P
b0000 T
b00000001 V
0W
#24930000
1'
b00000000000000000000100100101111 /
b111000 0
b0000 J
b00000000000000000000000000000001 K
0P
b0000 R
#24935000
b0100 E
b0011 G
b011 H
1P
b00000000 V
1W
#24940000
1%
0&
0'
0(
b00000000000000000000100100110000 /
b000010 0
b0010 E
b00000000000000000000000000000010 K
0P
#24945000
0;
1=
1P
b0010 T
b010 U
b00000010 V
0W
#24950000
1$
1'
1(
b00000000000000000000100100110001 /
b110100 0
b00000000000000000000000000101001 2
b0010 J
b00000000000000000000000000000001 K
b00000000000000000000000100111111 M
b0010 N
0P
b0010 R
#24955000
1P
b00000001 V
#24960000
0%
0'
b00000000000000000000100100110010 /
b100001 0
b00000000000000000000000000000010 K
0P
#24965000
b0111 E
1P
b00000000 V
1W
#24970000
0$
1%
b00000000000000000000100100110011 /
b100010 0
b00000000000000000000000000000011 K
0P
#24975000
1<
0=
1P
b0111 T
b00000001 V
0W
#24980000
0%
1'
0(
b00000000000000000000100100110100 /
b010000 0
b0111 J
b00000000000000000000000000000001 K
0P
b0111 R
#24985000
b0000 E
1P
b00000000 V
1W
#24990000
1$
1&
0'
1(
b00000000000000000000100100110101 /
b101001 0
b00000000000000000000000000000010 K
0P
#24995000
1;
0<
1P
b0000 T
b00000001 V
0W
#25000000
0$
1'
b00000000000000000000100100110110 /
b111000 0
b0000 J
b00000000000000000000000000000001 K
0P
b0000 R
#25005000
b0100 E
b0010 G
b010 H
1P
b00000000 V
1W
#25010000
1$
1%
0&
0'
0(
b00000000000000000000100100110111 /
b000100 0
b0011 E
b00000000000000000000000000000010 K
0P
#25015000
07
19
0;
1=
1P
b0011 T
b011 U
b00000010 V
0W
#25020000
0$
0%
1'
b00000000000000000000100100111000 /
b010000 0
b00000000000000000000000000110000 3
b0011 J
b00000000000000000000000000000001 K
b00000000000000000000000101000000 M
b0011 N
0P
b0011 R
#25025000
1P
b00000001 V
#25030000
1$
1%
b00000000000000000000100100111001 /
b010100 0
b00000000000000000000000000000010 K
0P
#25035000
b0111 E
1P
b00000000 V
1W
#25040000
1&
0'
1(
b00000000000000000000100100111010 /
b101100 0
b00000000000000000000000000000011 K
0P
#25045000
18
09
1<
0=
1P
b0111 T
b00000001 V
0W
#25050000
0$
b00000000000000000000100100111011 /
b101010 0
b0111 J
b00000000000000000000000000000001 K
0P
b0111 R
#25055000
b0000 E
1P
b00000000 V
1W
#25060000
b00000000000000000000100100111100 /
b00000000000000000000000000000010 K
0P
#25065000
17
08
1;
0<
1P
b0000 T
b00000001 V
0W
#25070000
0(
b00000000000000000000100100111101 /
b001010 0
b0000 J
b00000000000000000000000000000001 K
0P
b0000 R
#25075000
b0100 E
b0011 G
b011 H
1P
b00000000 V
1W
#25080000
0%
0&
1'
b00000000000000000000100100111110 /
b010000 0
b0101 E
b00000000000000000000000000000010 K
0P
#25085000
07
1:
1P
b0101 T
b101 U
b00000011 V
0W
#25090000
1$
b00000000000000000000100100111111 /
b010001 0
b00000000000000000000000001000110 5
b0101 J
b00000000000000000000000000000001 K
b00000000000000000000000101000001 M
b0101 N
0P
b0101 R
#25095000
1P
b00000010 V
#25100000
1&
1(
b00000000000000000000100101000000 /
b111001 0
b00000000000000000000000000000010 K
0P
#25105000
1P
b00000001 V
#25110000
0$
0&
0'
0(
b00000000000000000000100101000001 /
b000000 0
b00000000000000000000000000000011 K
0P
#25115000
b0111 E
1P
b00000000 V
1W
#25120000
1&
1(
b00000000000000000000100101000010 /
b101000 0
b00000000000000000000000000000100 K
0P
#25125000
18
0:
1P
b0111 T
b00000001 V
0W
#25130000
1$
1%
1'
b00000000000000000000100101000011 /
b111100 0
b0111 J
b00000000000000000000000000000001 K
0P
b0111 R
#25135000
b0000 E
1P
b00000000 V
1W
#25140000
0$
0&
0(
b00000000000000000000100101000100 /
b010010 0
b00000000000000000000000000000010 K
0P
#25145000
17
08
1P
b0000 T
b00000001 V
0W
#25150000
1$
1&
0'
1(
b00000000000000000000100101000101 /
b101100 0
b0000 J
b00000000000000000000000000000001 K
0P
b0000 R
#25155000
b0110 E
b0101 G
b101 H
1P
b00000000 V
1W
#25160000
0$
1'
0(
b00000000000000000000100101000110 /
b011010 0
b0010 E
b00000000000000000000000000000010 K
0P
#25165000
0;
1=
1P
b0010 T
b010 U
b00000010 V
0W
#25170000
1$
0%
0'
b00000000000000000000100101000111 /
b001001 0
b00000000000000000000000000101010 2
b0010 J
b00000000000000000000000000000001 K
b00000000000000000000000101000010 M
b0010 N
0P
b0010 R
#25175000
1P
b00000001 V
#25180000
1%
1'
b00000000000000000000100101001000 /
b011100 0
b00000000000000000000000000000010 K
0P
#25185000
b0111 E
1P
b00000000 V
1W
#25190000
0$
b00000000000000000000100101001001 /
b011010 0
b00000000000000000000000000000011 K
0P
#25195000
1<
0=
1P
b0111 T
b00000001 V
0W
#25200000
1$
0%
b00000000000000000000100101001010 /
b011001 0
b0111 J
b00000000000000000000000000000001 K
0P
b0111 R
#25205000
b0000 E
1P
b00000000 V
1W
#25210000
0&
0'
b00000000000000000000100101001011 /
b000001 0
b00000000000000000000000000000010 K
0P
#25215000
1;
0<
1P
b0000 T
b00000001 V
0W
#25220000
0$
1%
1&
b00000000000000000000100101001100 /
b001010 0
b0000 J
b00000000000000000000000000000001 K
0P
b0000 R
#25225000
b0100 E
b0010 G
b010 H
1P
b00000000 V
1W
#25230000
0&
1'
b00000000000000000000100101001101 /
b010010 0
b0101 E
b00000000000000000000000000000010 K
0P
#25235000
07
1:
1P
b0101 T
b101 U
b00000011 V
0W
#25240000
1$
1&
b00000000000000000000100101001110 /
b011100 0
b00000000000000000000000001000111 5
b0101 J
b00000000000000000000000000000001 K
b00000000000000000000000101000011 M
b0101 N
0P
b0101 R
#25245000
1P
b00000010 V
#25250000
0%
0&
b00000000000000000000100101001111 /
b010001 0
b00000000000000000000000000000010 K
0P
#25255000
1P
b00000001 V
#25260000
1%
0'
1(
b00000000000000000000100101010000 /
b100100 0
b00000000000000000000000000000011 K
0P
#25265000
b0111 E
1P
b00000000 V
1W
#25270000
0$
1&
0(
b00000000000000000000100101010001 /
b001010 0
b00000000000000000000000000000100 K
0P
#25275000
18
0:
1P
b0111 T
b00000001 V
0W
#25280000
1$
1'
1(
b00000000000000000000100101010010 /
b111100 0
b0111 J
b00000000000000000000000000000001 K
0P
b0111 R
#25285000
b0000 E
1P
b00000000 V
1W
#25290000
0$
0%
0(
b00000000000000000000100101010011 /
b011000 0
b00000000000000000000000000000010 K
0P
#25295000
17
08
1P
b0000 T
b00000001 V
0W
#25300000
1$
1%
0&
1(
b00000000000000000000100101010100 /
b110100 0
b0000 J
b00000000000000000000000000000001 K
0P
b0000 R
#25305000
b0110 E
b0101 G
b101 H
1P
b00000000 V
1W
#25310000
0$
1&
0(
b00000000000000000000100101010101 /
b011010 0
b0010 E
b00000000000000000000000000000010 K
0P
#25315000
0;
1=
1P
b0010 T
b010 U
b00000010 V
0W
#25320000
0%
0'
1(
b00000000000000000000100101010110 /
b101000 0
b00000000000000000000000000101011 2
b0010 J
b00000000000000000000000000000001 K
b00000000000000000000000101000100 M
b0010 N
0P
b0010 R
#25325000
1P
b00000001 V
#25330000
1$
0&
1'
b00000000000000000000100101010111 /
b110001 0
b00000000000000000000000000000010 K
0P
#25335000
b0111 E
1P
b00000000 V
1W
#25340000
0$
0'
0(
b00000000000000000000100101011000 /
b000000 0
b00000000000000000000000000000011 K
0P
#25345000
1<
0=
1P
b0111 T
b00000001 V
0W
#25350000
1$
b00000000000000000000100101011001 /
b000001 0
b0111 J
b00000000000000000000000000000001 K
0P
b0111 R
#25355000
b0000 E
1P
b00000000 V
1W
#25360000
0$
1&
1'
b00000000000000000000100101011010 /
b011000 0
b00000000000000000000000000000010 K
0P
#25365000
1;
0<
1P
b0000 T
b00000001 V
0W
#25370000
1$
0'
1(
b00000000000000000000100101011011 /
b101001 0
b0000 J
b00000000000000000000000000000001 K
0P
b0000 R
#25375000
b0100 E
b0010 G
b010 H
1P
b00000000 V
1W
#25380000
0$
1%
0&
b00000000000000000000100101011100 /
b100010 0
b0110 E
b00000000000000000000000000000010 K
0P
#25385000
0;
1>
1B
1P
b0110 T
b110 U
b00000011 V
0W
#25390000
0(
b00000000000000000000100101011101 /
b000010 0
b00000000000000000000000001000100 6
b0110 J
b00000000000000000000000000000001 K
b00000000000000000000000101000101 M
b0110 N
0P
b0110 R
#25395000
1P
b00000010 V
#25400000
1$
0%
1(
b00000000000000000000100101011110 /
b100001 0
b00000000000000000000000000000010 K
0P
#25405000
1P
b00000001 V
#25410000
1%
1&
b00000000000000000000100101011111 /
b101100 0
b00000000000000000000000000000011 K
0P
#25415000
b0111 E
1P
b00000000 V
1W
#25420000
0$
0&
0(
b00000000000000000000100101100000 /
b000010 0
b00000000000000000000000000000100 K
0P
#25425000
1<
0>
0B
1P
b0111 T
b00000001 V
0W
#25430000
b00000000000000000000100101100001 /
b0111 J
b00000000000000000000000000000001 K
0P
b0111 R
#25435000
b0000 E
1P
b00000000 V
1W
#25440000
1'
b00000000000000000000100101100010 /
b010010 0
b00000000000000000000000000000010 K
0P
#25445000
1;
0<
1P
b0000 T
b00000001 V
0W
#25450000
1&
b00000000000000000000100101100011 /
b011010 0
b0000 J
b00000000000000000000000000000001 K
0P
b0000 R
#25455000
b0010 E
b0110 G
b110 H
1P
b00000000 V
1W
#25460000
1$
0%
0&
0'
1(
b00000000000000000000100101100100 /
b100001 0
b0001 E
b00000000000000000000000000000010 K
0P
#25465000
07
19
1P
b0001 T
b001 U
b00000010 V
0W
#25470000
1%
1&
1'
0(
b00000000000000000000100101100101 /
b011100 0
b00000000000000000000000000100001 1
b0001 J
b00000000000000000000000000000001 K
b00000000000000000000000101000110 M
b0001 N
0P
b0001 R
#25475000
1P
b00000001 V
#25480000
0$
0%
0'
1(
b00000000000000000000100101100110 /
b101000 0
b00000000000000000000000000000010 K
0P
#25485000
b0111 E
1P
b00000000 V
1W
#25490000
1$
0&
b00000000000000000000100101100111 /
b100001 0
b00000000000000000000000000000011 K
0P
#25495000
18
09
1P
b0111 T
b00000001 V
0W
#25500000
1%
1&
1'
b00000000000000000000100101101000 /
b111100 0
b0111 J
b00000000000000000000000000000001 K
0P
b0111 R
#25505000
b0000 E
1P
b00000000 V
1W
#25510000
0%
0'
0(
b00000000000000000000100101101001 /
b001001 0
b00000000000000000000000000000010 K
0P
#25515000
17
08
1P
b0000 T
b00000001 V
0W
#25520000
0$
1%
0&
1(
b00000000000000000000100101101010 /
b100010 0
b0000 J
b00000000000000000000000000000001 K
0P
b0000 R
#25525000
b0010 E
b0001 G
b001 H
1P
b00000000 V
1W
#25530000
1$
1'
0(
b00000000000000000000100101101011 /
b010100 0
b0011 E
b00000000000000000000000000000010 K
0P
#25535000
07
19
0;
1=
1P
b0011 T
b011 U
b00000010 V
0W
#25540000
0$
0%
1&
0'
b00000000000000000000100101101100 /
b001000 0
b00000000000000000000000000110001 3
b0011 J
b00000000000000000000000000000001 K
b00000000000000000000000101000111 M
b0011 N
0P
b0011 R
#25545000
1P
b00000001 V
#25550000
1$
1%
1'
b00000000000000000000100101101101 /
b011100 0
b00000000000000000000000000000010 K
0P
#25555000
b0111 E
1P
b00000000 V
1W
#25560000
0%
1(
b00000000000000000000100101101110 /
b111001 0
b00000000000000000000000000000011 K
0P
#25565000
18
09
1<
0=
1P
b0111 T
b00000001 V
0W
#25570000
0&
0'
0(
b00000000000000000000100101101111 /
b000001 0
b0111 J
b00000000000000000000000000000001 K
0P
b0111 R
#25575000
b0000 E
1P
b00000000 V
1W
#25580000
1%
1&
1'
b00000000000000000000100101110000 /
b011100 0
b00000000000000000000000000000010 K
0P
#25585000
17
08
1;
0<
1P
b0000 T
b00000001 V
0W
#25590000
b00000000000000000000100101110001 /
b0000 J
b00000000000000000000000000000001 K
0P
b0000 R
#25595000
b0100 E
b0011 G
b011 H
1P
b00000000 V
1W
#25600000
0$
0&
1(
b00000000000000000000100101110010 /
b110010 0
b0101 E
b00000000000000000000000000000010 K
0P
#25605000
07
1:
1P
b0101 T
b101 U
b00000011 V
0W
#25610000
1$
b00000000000000000000100101110011 /
b110100 0
b00000000000000000000000001001000 5
b0101 J
b00000000000000000000000000000001 K
b00000000000000000000000101001000 M
b0101 N
0P
b0101 R
#25615000
1P
b00000010 V
#25620000
0$
0%
1&
0'
b00000000000000000000100101110100 /
b101000 0
b00000000000000000000000000000010 K
0P
#25625000
1P
b00000001 V
#25630000
1$
0&
1'
0(
b00000000000000000000100101110101 /
b010001 0
b00000000000000000000000000000011 K
0P
#25635000
b0111 E
1P
b00000000 V
1W
#25640000
0$
1%
b00000000000000000000100101110110 /
b010010 0
b00000000000000000000000000000100 K
0P
#25645000
18
0:
1P
b0111 T
b00000001 V
0W
#25650000
1$
0'
b00000000000000000000100101110111 /
b000100 0
b0111 J
b00000000000000000000000000000001 K
0P
b0111 R
#25655000
b0000 E
1P
b00000000 V
1W
#25660000
1&
b00000000000000000000100101111000 /
b001100 0
b00000000000000000000000000000010 K
0P
#25665000
17
08
1P
b0000 T
b00000001 V
0W
#25670000
0%
1(
b00000000000000000000100101111001 /
b101001 0
b0000 J
b00000000000000000000000000000001 K
0P
b0000 R
#25675000
b0110 E
b0101 G
b101 H
1P
b00000000 V
1W
#25680000
1'
b00000000000000000000100101111010 /
b111001 0
b00000000000000000000000000000010 K
0P
#25685000
0;
1>
1B
1P
b0110 T
b110 U
b00000011 V
0W
#25690000
0$
0'
b00000000000000000000100101111011 /
b101000 0
b00000000000000000000000001000101 6
b0110 J
b00000000000000000000000000000001 K
b00000000000000000000000101001001 M
b0110 N
0P
b0110 R
#25695000
1P
b00000010 V
#25700000
1$
0&
0(
b00000000000000000000100101111100 /
b000001 0
b00000000000000000000000000000010 K
0P
#25705000
1P
b00000001 V
#25710000
0$
1%
1'
b00000000000000000000100101111101 /
b010010 0
b00000000000000000000000000000011 K
0P
#25715000
b0111 E
1P
b00000000 V
1W
#25720000
1$
1&
b00000000000000000000100101111110 /
b011100 0
b00000000000000000000000000000100 K
0P
#25725000
1<
0>
0B
1P
b0111 T
b00000001 V
0W
#25730000
0$
0%
0&
1(
b00000000000000000000100101111111 /
b110000 0
b0111 J
b00000000000000000000000000000001 K
0P
b0111 R
#25735000
b0000 E
1P
b00000000 V
1W
#25740000
0(
b00000000000000000000100110000000 /
b010000 0
b00000000000000000000000000000010 K
0P
#25745000
1;
0<
1P
b0000 T
b00000001 V
0W
#25750000
1%
1(
b00000000000000000000100110000001 /
b110010 0
b0000 J
b00000000000000000000000000000001 K
0P
b0000 R
#25755000
b0010 E
b0110 G
b110 H
1P
b00000000 V
1W
#25760000
1$
0'
b00000000000000000000100110000010 /
b100100 0
b0011 E
b00000000000000000000000000000010 K
0P
#25765000
07
19
0;
1=
1P
b0011 T
b011 U
b00000010 V
0W
#25770000
0$
0%
1&
b00000000000000000000100110000011 /
b101000 0
b00000000000000000000000000110010 3
b0011 J
b00000000000000000000000000000001 K
b00000000000000000000000101001010 M
b0011 N
0P
b0011 R
#25775000
1P
b00000001 V
#25780000
1$
1%
0&
1'
0(
b00000000000000000000100110000100 /
b010100 0
b00000000000000000000000000000010 K
0P
#25785000
b0111 E
1P
b00000000 V
1W
#25790000
0%
b00000000000000000000100110000101 /
b010001 0
b00000000000000000000000000000011 K
0P
#25795000
18
09
1<
0=
1P
b0111 T
b00000001 V
0W
#25800000
0'
b00000000000000000000100110000110 /
b000001 0
b0111 J
b00000000000000000000000000000001 K
0P
b0111 R
#25805000
b0000 E
1P
b00000000 V
1W
#25810000
b00000000000000000000100110000111 /
b00000000000000000000000000000010 K
0P
#25815000
17
08
1;
0<
1P
b0000 T
b00000001 V
0W
#25820000
1%
1&
1(
b00000000000000000000100110001000 /
b101100 0
b0000 J
b00000000000000000000000000000001 K
0P
b0000 R
#25825000
b0100 E
b0011 G
b011 H
1P
b00000000 V
1W
#25830000
0&
b00000000000000000000100110001001 /
b100100 0
b0110 E
b00000000000000000000000000000010 K
0P
#25835000
0;
1>
1B
1P
b0110 T
b110 U
b00000011 V
0W
#25840000
0%
1&
1'
b00000000000000000000100110001010 /
b111001 0
b00000000000000000000000001000110 6
b0110 J
b00000000000000000000000000000001 K
b00000000000000000000000101001011 M
b0110 N
0P
b0110 R
#25845000
1P
b00000010 V
#25850000
1%
0'
b00000000000000000000100110001011 /
b101100 0
b00000000000000000000000000000010 K
0P
#25855000
1P
b00000001 V
#25860000
0$
0%
0&
1'
b00000000000000000000100110001100 /
b110000 0
b00000000000000000000000000000011 K
0P
#25865000
b0111 E
1P
b00000000 V
1W
#25870000
1$
1&
b00000000000000000000100110001101 /
b111001 0
b00000000000000000000000000000100 K
0P
#25875000
1<
0>
0B
1P
b0111 T
b00000001 V
0W
#25880000
0$
0&
0(
b00000000000000000000100110001110 /
b010000 0
b0111 J
b00000000000000000000000000000001 K
0P
b0111 R
#25885000
b0000 E
1P
b00000000 V
1W
#25890000
1$
1&
b00000000000000000000100110001111 /
b011001 0
b00000000000000000000000000000010 K
0P
#25895000
1;
0<
1P
b0000 T
b00000001 V
0W
#25900000
0&
0'
1(
b00000000000000000000100110010000 /
b100001 0
b0000 J
b00000000000000000000000000000001 K
0P
b0000 R
#25905000
b0001 E
b0110 G
b110 H
1P
b00000000 V
1W
#25910000
0$
1'
b00000000000000000000100110010001 /
b110000 0
b0101 E
b00000000000000000000000000000010 K
0P
#25915000
07
1:
1P
b0101 T
b101 U
b00000011 V
0W
#25920000
1&
0'
0(
b00000000000000000000100110010010 /
b001000 0
b00000000000000000000000001001001 5
b0101 J
b00000000000000000000000000000001 K
b00000000000000000000000101001100 M
b0101 N
0P
b0101 R
#25925000
1P
b00000010 V
#25930000
1$
0&
1'
1(
b00000000000000000000100110010011 /
b110001 0
b00000000000000000000000000000010 K
0P
#25935000
1P
b00000001 V
#25940000
1%
1&
0'
b00000000000000000000100110010100 /
b101100 0
b00000000000000000000000000000011 K
0P
#25945000
b0111 E
1P
b00000000 V
1W
#25950000
0%
1'
b00000000000000000000100110010101 /
b111001 0
b00000000000000000000000000000100 K
0P
#25955000
18
0:
1P
b0111 T
b00000001 V
0W
#25960000
1%
b00000000000000000000100110010110 /
b111100 0
b0111 J
b00000000000000000000000000000001 K
0P
b0111 R
#25965000
b0000 E
1P
b00000000 V
1W
#25970000
0'
0(
b00000000000000000000100110010111 /
b001100 0
b00000000000000000000000000000010 K
0P
#25975000
17
08
1P
b0000 T
b00000001 V
0W
#25980000
0$
0%
1(
b00000000000000000000100110011000 /
b101000 0
b0000 J
b00000000000000000000000000000001 K
0P
b0000 R
#25985000
b0110 E
b0101 G
b101 H
1P
b00000000 V
1W
#25990000
1$
1'
b00000000000000000000100110011001 /
b111001 0
b00000000000000000000000000000010 K
0P
#25995000
0;
1>
1B
1P
b0110 T
b110 U
b00000011 V
0W
#26000000
1%
b00000000000000000000100110011010 /
b111100 0
b00000000000000000000000001000111 6
b0110 J
b00000000000000000000000000000001 K
b00000000000000000000000101001101 M
b0110 N
0P
b0110 R
#26005000
1P
b00000010 V
#26010000
0%
0&
0'
0(
b00000000000000000000100110011011 /
b000001 0
b00000000000000000000000000000010 K
0P
#26015000
1P
b00000001 V
#26020000
1%
1&
1'
1(
b00000000000000000000100110011100 /
b111100 0
b00000000000000000000000000000011 K
0P
#26025000
b0111 E
1P
b00000000 V
1W
#26030000
0$
0&
b00000000000000000000100110011101 /
b110010 0
b00000000000000000000000000000100 K
0P
#26035000
1<
0>
0B
1P
b0111 T
b00000001 V
0W
#26040000
0%
1&
b00000000000000000000100110011110 /
b111000 0
b0111 J
b00000000000000000000000000000001 K
0P
b0111 R
#26045000
b0000 E
1P
b00000000 V
1W
#26050000
0(
b00000000000000000000100110011111 /
b011000 0
b00000000000000000000000000000010 K
0P
#26055000
1;
0<
1P
b0000 T
b00000001 V
0W
#26060000
1$
1%
0'
b00000000000000000000100110100000 /
b001100 0
b0000 J
b00000000000000000000000000000001 K
0P
b0000 R
#26065000
b0011 E
b0110 G
b110 H
1P
b00000000 V
1W
#26070000
0&
1(
b00000000000000000000100110100001 /
b100100 0
b00000000000000000000000000000010 K
0P
#26075000
07
19
0;
1=
1P
b0011 T
b011 U
b00000010 V
0W
#26080000
0%
1&
b00000000000000000000100110100010 /
b101001 0
b00000000000000000000000000110011 3
b0011 J
b00000000000000000000000000000001 K
b00000000000000000000000101001110 M
b0011 N
0P
b0011 R
#26085000
1P
b00000001 V
#26090000
1%
1'
b00000000000000000000100110100011 /
b111100 0
b00000000000000000000000000000010 K
0P
#26095000
b0111 E
1P
b00000000 V
1W
#26100000
0$
0'
0(
b00000000000000000000100110100100 /
b001010 0
b00000000000000000000000000000011 K
0P
#26105000
18
09
1<
0=
1P
b0111 T
b00000001 V
0W
#26110000
b00000000000000000000100110100101 /
b0111 J
b00000000000000000000000000000001 K
0P
b0111 R
#26115000
b0000 E
1P
b00000000 V
1W
#26120000
0%
0&
1(
b00000000000000000000100110100110 /
b100000 0
b00000000000000000000000000000010 K
0P
#26125000
17
08
1;
0<
1P
b0000 T
b00000001 V
0W
#26130000
0(
b00000000000000000000100110100111 /
b000000 0
b0000 J
b00000000000000000000000000000001 K
0P
b0000 R
#26135000
b0100 E
b0011 G
b011 H
0I
1P
b00000000 V
1W
#26140000
1&
1'
b00000000000000000000100110101000 /
b011000 0
1I
b00000000000000000000000000000010 K
0P
#26145000
0?
1A
1C
1P
b0100 T
b100 U
b00000100 V
0W
#26150000
1$
0&
b00000000000000000000100110101001 /
b010001 0
b00000000000000000000000001000000 4
b0100 J
b00000000000000000000000000000001 K
b00000000000000000000000101001111 M
b0100 N
0P
b0100 R
#26155000
1P
b00000011 V
#26160000
1&
b00000000000000000000100110101010 /
b011001 0
b00000000000000000000000000000010 K
0P
#26165000
1P
b00000010 V
#26170000
0$
0&
0'
b00000000000000000000100110101011 /
b000000 0
b00000000000000000000000000000011 K
0P
#26175000
1P
b00000001 V
#26180000
1'
b00000000000000000000100110101100 /
b010000 0
b00000000000000000000000000000100 K
0P
#26185000
b0111 E
1P
b00000000 V
1W
#26190000
1%
0'
b00000000000000000000100110101101 /
b000010 0
b00000000000000000000000000000101 K
0P
#26195000
1@
0A
0C
1P
b0111 T
b00000001 V
0W
#26200000
b00000000000000000000100110101110 /
b0111 J
b00000000000000000000000000000001 K
0P
b0111 R
#26205000
b0000 E
1P
b00000000 V
1W
#26210000
1$
0%
1&
b00000000000000000000100110101111 /
b001001 0
b00000000000000000000000000000010 K
0P
#26215000
1?
0@
1P
b0000 T
b00000001 V
0W
#26220000
0&
1(
b00000000000000000000100110110000 /
b100001 0
b0000 J
b00000000000000000000000000000001 K
0P
b0000 R
#26225000
b0110 E
b0100 G
b100 H
1P
b00000000 V
1W
#26230000
0$
1&
1'
0(
b00000000000000000000100110110001 /
b011000 0
b0101 E
b00000000000000000000000000000010 K
0P
#26235000
07
1:
1P
b0101 T
b101 U
b00000011 V
0W
#26240000
1%
1(
b00000000000000000000100110110010 /
b111010 0
b00000000000000000000000001001010 5
b0101 J
b00000000000000000000000000000001 K
b00000000000000000000000101010000 M
b0101 N
0P
b0101 R
#26245000
1P
b00000010 V
#26250000
1$
0(
b00000000000000000000100110110011 /
b011100 0
b00000000000000000000000000000010 K
0P
#26255000
1P
b00000001 V
#26260000
0$
b00000000000000000000100110110100 /
b011010 0
b00000000000000000000000000000011 K
0P
#26265000
b0111 E
1P
b00000000 V
1W
#26270000
0%
0&
0'
1(
b00000000000000000000100110110101 /
b100000 0
b00000000000000000000000000000100 K
0P
#26275000
18
0:
1P
b0111 T
b00000001 V
0W
#26280000
1$
1%
1&
1'
0(
b00000000000000000000100110110110 /
b011100 0
b0111 J
b00000000000000000000000000000001 K
0P
b0111 R
#26285000
b0000 E
1P
b00000000 V
1W
#26290000
0$
0%
0'
b00000000000000000000100110110111 /
b001000 0
b00000000000000000000000000000010 K
0P
#26295000
17
08
1P
b0000 T
b00000001 V
0W
#26300000
1'
1(
b00000000000000000000100110111000 /
b111000 0
b0000 J
b00000000000000000000000000000001 K
0P
b0000 R
#26305000
b0110 E
b0101 G
b101 H
1P
b00000000 V
1W
#26310000
1%
0(
b00000000000000000000100110111001 /
b011010 0
b0010 E
b00000000000000000000000000000010 K
0P
#26315000
0;
1=
1P
b0010 T
b010 U
b00000010 V
0W
#26320000
1$
0&
0'
1(
b00000000000000000000100110111010 /
b100100 0
b00000000000000000000000000101100 2
b0010 J
b00000000000000000000000000000001 K
b00000000000000000000000101010001 M
b0010 N
0P
b0010 R
#26325000
1P
b00000001 V
#26330000
0%
b00000000000000000000100110111011 /
b100001 0
b00000000000000000000000000000010 K
0P
#26335000
b0111 E
1P
b00000000 V
1W
#26340000
0$
1%
1'
0(
b00000000000000000000100110111100 /
b010010 0
b00000000000000000000000000000011 K
0P
#26345000
1<
0=
1P
b0111 T
b00000001 V
0W
#26350000
1&
0'
1(
b00000000000000000000100110111101 /
b101010 0
b0111 J
b00000000000000000000000000000001 K
0P
b0111 R
#26355000
b0000 E
1P
b00000000 V
1W
#26360000
0%
0&
1'
0(
b00000000000000000000100110111110 /
b010000 0
b00000000000000000000000000000010 K
0P
#26365000
1;
0<
1P
b0000 T
b00000001 V
0W
#26370000
1&
1(
b00000000000000000000100110111111 /
b111000 0
b0000 J
b00000000000000000000000000000001 K
0P
b0000 R
#26375000
b0100 E
b0010 G
b010 H
1P
b00000000 V
1W
#26380000
0&
b00000000000000000000100111000000 /
b110000 0
b0101 E
b00000000000000000000000000000010 K
0P
#26385000
07
1:
1P
b0101 T
b101 U
b00000011 V
0W
#26390000
1%
1&
0'
0(
b00000000000000000000100111000001 /
b001010 0
b00000000000000000000000001001011 5
b0101 J
b00000000000000000000000000000001 K
b00000000000000000000000101010010 M
b0101 N
0P
b0101 R
#26395000
1P
b00000010 V
#26400000
1$
0&
1'
b00000000000000000000100111000010 /
b010100 0
b00000000000000000000000000000010 K
0P
#26405000
1P
b00000001 V
#26410000
0%
1&
b00000000000000000000100111000011 /
b011001 0
b00000000000000000000000000000011 K
0P
#26415000
b0111 E
1P
b00000000 V
1W
#26420000
b00000000000000000000100111000100 /
b00000000000000000000000000000100 K
0P
#26425000
18
0:
1P
b0111 T
b00000001 V
0W
#26430000
1%
0&
1(
b00000000000000000000100111000101 /
b110100 0
b0111 J
b00000000000000000000000000000001 K
0P
b0111 R
#26435000
b0000 E
1P
b00000000 V
1W
#26440000
0$
b00000000000000000000100111000110 /
b110010 0
b00000000000000000000000000000010 K
0P
#26445000
17
08
1P
b0000 T
b00000001 V
0W
#26450000
1$
1&
0(
b00000000000000000000100111000111 /
b011100 0
b0000 J
b00000000000000000000000000000001 K
0P
b0000 R
#26455000
b0011 E
b0101 G
b101 H
1P
b00000000 V
1W
#26460000
0'
b00000000000000000000100111001000 /
b001100 0
b00000000000000000000000000000010 K
0P
#26465000
07
19
0;
1=
1P
b0011 T
b011 U
b00000010 V
0W
#26470000
0$
1'
b00000000000000000000100111001001 /
b011010 0
b00000000000000000000000000110100 3
b0011 J
b00000000000000000000000000000001 K
b00000000000000000000000101010011 M
b0011 N
0P
b0011 R
#26475000
1P
b00000001 V
#26480000
0&
1(
b00000000000000000000100111001010 /
b110010 0
b00000000000000000000000000000010 K
0P
#26485000
b0111 E
1P
b00000000 V
1W
#26490000
0%
0'
b00000000000000000000100111001011 /
b100000 0
b00000000000000000000000000000011 K
0P
#26495000
18
09
1<
0=
1P
b0111 T
b00000001 V
0W
#26500000
1%
1'
0(
b00000000000000000000100111001100 /
b010010 0
b0111 J
b00000000000000000000000000000001 K
0P
b0111 R
#26505000
b0000 E
1P
b00000000 V
1W
#26510000
1$
0'
1(
b00000000000000000000100111001101 /
b100100 0
b00000000000000000000000000000010 K
0P
#26515000
17
08
1;
0<
1P
b0000 T
b00000001 V
0W
#26520000
0%
0(
b00000000000000000000100111001110 /
b000001 0
b0000 J
b00000000000000000000000000000001 K
0P
b0000 R
#26525000
b0001 E
b0011 G
b011 H
1P
b00000000 V
1W
#26530000
0$
1%
1&
1(
b00000000000000000000100111001111 /
b101010 0
b0100 E
b00000000000000000000000000000010 K
0P
#26535000
0?
1A
1C
1P
b0100 T
b100 U
b00000100 V
0W
#26540000
1$
0&
1'
0(
b00000000000000000000100111010000 /
b010100 0
b00000000000000000000000001000001 4
b0100 J
b00000000000000000000000000000001 K
b00000000000000000000000101010100 M
b0100 N
0P
b0100 R
#26545000
1P
b00000011 V
#26550000
0$
0%
1&
0'
b00000000000000000000100111010001 /
b001000 0
b00000000000000000000000000000010 K
0P
#26555000
1P
b00000010 V
#26560000
1$
0&
1'
b00000000000000000000100111010010 /
b010001 0
b00000000000000000000000000000011 K
0P
#26565000
1P
b00000001 V
#26570000
0$
1&
0'
1(
b00000000000000000000100111010011 /
b101000 0
b00000000000000000000000000000100 K
0P
#26575000
b0111 E
1P
b00000000 V
1W
#26580000
1$
b00000000000000000000100111010100 /
b101001 0
b00000000000000000000000000000101 K
0P
#26585000
1@
0A
0C
1P
b0111 T
b00000001 V
0W
#26590000
1%
0&
1'
b00000000000000000000100111010101 /
b110100 0
b0111 J
b00000000000000000000000000000001 K
0P
b0111 R
#26595000
b0000 E
1P
b00000000 V
1W
#26600000
0'
b00000000000000000000100111010110 /
b100100 0
b00000000000000000000000000000010 K
0P
#26605000
1?
0@
1P
b0000 T
b00000001 V
0W
#26610000
0%
1&
1'
b00000000000000000000100111010111 /
b111001 0
b0000 J
b00000000000000000000000000000001 K
0P
b0000 R
#26615000
b0101 E
b0100 G
b100 H
1P
b00000000 V
1W
#26620000
0$
0'
0(
b00000000000000000000100111011000 /
b001000 0
b0100 E
b00000000000000000000000000000010 K
0P
#26625000
0?
1A
1C
1P
b0100 T
b00000100 V
0W
#26630000
1'
b00000000000000000000100111011001 /
b011000 0
b00000000000000000000000001000010 4
b0100 J
b00000000000000000000000000000001 K
b00000000000000000000000101010101 M
0P
b0100 R
#26635000
1P
b00000011 V
#26640000
0&
0'
1(
b00000000000000000000100111011010 /
b100000 0
b00000000000000000000000000000010 K
0P
#26645000
1P
b00000010 V
#26650000
1$
1%
1'
0(
0)
b00000000000000000000100111011011 /
b010100 0
0C
b00000000000000000000000000000011 K
0P
#26655000
1P
b00000001 V
#26660000
1&
1(
b00000000000000000000100111011100 /
b111100 0
b00000000000000000000000000000100 K
0P
#26665000
b0111 E
1P
b00000000 V
1W
#26670000
0%
0'
0(
b00000000000000000000100111011101 /
b001001 0
b00000000000000000000000000000101 K
0P
#26675000
1@
0A
1P
b0111 T
b00000001 V
0W
#26680000
0$
1%
1'
1(
b00000000000000000000100111011110 /
b111010 0
b0111 J
b00000000000000000000000000000001 K
0P
b0111 R
#26685000
b0000 E
1P
b00000000 V
1W
#26690000
0&
0(
b00000000000000000000100111011111 /
b010010 0
b00000000000000000000000000000010 K
0P
#26695000
1?
0@
1P
b0000 T
b00000001 V
0W
#26700000
b00000000000000000000100111100000 /
b0000 J
b00000000000000000000000000000001 K
0P
b0000 R
#26705000
b0101 E
1P
b00000000 V
1W
#26710000
b00000000000000000000100111100001 /
b00000000000000000000000000000010 K
0P
#26715000
07
1:
1P
b0101 T
b101 U
b00000011 V
0W
#26720000
1$
1&
0'
b00000000000000000000100111100010 /
b001100 0
b00000000000000000000000001001100 5
b0101 J
b00000000000000000000000000000001 K
b00000000000000000000000101010110 M
b0101 N
0P
b0101 R
#26725000
1P
b00000010 V
#26730000
0$
0&
1(
b00000000000000000000100111100011 /
b100010 0
b00000000000000000000000000000010 K
0P
#26735000
1P
b00000001 V
#26740000
b00000000000000000000100111100100 /
b00000000000000000000000000000011 K
0P
#26745000
b0111 E
1P
b00000000 V
1W
#26750000
0%
1'
b00000000000000000000100111100101 /
b110000 0
b00000000000000000000000000000100 K
0P
#26755000
18
0:
1P
b0111 T
b00000001 V
0W
#26760000
1$
1%
b00000000000000000000100111100110 /
b110100 0
b0111 J
b00000000000000000000000000000001 K
0P
b0111 R
#26765000
b0000 E
1P
b00000000 V
1W
#26770000
0%
0(
b00000000000000000000100111100111 /
b010001 0
b00000000000000000000000000000010 K
0P
#26775000
17
08
1P
b0000 T
b00000001 V
0W
#26780000
0$
1%
1(
b00000000000000000000100111101000 /
b110010 0
b0000 J
b00000000000000000000000000000001 K
0P
b0000 R
#26785000
b0110 E
b0101 G
b101 H
1P
b00000000 V
1W
#26790000
1$
0%
0'
0(
b00000000000000000000100111101001 /
b000001 0
b0001 E
b00000000000000000000000000000010 K
0P
#26795000
07
19
1P
b0001 T
b001 U
b00000010 V
0W
#26800000
0$
1%
1'
b00000000000000000000100111101010 /
b010010 0
b00000000000000000000000000100010 1
b0001 J
b00000000000000000000000000000001 K
b00000000000000000000000101010111 M
b0001 N
0P
b0001 R
#26805000
1P
b00000001 V
#26810000
1&
0'
1(
b00000000000000000000100111101011 /
b101010 0
b00000000000000000000000000000010 K
0P
#26815000
b0111 E
1P
b00000000 V
1W
#26820000
0%
1'
0(
b00000000000000000000100111101100 /
b011000 0
b00000000000000000000000000000011 K
0P
#26825000
18
09
1P
b0111 T
b00000001 V
0W
#26830000
1$
0&
0'
1(
b00000000000000000000100111101101 /
b100001 0
b0111 J
b00000000000000000000000000000001 K
0P
b0111 R
#26835000
b0000 E
1P
b00000000 V
1W
#26840000
1'
0(
b00000000000000000000100111101110 /
b010001 0
b00000000000000000000000000000010 K
0P
#26845000
17
08
1P
b0000 T
b00000001 V
0W
#26850000
0$
0'
b00000000000000000000100111101111 /
b000000 0
b0000 J
b00000000000000000000000000000001 K
0P
b0000 R
#26855000
b0010 E
b0001 G
b001 H
0I
1P
b00000000 V
1W
#26860000
1$
1(
b00000000000000000000100111110000 /
b100001 0
b0110 E
1I
b00000000000000000000000000000010 K
0P
#26865000
0;
1>
1P
b0110 T
b110 U
b00000011 V
0W
#26870000
0$
1%
1&
b00000000000000000000100111110001 /
b101010 0
b00000000000000000000000001001000 6
b0110 J
b00000000000000000000000000000001 K
b00000000000000000000000101011000 M
b0110 N
0P
b0110 R
#26875000
1P
b00000010 V
#26880000
0%
1'
0(
b00000000000000000000100111110010 /
b011000 0
b00000000000000000000000000000010 K
0P
#26885000
1P
b00000001 V
#26890000
1$
0&
b00000000000000000000100111110011 /
b010001 0
b00000000000000000000000000000011 K
0P
#26895000
b0111 E
1P
b00000000 V
1W
#26900000
0$
1%
0'
b00000000000000000000100111110100 /
b000010 0
b00000000000000000000000000000100 K
0P
#26905000
1<
0>
1P
b0111 T
b00000001 V
0W
#26910000
0%
1'
b00000000000000000000100111110101 /
b010000 0
b0111 J
b00000000000000000000000000000001 K
0P
b0111 R
#26915000
b0000 E
1P
b00000000 V
1W
#26920000
1$
1&
0'
b00000000000000000000100111110110 /
b001001 0
b00000000000000000000000000000010 K
0P
#26925000
1;
0<
1P
b0000 T
b00000001 V
0W
#26930000
0$
1(
b00000000000000000000100111110111 /
b101000 0
b0000 J
b00000000000000000000000000000001 K
0P
b0000 R
#26935000
b0100 E
b0110 G
b110 H
1P
b00000000 V
1W
#26940000
1$
1'
0(
b00000000000000000000100111111000 /
b011001 0
b0001 E
b00000000000000000000000000000010 K
0P
#26945000
07
19
1P
b0001 T
b001 U
b00000010 V
0W
#26950000
1%
0'
b00000000000000000000100111111001 /
b001100 0
b00000000000000000000000000100011 1
b0001 J
b00000000000000000000000000000001 K
b00000000000000000000000101011001 M
b0001 N
0P
b0001 R
#26955000
1P
b00000001 V
#26960000
0$
0&
1(
b00000000000000000000100111111010 /
b100010 0
b00000000000000000000000000000010 K
0P
#26965000
b0111 E
1P
b00000000 V
1W
#26970000
1$
1'
b00000000000000000000100111111011 /
b110100 0
b00000000000000000000000000000011 K
0P
#26975000
18
09
1P
b0111 T
b00000001 V
0W
#26980000
0%
b00000000000000000000100111111100 /
b110001 0
b0111 J
b00000000000000000000000000000001 K
0P
b0111 R
#26985000
b0000 E
1P
b00000000 V
1W
#26990000
0$
0(
b00000000000000000000100111111101 /
b010000 0
b00000000000000000000000000000010 K
0P
#26995000
17
08
1P
b0000 T
b00000001 V
0W
#27000000
1%
1&
b00000000000000000000100111111110 /
b011010 0
b0000 J
b00000000000000000000000000000001 K
0P
b0000 R
#27005000
b0010 E
b0001 G
b001 H
1P
b00000000 V
1W
#27010000
0&
1(
b00000000000000000000100111111111 /
b110010 0
b00000000000000000000000000000010 K
0P
#27015000
0;
1=
1P
b0010 T
b010 U
b00000010 V
0W
#27020000
1&
b00000000000000000000101000000000 /
b111010 0
b00000000000000000000000000101101 2
b0010 J
b00000000000000000000000000000001 K
b00000000000000000000000101011010 M
b0010 N
0P
b0010 R
#27025000
1P
b00000001 V
#27030000
0&
0'
0(
b00000000000000000000101000000001 /
b000010 0
b00000000000000000000000000000010 K
0P
#27035000
b0111 E
1P
b00000000 V
1W
#27040000
1'
1(
b00000000000000000000101000000010 /
b110010 0
b00000000000000000000000000000011 K
0P
#27045000
1<
0=
1P
b0111 T
b00000001 V
0W
#27050000
1$
0'
0(
b00000000000000000000101000000011 /
b000100 0
b0111 J
b00000000000000000000000000000001 K
0P
b0111 R
#27055000
b0000 E
1P
b00000000 V
1W
#27060000
1&
1'
1(
b00000000000000000000101000000100 /
b111100 0
b00000000000000000000000000000010 K
0P
#27065000
1;
0<
1P
b0000 T
b00000001 V
0W
#27070000
0&
b00000000000000000000101000000101 /
b110100 0
b0000 J
b00000000000000000000000000000001 K
0P
b0000 R
#27075000
b0011 E
b0010 G
b010 H
1P
b00000000 V
1W
#27080000
1&
0(
b00000000000000000000101000000110 /
b011100 0
b00000000000000000000000000000010 K
0P
#27085000
07
19
0;
1=
1P
b0011 T
b011 U
b00000010 V
0W
#27090000
0$
0&
0'
1(
b00000000000000000000101000000111 /
b100010 0
b00000000000000000000000000110101 3
b0011 J
b00000000000000000000000000000001 K
b00000000000000000000000101011011 M
b0011 N
0P
b0011 R
#27095000
1P
b00000001 V
#27100000
1$
b00000000000000000000101000001000 /
b100100 0
b00000000000000000000000000000010 K
0P
#27105000
b0111 E
1P
b00000000 V
1W
#27110000
0$
0(
b00000000000000000000101000001001 /
b000010 0
b00000000000000000000000000000011 K
0P
#27115000
18
09
1<
0=
1P
b0111 T
b00000001 V
0W
#27120000
1$
1&
1'
1(
b00000000000000000000101000001010 /
b111100 0
b0111 J
b00000000000000000000000000000001 K
0P
b0111 R
#27125000
b0000 E
1P
b00000000 V
1W
#27130000
0%
0&
0(
b00000000000000000000101000001011 /
b010001 0
b00000000000000000000000000000010 K
0P
#27135000
17
08
1;
0<
1P
b0000 T
b00000001 V
0W
#27140000
1%
b00000000000000000000101000001100 /
b010100 0
b0000 J
b00000000000000000000000000000001 K
0P
b0000 R
#27145000
b0101 E
b0011 G
b011 H
1P
b00000000 V
1W
#27150000
b00000000000000000000101000001101 /
b00000000000000000000000000000010 K
0P
#27155000
07
1:
1P
b0101 T
b101 U
b00000011 V
0W
#27160000
b00000000000000000000101000001110 /
b00000000000000000000000001001101 5
b0101 J
b00000000000000000000000000000001 K
b00000000000000000000000101011100 M
b0101 N
0P
b0101 R
#27165000
1P
b00000010 V
#27170000
0$
0%
0'
b00000000000000000000101000001111 /
b000000 0
b00000000000000000000000000000010 K
0P
#27175000
1P
b00000001 V
#27180000
1&
1(
b00000000000000000000101000010000 /
b101000 0
b00000000000000000000000000000011 K
0P
#27185000
b0111 E
1P
b00000000 V
1W
#27190000
1%
b00000000000000000000101000010001 /
b101010 0
b00000000000000000000000000000100 K
0P
#27195000
18
0:
1P
b0111 T
b00000001 V
0W
#27200000
0%
1'
b00000000000000000000101000010010 /
b111000 0
b0111 J
b00000000000000000000000000000001 K
0P
b0111 R
#27205000
b0000 E
1P
b00000000 V
1W
#27210000
1$
0'
0(
b00000000000000000000101000010011 /
b001001 0
b00000000000000000000000000000010 K
0P
#27215000
17
08
1P
b0000 T
b00000001 V
0W
#27220000
1'
1(
b00000000000000000000101000010100 /
b111001 0
b0000 J
b00000000000000000000000000000001 K
0P
b0000 R
#27225000
b0110 E
b0101 G
b101 H
1P
b00000000 V
1W
#27230000
0$
1%
0(
b00000000000000000000101000010101 /
b011010 0
b0010 E
b00000000000000000000000000000010 K
0P
#27235000
0;
1=
1P
b0010 T
b010 U
b00000010 V
0W
#27240000
1$
b00000000000000000000101000010110 /
b011100 0
b00000000000000000000000000101110 2
b0010 J
b00000000000000000000000000000001 K
b00000000000000000000000101011101 M
b0010 N
0P
b0010 R
#27245000
1P
b00000001 V
#27250000
0$
0%
0'
b00000000000000000000101000010111 /
b001000 0
b00000000000000000000000000000010 K
0P
#27255000
b0111 E
1P
b00000000 V
1W
#27260000
1$
1%
0&
1'
1(
b00000000000000000000101000011000 /
b110100 0
b00000000000000000000000000000011 K
0P
#27265000
1<
0=
1P
b0111 T
b00000001 V
0W
#27270000
b00000000000000000000101000011001 /
b0111 J
b00000000000000000000000000000001 K
0P
b0111 R
#27275000
b0000 E
1P
b00000000 V
1W
#27280000
0$
1&
0'
b00000000000000000000101000011010 /
b101010 0
b00000000000000000000000000000010 K
0P
#27285000
1;
0<
1P
b0000 T
b00000001 V
0W
#27290000
1$
1'
0(
b00000000000000000000101000011011 /
b011100 0
b0000 J
b00000000000000000000000000000001 K
0P
b0000 R
#27295000
b0011 E
b0010 G
b010 H
1P
b00000000 V
1W
#27300000
0$
0%
0'
b00000000000000000000101000011100 /
b001000 0
b0100 E
b00000000000000000000000000000010 K
0P
#27305000
0?
1A
1P
b0100 T
b100 U
b00000100 V
0W
#27310000
1%
b00000000000000000000101000011101 /
b001010 0
b00000000000000000000000001000011 4
b0100 J
b00000000000000000000000000000001 K
b00000000000000000000000101011110 M
b0100 N
0P
b0100 R
#27315000
1P
b00000011 V
#27320000
1$
0%
1(
b00000000000000000000101000011110 /
b101001 0
b00000000000000000000000000000010 K
0P
#27325000
1P
b00000010 V
#27330000
1%
0(
b00000000000000000000101000011111 /
b001100 0
b00000000000000000000000000000011 K
0P
#27335000
1P
b00000001 V
#27340000
0%
0&
1(
b00000000000000000000101000100000 /
b100001 0
b00000000000000000000000000000100 K
0P
#27345000
b0111 E
1P
b00000000 V
1W
#27350000
0$
1%
1&
1'
b00000000000000000000101000100001 /
b111010 0
b00000000000000000000000000000101 K
0P
#27355000
1@
0A
1P
b0111 T
b00000001 V
0W
#27360000
1$
0%
0'
b00000000000000000000101000100010 /
b101001 0
b0111 J
b00000000000000000000000000000001 K
0P
b0111 R
#27365000
b0000 E
1P
b00000000 V
1W
#27370000
b00000000000000000000101000100011 /
b00000000000000000000000000000010 K
0P
#27375000
1?
0@
1P
b0000 T
b00000001 V
0W
#27380000
0$
1'
0(
b00000000000000000000101000100100 /
b011000 0
b0000 J
b00000000000000000000000000000001 K
0P
b0000 R
#27385000
b0101 E
b0100 G
b100 H
1P
b00000000 V
1W
#27390000
1(
b00000000000000000000101000100101 /
b111000 0
b00000000000000000000000000000010 K
0P
#27395000
07
1:
1P
b0101 T
b101 U
b00000011 V
0W
#27400000
1$
0'
0(
b00000000000000000000101000100110 /
b001001 0
b00000000000000000000000001001110 5
b0101 J
b00000000000000000000000000000001 K
b00000000000000000000000101011111 M
b0101 N
0P
b0101 R
#27405000
1P
b00000010 V
#27410000
0$
1%
b00000000000000000000101000100111 /
b001010 0
b00000000000000000000000000000010 K
0P
#27415000
1P
b00000001 V
#27420000
0%
1(
b00000000000000000000101000101000 /
b101000 0
b00000000000000000000000000000011 K
0P
#27425000
b0111 E
1P
b00000000 V
1W
#27430000
1$
1%
1'
0(
b00000000000000000000101000101001 /
b011100 0
b00000000000000000000000000000100 K
0P
#27435000
18
0:
1P
b0111 T
b00000001 V
0W
#27440000
0$
1(
b00000000000000000000101000101010 /
b111010 0
b0111 J
b00000000000000000000000000000001 K
0P
b0111 R
#27445000
b0000 E
1P
b00000000 V
1W
#27450000
0%
0&
0'
b00000000000000000000101000101011 /
b100000 0
b00000000000000000000000000000010 K
0P
#27455000
17
08
1P
b0000 T
b00000001 V
0W
#27460000
0(
b00000000000000000000101000101100 /
b000000 0
b0000 J
b00000000000000000000000000000001 K
0P
b0000 R
#27465000
b0110 E
b0101 G
b101 H
0I
1P
b00000000 V
1W
#27470000
1$
1&
1'
1(
b00000000000000000000101000101101 /
b111001 0
1I
b00000000000000000000000000000010 K
0P
#27475000
0;
1>
1P
b0110 T
b110 U
b00000011 V
0W
#27480000
1%
0(
b00000000000000000000101000101110 /
b011100 0
b00000000000000000000000001001001 6
b0110 J
b00000000000000000000000000000001 K
b00000000000000000000000101100000 M
b0110 N
0P
b0110 R
#27485000
1P
b00000010 V
#27490000
0%
0'
b00000000000000000000101000101111 /
b001001 0
b00000000000000000000000000000010 K
0P
#27495000
1P
b00000001 V
#27500000
0$
1%
1(
b00000000000000000000101000110000 /
b101010 0
b00000000000000000000000000000011 K
0P
#27505000
b0111 E
1P
b00000000 V
1W
#27510000
1$
0&
0(
b00000000000000000000101000110001 /
b000100 0
b00000000000000000000000000000100 K
0P
#27515000
1<
0>
1P
b0111 T
b00000001 V
0W
#27520000
0$
1&
1'
b00000000000000000000101000110010 /
b011010 0
b0111 J
b00000000000000000000000000000001 K
0P
b0111 R
#27525000
b0000 E
1P
b00000000 V
1W
#27530000
0'
b00000000000000000000101000110011 /
b001010 0
b00000000000000000000000000000010 K
0P
#27535000
1;
0<
1P
b0000 T
b00000001 V
0W
#27540000
1$
0%
0&
1'
1(
b00000000000000000000101000110100 /
b110001 0
b0000 J
b00000000000000000000000000000001 K
0P
b0000 R
#27545000
b0001 E
b0110 G
b110 H
1P
b00000000 V
1W
#27550000
0$
1%
1&
0'
b00000000000000000000101000110101 /
b101010 0
b0010 E
b00000000000000000000000000000010 K
0P
#27555000
0;
1=
1P
b0010 T
b010 U
b00000010 V
0W
#27560000
1$
0%
0(
b00000000000000000000101000110110 /
b001001 0
b00000000000000000000000000101111 2
b0010 J
b00000000000000000000000000000001 K
b00000000000000000000000101100001 M
b0010 N
0P
b0010 R
#27565000
1P
b00000001 V
#27570000
0&
b00000000000000000000101000110111 /
b000001 0
b00000000000000000000000000000010 K
0P
#27575000
b0111 E
1P
b00000000 V
1W
#27580000
1'
1(
b00000000000000000000101000111000 /
b110001 0
b00000000000000000000000000000011 K
0P
#27585000
1<
0=
1P
b0111 T
b00000001 V
0W
#27590000
0$
1%
1&
0'
0(
b00000000000000000000101000111001 /
b001010 0
b0111 J
b00000000000000000000000000000001 K
0P
b0111 R
#27595000
b0000 E
1P
b00000000 V
1W
#27600000
1$
0%
0&
1(
b00000000000000000000101000111010 /
b100001 0
b00000000000000000000000000000010 K
0P
#27605000
1;
0<
1P
b0000 T
b00000001 V
0W
#27610000
1'
0(
b00000000000000000000101000111011 /
b010001 0
b0000 J
b00000000000000000000000000000001 K
0P
b0000 R
#27615000
b0101 E
b0010 G
b010 H
1P
b00000000 V
1W
#27620000
0$
1%
0'
1)
b00000000000000000000101000111100 /
b000010 0
b0010 E
b00000000000000000000000000000010 K
0P
#27625000
0;
1=
1P
b0010 T
b00000010 V
0W
#27630000
1$
1'
1(
b00000000000000000000101000111101 /
b110100 0
b00000000000000000000000000110000 2
b0010 J
b00000000000000000000000000000001 K
b00000000000000000000000101100010 M
0P
b0010 R
#27635000
1P
b00000001 V
#27640000
1&
b00000000000000000000101000111110 /
b111100 0
b00000000000000000000000000000010 K
0P
#27645000
b0111 E
1P
b00000000 V
1W
#27650000
0%
0'
b00000000000000000000101000111111 /
b101001 0
b00000000000000000000000000000011 K
0P
#27655000
1<
0=
1P
b0111 T
b00000001 V
0W
#27660000
0$
1%
b00000000000000000000101001000000 /
b101010 0
b0111 J
b00000000000000000000000000000001 K
0P
b0111 R
#27665000
b0000 E
1P
b00000000 V
1W
#27670000
1$
1'
b00000000000000000000101001000001 /
b111100 0
b00000000000000000000000000000010 K
0P
#27675000
1;
0<
1P
b0000 T
b00000001 V
0W
#27680000
0$
0%
b00000000000000000000101001000010 /
b111000 0
b0000 J
b00000000000000000000000000000001 K
0P
b0000 R
#27685000
b0100 E
1P
b00000000 V
1W
#27690000
1$
1%
0&
0(
b00000000000000000000101001000011 /
b010100 0
b0011 E
b00000000000000000000000000000010 K
0P
#27695000
07
19
0;
1=
1P
b0011 T
b011 U
b00000010 V
0W
#27700000
0$
0%
b00000000000000000000101001000100 /
b010000 0
b00000000000000000000000000110110 3
b0011 J
b00000000000000000000000000000001 K
b00000000000000000000000101100011 M
b0011 N
0P
b0011 R
#27705000
1P
b00000001 V
#27710000
1%
1&
0'
1(
b00000000000000000000101001000101 /
b101010 0
b00000000000000000000000000000010 K
0P
#27715000
b0111 E
1P
b00000000 V
1W
#27720000
0%
1'
b00000000000000000000101001000110 /
b111000 0
b00000000000000000000000000000011 K
0P
#27725000
18
09
1<
0=
1P
b0111 T
b00000001 V
0W
#27730000
1$
1%
0'
0(
b00000000000000000000101001000111 /
b001100 0
b0111 J
b00000000000000000000000000000001 K
0P
b0111 R
#27735000
b0000 E
1P
b00000000 V
1W
#27740000
1'
b00000000000000000000101001001000 /
b011100 0
b00000000000000000000000000000010 K
0P
#27745000
17
08
1;
0<
1P
b0000 T
b00000001 V
0W
#27750000
1(
b00000000000000000000101001001001 /
b111100 0
b0000 J
b00000000000000000000000000000001 K
0P
b0000 R
#27755000
b0100 E
b0011 G
b011 H
1P
b00000000 V
1W
#27760000
0$
b00000000000000000000101001001010 /
b111010 0
b00000000000000000000000000000010 K
0P
#27765000
0?
1A
1C
1P
b0100 T
b100 U
b00000100 V
0W
#27770000
0&
0(
b00000000000000000000101001001011 /
b010010 0
b00000000000000000000000001000100 4
b0100 J
b00000000000000000000000000000001 K
b00000000000000000000000101100100 M
b0100 N
0P
b0100 R
#27775000
1P
b00000011 V
#27780000
1$
1&
b00000000000000000000101001001100 /
b011100 0
b00000000000000000000000000000010 K
0P
#27785000
1P
b00000010 V
#27790000
0$
0'
b00000000000000000000101001001101 /
b001010 0
b00000000000000000000000000000011 K
0P
#27795000
1P
b00000001 V
#27800000
1$
0&
1'
1(
b00000000000000000000101001001110 /
b110100 0
b00000000000000000000000000000100 K
0P
#27805000
b0111 E
1P
b00000000 V
1W
#27810000
0'
0(
b00000000000000000000101001001111 /
b000100 0
b00000000000000000000000000000101 K
0P
#27815000
1@
0A
0C
1P
b0111 T
b00000001 V
0W
#27820000
0%
1'
b00000000000000000000101001010000 /
b010001 0
b0111 J
b00000000000000000000000000000001 K
0P
b0111 R
#27825000
b0000 E
1P
b00000000 V
1W
#27830000
0$
1&
0'
b00000000000000000000101001010001 /
b001000 0
b00000000000000000000000000000010 K
0P
#27835000
1?
0@
1P
b0000 T
b00000001 V
0W
#27840000
1$
0&
1'
b00000000000000000000101001010010 /
b010001 0
b0000 J
b00000000000000000000000000000001 K
0P
b0000 R
#27845000
b0101 E
b0100 G
b100 H
1P
b00000000 V
1W
#27850000
0$
1%
1&
0'
b00000000000000000000101001010011 /
b001010 0
b0010 E
b00000000000000000000000000000010 K
0P
#27855000
0;
1=
1P
b0010 T
b010 U
b00000010 V
0W
#27860000
1$
0&
1(
b00000000000000000000101001010100 /
b100100 0
b00000000000000000000000000110001 2
b0010 J
b00000000000000000000000000000001 K
b00000000000000000000000101100101 M
b0010 N
0P
b0010 R
#27865000
1P
b00000001 V
#27870000
0%
1'
0(
b00000000000000000000101001010101 /
b010001 0
b00000000000000000000000000000010 K
0P
#27875000
b0111 E
1P
b00000000 V
1W
#27880000
0$
1%
1&
0'
1(
b00000000000000000000101001010110 /
b101010 0
b00000000000000000000000000000011 K
0P
#27885000
1<
0=
1P
b0111 T
b00000001 V
0W
#27890000
0%
1'
0(
b00000000000000000000101001010111 /
b011000 0
b0111 J
b00000000000000000000000000000001 K
0P
b0111 R
#27895000
b0000 E
1P
b00000000 V
1W
#27900000
1(
b00000000000000000000101001011000 /
b111000 0
b00000000000000000000000000000010 K
0P
#27905000
1;
0<
1P
b0000 T
b00000001 V
0W
#27910000
1%
0'
b00000000000000000000101001011001 /
b101010 0
b0000 J
b00000000000000000000000000000001 K
0P
b0000 R
#27915000
b0100 E
b0010 G
b010 H
1P
b00000000 V
1W
#27920000
0%
0(
b00000000000000000000101001011010 /
b001000 0
b00000000000000000000000000000010 K
0P
#27925000
0?
1A
1C
1P
b0100 T
b100 U
b00000100 V
0W
#27930000
1$
1'
b00000000000000000000101001011011 /
b011001 0
b00000000000000000000000001000101 4
b0100 J
b00000000000000000000000000000001 K
b00000000000000000000000101100110 M
b0100 N
0P
b0100 R
#27935000
1P
b00000011 V
#27940000
0$
1%
0'
1(
b00000000000000000000101001011100 /
b101010 0
b00000000000000000000000000000010 K
0P
#27945000
1P
b00000010 V
#27950000
1$
0(
b00000000000000000000101001011101 /
b001100 0
b00000000000000000000000000000011 K
0P
#27955000
1P
b00000001 V
#27960000
0$
0%
1'
b00000000000000000000101001011110 /
b011000 0
b00000000000000000000000000000100 K
0P
#27965000
b0111 E
1P
b00000000 V
1W
#27970000
b00000000000000000000101001011111 /
b00000000000000000000000000000101 K
0P
#27975000
1@
0A
0C
1P
b0111 T
b00000001 V
0W
#27980000
1$
1%
0&
b00000000000000000000101001100000 /
b010100 0
b0111 J
b00000000000000000000000000000001 K
0P
b0111 R
#27985000
b0000 E
1P
b00000000 V
1W
#27990000
0$
0%
b00000000000000000000101001100001 /
b010000 0
b00000000000000000000000000000010 K
0P
#27995000
1?
0@
1P
b0000 T
b00000001 V
0W
#28000000
1$
1&
0'
1(
b00000000000000000000101001100010 /
b101001 0
b0000 J
b00000000000000000000000000000001 K
0P
b0000 R
#28005000
b0110 E
b0100 G
b100 H
1P
b00000000 V
1W
#28010000
0$
b00000000000000000000101001100011 /
b101000 0
b00000000000000000000000000000010 K
0P
#28015000
0;
1>
1B
1P
b0110 T
b110 U
b00000011 V
0W
#28020000
1%
0(
b00000000000000000000101001100100 /
b001010 0
b00000000000000000000000001001010 6
b0110 J
b00000000000000000000000000000001 K
b00000000000000000000000101100111 M
b0110 N
0P
b0110 R
#28025000
1P
b00000010 V
#28030000
1(
b00000000000000000000101001100101 /
b101010 0
b00000000000000000000000000000010 K
0P
#28035000
1P
b00000001 V
#28040000
1$
0(
b00000000000000000000101001100110 /
b001100 0
b00000000000000000000000000000011 K
0P
#28045000
b0111 E
1P
b00000000 V
1W
#28050000
0%
1(
b00000000000000000000101001100111 /
b101001 0
b00000000000000000000000000000100 K
0P
#28055000
1<
0>
0B
1P
b0111 T
b00000001 V
0W
#28060000
0$
1%
0(
b00000000000000000000101001101000 /
b001010 0
b0111 J
b00000000000000000000000000000001 K
0P
b0111 R
#28065000
b0000 E
1P
b00000000 V
1W
#28070000
0&
1'
b00000000000000000000101001101001 /
b010010 0
b00000000000000000000000000000010 K
0P
#28075000
1;
0<
1P
b0000 T
b00000001 V
0W
#28080000
0%
1(
b00000000000000000000101001101010 /
b110000 0
b0000 J
b00000000000000000000000000000001 K
0P
b0000 R
#28085000
b0101 E
b0110 G
b110 H
1P
b00000000 V
1W
#28090000
1%
1&
b00000000000000000000101001101011 /
b111010 0
b0010 E
b00000000000000000000000000000010 K
0P
#28095000
0;
1=
1P
b0010 T
b010 U
b00000010 V
0W
#28100000
1$
0%
0'
0(
b00000000000000000000101001101100 /
b001001 0
b00000000000000000000000000110010 2
b0010 J
b00000000000000000000000000000001 K
b00000000000000000000000101101000 M
b0010 N
0P
b0010 R
#28105000
1P
b00000001 V
#28110000
1%
0&
1'
b00000000000000000000101001101101 /
b010100 0
b00000000000000000000000000000010 K
0P
#28115000
b0111 E
1P
b00000000 V
1W
#28120000
0%
1&
1(
b00000000000000000000101001101110 /
b111001 0
b00000000000000000000000000000011 K
0P
#28125000
1<
0=
1P
b0111 T
b00000001 V
0W
#28130000
0$
1%
0&
0'
0(
b00000000000000000000101001101111 /
b000010 0
b0111 J
b00000000000000000000000000000001 K
0P
b0111 R
#28135000
b0000 E
1P
b00000000 V
1W
#28140000
1'
b00000000000000000000101001110000 /
b010010 0
b00000000000000000000000000000010 K
0P
#28145000
1;
0<
1P
b0000 T
b00000001 V
0W
#28150000
0'
1(
b00000000000000000000101001110001 /
b100010 0
b0000 J
b00000000000000000000000000000001 K
0P
b0000 R
#28155000
b0110 E
b0010 G
b010 H
1P
b00000000 V
1W
#28160000
0%
1&
b00000000000000000000101001110010 /
b101000 0
b0100 E
b00000000000000000000000000000010 K
0P
#28165000
0?
1A
1C
1P
b0100 T
b100 U
b00000100 V
0W
#28170000
1$
1%
b00000000000000000000101001110011 /
b101100 0
b00000000000000000000000001000110 4
b0100 J
b00000000000000000000000000000001 K
b00000000000000000000000101101001 M
b0100 N
0P
b0100 R
#28175000
1P
b00000011 V
#28180000
0$
0%
0&
1'
b00000000000000000000101001110100 /
b110000 0
b00000000000000000000000000000010 K
0P
#28185000
1P
b00000010 V
#28190000
0'
b00000000000000000000101001110101 /
b100000 0
b00000000000000000000000000000011 K
0P
#28195000
1P
b00000001 V
#28200000
1$
b00000000000000000000101001110110 /
b100001 0
b00000000000000000000000000000100 K
0P
#28205000
b0111 E
1P
b00000000 V
1W
#28210000
1&
1'
0(
b00000000000000000000101001110111 /
b011001 0
b00000000000000000000000000000101 K
0P
#28215000
1@
0A
0C
1P
b0111 T
b00000001 V
0W
#28220000
0$
0'
b00000000000000000000101001111000 /
b001000 0
b0111 J
b00000000000000000000000000000001 K
0P
b0111 R
#28225000
b0000 E
1P
b00000000 V
1W
#28230000
0&
1'
1(
b00000000000000000000101001111001 /
b110000 0
b00000000000000000000000000000010 K
0P
#28235000
1?
0@
1P
b0000 T
b00000001 V
0W
#28240000
1&
0'
b00000000000000000000101001111010 /
b101000 0
b0000 J
b00000000000000000000000000000001 K
0P
b0000 R
#28245000
b0110 E
b0100 G
b100 H
1P
b00000000 V
1W
#28250000
1%
0&
b00000000000000000000101001111011 /
b100010 0
b00000000000000000000000000000010 K
0P
#28255000
0;
1>
1B
1P
b0110 T
b110 U
b00000011 V
0W
#28260000
1&
b00000000000000000000101001111100 /
b101010 0
b00000000000000000000000001001011 6
b0110 J
b00000000000000000000000000000001 K
b00000000000000000000000101101010 M
b0110 N
0P
b0110 R
#28265000
1P
b00000010 V
#28270000
1$
0%
0&
1'
b00000000000000000000101001111101 /
b110001 0
b00000000000000000000000000000010 K
0P
#28275000
1P
b00000001 V
#28280000
1%
b00000000000000000000101001111110 /
b110100 0
b00000000000000000000000000000011 K
0P
#28285000
b0111 E
1P
b00000000 V
1W
#28290000
1&
0'
b00000000000000000000101001111111 /
b101100 0
b00000000000000000000000000000100 K
0P
#28295000
1<
0>
0B
1P
b0111 T
b00000001 V
0W
#28300000
0$
1'
b00000000000000000000101010000000 /
b111010 0
b0111 J
b00000000000000000000000000000001 K
0P
b0111 R
#28305000
b0000 E
1P
b00000000 V
1W
#28310000
0&
0'
b00000000000000000000101010000001 /
b100010 0
b00000000000000000000000000000010 K
0P
#28315000
1;
0<
1P
b0000 T
b00000001 V
0W
#28320000
0%
1&
1'
b00000000000000000000101010000010 /
b111000 0
b0000 J
b00000000000000000000000000000001 K
0P
b0000 R
#28325000
b0100 E
b0110 G
b110 H
1P
b00000000 V
1W
#28330000
0'
0(
b00000000000000000000101010000011 /
b001000 0
b00000000000000000000000000000010 K
0P
#28335000
0?
1A
1C
1P
b0100 T
b100 U
b00000100 V
0W
#28340000
1$
1%
1'
1(
b00000000000000000000101010000100 /
b111100 0
b00000000000000000000000001000111 4
b0100 J
b00000000000000000000000000000001 K
b00000000000000000000000101101011 M
b0100 N
0P
b0100 R
#28345000
1P
b00000011 V
#28350000
0&
0(
b00000000000000000000101010000101 /
b010100 0
b00000000000000000000000000000010 K
0P
#28355000
1P
b00000010 V
#28360000
1&
0'
b00000000000000000000101010000110 /
b001100 0
b00000000000000000000000000000011 K
0P
#28365000
1P
b00000001 V
#28370000
0$
0&
1'
1(
b00000000000000000000101010000111 /
b110010 0
b00000000000000000000000000000100 K
0P
#28375000
b0111 E
1P
b00000000 V
1W
#28380000
0%
1&
0'
0(
b00000000000000000000101010001000 /
b001000 0
b00000000000000000000000000000101 K
0P
#28385000
1@
0A
0C
1P
b0111 T
b00000001 V
0W
#28390000
1$
0&
1'
b00000000000000000000101010001001 /
b010001 0
b0111 J
b00000000000000000000000000000001 K
0P
b0111 R
#28395000
b0000 E
1P
b00000000 V
1W
#28400000
0$
1(
b00000000000000000000101010001010 /
b110000 0
b00000000000000000000000000000010 K
0P
#28405000
1?
0@
1P
b0000 T
b00000001 V
0W
#28410000
1$
1&
0'
0(
b00000000000000000000101010001011 /
b001001 0
b0000 J
b00000000000000000000000000000001 K
0P
b0000 R
#28415000
b0001 E
b0100 G
b100 H
1P
b00000000 V
1W
#28420000
0&
b00000000000000000000101010001100 /
b000001 0
b00000000000000000000000000000010 K
0P
#28425000
07
19
1P
b0001 T
b001 U
b00000010 V
0W
#28430000
1%
1'
1(
b00000000000000000000101010001101 /
b110100 0
b00000000000000000000000000100100 1
b0001 J
b00000000000000000000000000000001 K
b00000000000000000000000101101100 M
b0001 N
0P
b0001 R
#28435000
1P
b00000001 V
#28440000
0%
1&
b00000000000000000000101010001110 /
b111001 0
b00000000000000000000000000000010 K
0P
#28445000
b0111 E
1P
b00000000 V
1W
#28450000
0$
1%
0&
0'
b00000000000000000000101010001111 /
b100010 0
b00000000000000000000000000000011 K
0P
#28455000
18
09
1P
b0111 T
b00000001 V
0W
#28460000
1$
1&
b00000000000000000000101010010000 /
b101100 0
b0111 J
b00000000000000000000000000000001 K
0P
b0111 R
#28465000
b0000 E
1P
b00000000 V
1W
#28470000
1'
b00000000000000000000101010010001 /
b111100 0
b00000000000000000000000000000010 K
0P
#28475000
17
08
1P
b0000 T
b00000001 V
0W
#28480000
0%
0(
b00000000000000000000101010010010 /
b011001 0
b0000 J
b00000000000000000000000000000001 K
0P
b0000 R
#28485000
b0100 E
b0001 G
b001 H
1P
b00000000 V
1W
#28490000
0$
0&
0'
b00000000000000000000101010010011 /
b000000 0
b0010 E
0I
b00000000000000000000000000000010 K
0P
#28495000
0;
1=
1P
b0010 T
b010 U
b00000010 V
0W
#28500000
1$
1%
1&
1'
b00000000000000000000101010010100 /
b011100 0
b00000000000000000000000000110011 2
b0010 J
b00000000000000000000000000000001 K
b00000000000000000000000101101101 M
b0010 N
0P
b0010 R
#28505000
1P
b00000001 V
#28510000
0&
0'
1(
b00000000000000000000101010010101 /
b100100 0
b00000000000000000000000000000010 K
0P
#28515000
b0111 E
1P
b00000000 V
1W
#28520000
0%
b00000000000000000000101010010110 /
b100001 0
b00000000000000000000000000000011 K
0P
#28525000
1<
0=
1P
b0111 T
b00000001 V
0W
#28530000
1%
b00000000000000000000101010010111 /
b100100 0
b0111 J
b00000000000000000000000000000001 K
0P
b0111 R
#28535000
b0000 E
1P
b00000000 V
1W
#28540000
1&
1'
b00000000000000000000101010011000 /
b111100 0
b00000000000000000000000000000010 K
0P
#28545000
1;
0<
1P
b0000 T
b00000001 V
0W
#28550000
0$
0%
0&
0'
b00000000000000000000101010011001 /
b100000 0
b0000 J
b00000000000000000000000000000001 K
0P
b0000 R
#28555000
b0110 E
b0010 G
b010 H
1I
1P
b00000000 V
1W
#28560000
1$
1%
1'
b00000000000000000000101010011010 /
b110100 0
b0011 E
b00000000000000000000000000000010 K
0P
#28565000
07
19
0;
1=
1P
b0011 T
b011 U
b00000010 V
0W
#28570000
0$
0'
0(
b00000000000000000000101010011011 /
b000010 0
b00000000000000000000000000110111 3
b0011 J
b00000000000000000000000000000001 K
b00000000000000000000000101101110 M
b0011 N
0P
b0011 R
#28575000
1P
b00000001 V
#28580000
1$
1'
1(
b00000000000000000000101010011100 /
b110100 0
b00000000000000000000000000000010 K
0P
#28585000
b0111 E
1P
b00000000 V
1W
#28590000
0%
1&
0'
b00000000000000000000101010011101 /
b101001 0
b00000000000000000000000000000011 K
0P
#28595000
18
09
1<
0=
1P
b0111 T
b00000001 V
0W
#28600000
0$
0&
1'
b00000000000000000000101010011110 /
b110000 0
b0111 J
b00000000000000000000000000000001 K
0P
b0111 R
#28605000
b0000 E
1P
b00000000 V
1W
#28610000
1$
1%
1&
b00000000000000000000101010011111 /
b111100 0
b00000000000000000000000000000010 K
0P
#28615000
17
08
1;
0<
1P
b0000 T
b00000001 V
0W
#28620000
0'
0(
b00000000000000000000101010100000 /
b001100 0
b0000 J
b00000000000000000000000000000001 K
0P
b0000 R
#28625000
b0100 E
b0011 G
b011 H
1P
b00000000 V
1W
#28630000
0$
1(
b00000000000000000000101010100001 /
b101010 0
b00000000000000000000000000000010 K
0P
#28635000
0?
1A
1C
1P
b0100 T
b100 U
b00000100 V
0W
#28640000
0%
1'
b00000000000000000000101010100010 /
b111000 0
b00000000000000000000000001001000 4
b0100 J
b00000000000000000000000000000001 K
b00000000000000000000000101101111 M
b0100 N
0P
b0100 R
#28645000
1P
b00000011 V
#28650000
1$
0&
0(
b00000000000000000000101010100011 /
b010001 0
b00000000000000000000000000000010 K
0P
#28655000
1P
b00000010 V
#28660000
1%
0'
b00000000000000000000101010100100 /
b000100 0
b00000000000000000000000000000011 K
0P
#28665000
1P
b00000001 V
#28670000
1&
1(
b00000000000000000000101010100101 /
b101100 0
b00000000000000000000000000000100 K
0P
#28675000
b0111 E
1P
b00000000 V
1W
#28680000
0$
b00000000000000000000101010100110 /
b101010 0
b00000000000000000000000000000101 K
0P
#28685000
1@
0A
0C
1P
b0111 T
b00000001 V
0W
#28690000
1$
b00000000000000000000101010100111 /
b101100 0
b0111 J
b00000000000000000000000000000001 K
0P
b0111 R
#28695000
b0000 E
1P
b00000000 V
1W
#28700000
0$
0%
0&
1'
0(
b00000000000000000000101010101000 /
b010000 0
b00000000000000000000000000000010 K
0P
#28705000
1?
0@
1P
b0000 T
b00000001 V
0W
#28710000
1&
1(
b00000000000000000000101010101001 /
b111000 0
b0000 J
b00000000000000000000000000000001 K
0P
b0000 R
#28715000
b0101 E
b0100 G
b100 H
1P
b00000000 V
1W
#28720000
0&
0(
b00000000000000000000101010101010 /
b010000 0
b00000000000000000000000000000010 K
0P
#28725000
07
1:
1P
b0101 T
b101 U
b00000011 V
0W
#28730000
1$
1(
b00000000000000000000101010101011 /
b110001 0
b00000000000000000000000001001111 5
b0101 J
b00000000000000000000000000000001 K
b00000000000000000000000101110000 M
b0101 N
0P
b0101 R
#28735000
1P
b00000010 V
#28740000
0$
1%
b00000000000000000000101010101100 /
b110010 0
b00000000000000000000000000000010 K
0P
#28745000
1P
b00000001 V
#28750000
1$
1&
0'
0(
b00000000000000000000101010101101 /
b001100 0
b00000000000000000000000000000011 K
0P
#28755000
b0111 E
1P
b00000000 V
1W
#28760000
0$
0%
0&
1'
1(
b00000000000000000000101010101110 /
b110000 0
b00000000000000000000000000000100 K
0P
#28765000
18
0:
1P
b0111 T
b00000001 V
0W
#28770000
1%
b00000000000000000000101010101111 /
b110010 0
b0111 J
b00000000000000000000000000000001 K
0P
b0111 R
#28775000
b0000 E
1P
b00000000 V
1W
#28780000
1$
0'
0(
b00000000000000000000101010110000 /
b000100 0
b00000000000000000000000000000010 K
0P
#28785000
17
08
1P
b0000 T
b00000001 V
0W
#28790000
0$
1(
b00000000000000000000101010110001 /
b100010 0
b0000 J
b00000000000000000000000000000001 K
0P
b0000 R
#28795000
b0110 E
b0101 G
b101 H
1P
b00000000 V
1W
#28800000
0%
1&
0(
b00000000000000000000101010110010 /
b001000 0
b0100 E
b00000000000000000000000000000010 K
0P
#28805000
0?
1A
1C
1P
b0100 T
b100 U
b00000100 V
0W
#28810000
1%
1(
b00000000000000000000101010110011 /
b101010 0
b00000000000000000000000001001001 4
b0100 J
b00000000000000000000000000000001 K
b00000000000000000000000101110001 M
b0100 N
0P
b0100 R
#28815000
1P
b00000011 V
#28820000
1$
0%
0&
0(
b00000000000000000000101010110100 /
b000001 0
b00000000000000000000000000000010 K
0P
#28825000
1P
b00000010 V
#28830000
0$
1(
b00000000000000000000101010110101 /
b100000 0
b00000000000000000000000000000011 K
0P
#28835000
1P
b00000001 V
#28840000
1$
1%
1&
1'
0(
b00000000000000000000101010110110 /
b011100 0
b00000000000000000000000000000100 K
0P
#28845000
b0111 E
1P
b00000000 V
1W
#28850000
0%
1(
b00000000000000000000101010110111 /
b111001 0
b00000000000000000000000000000101 K
0P
#28855000
1@
0A
0C
1P
b0111 T
b00000001 V
0W
#28860000
1%
0&
b00000000000000000000101010111000 /
b110100 0
b0111 J
b00000000000000000000000000000001 K
0P
b0111 R
#28865000
b0000 E
1P
b00000000 V
1W
#28870000
0%
b00000000000000000000101010111001 /
b110001 0
b00000000000000000000000000000010 K
0P
#28875000
1?
0@
1P
b0000 T
b00000001 V
0W
#28880000
0$
1%
1&
0'
0(
b00000000000000000000101010111010 /
b001010 0
b0000 J
b00000000000000000000000000000001 K
0P
b0000 R
#28885000
b0010 E
b0100 G
b100 H
1P
b00000000 V
1W
#28890000
1$
0%
0&
b00000000000000000000101010111011 /
b000001 0
b0001 E
b00000000000000000000000000000010 K
0P
#28895000
07
19
1P
b0001 T
b001 U
b00000010 V
0W
#28900000
1%
1'
b00000000000000000000101010111100 /
b010100 0
b00000000000000000000000000100101 1
b0001 J
b00000000000000000000000000000001 K
b00000000000000000000000101110010 M
b0001 N
0P
b0001 R
#28905000
1P
b00000001 V
#28910000
b00000000000000000000101010111101 /
b00000000000000000000000000000010 K
0P
#28915000
b0111 E
1P
b00000000 V
1W
#28920000
0$
1&
1(
b00000000000000000000101010111110 /
b111010 0
b00000000000000000000000000000011 K
0P
#28925000
18
09
1P
b0111 T
b00000001 V
0W
#28930000
1$
0&
0'
0(
b00000000000000000000101010111111 /
b000100 0
b0111 J
b00000000000000000000000000000001 K
0P
b0111 R
#28935000
b0000 E
1P
b00000000 V
1W
#28940000
0$
1&
b00000000000000000000101011000000 /
b001010 0
b00000000000000000000000000000010 K
0P
#28945000
17
08
1P
b0000 T
b00000001 V
0W
#28950000
1$
0&
b00000000000000000000101011000001 /
b000100 0
b0000 J
b00000000000000000000000000000001 K
0P
b0000 R
#28955000
b0011 E
b0001 G
b001 H
1P
b00000000 V
1W
#28960000
b00000000000000000000101011000010 /
b00000000000000000000000000000010 K
0P
#28965000
07
19
0;
1=
1P
b0011 T
b011 U
b00000010 V
0W
#28970000
0%
1&
1(
b00000000000000000000101011000011 /
b101001 0
b00000000000000000000000000111000 3
b0011 J
b00000000000000000000000000000001 K
b00000000000000000000000101110011 M
b0011 N
0P
b0011 R
#28975000
1P
b00000001 V
#28980000
0$
0&
b00000000000000000000101011000100 /
b100000 0
b00000000000000000000000000000010 K
0P
#28985000
b0111 E
1P
b00000000 V
1W
#28990000
1%
b00000000000000000000101011000101 /
b100010 0
b00000000000000000000000000000011 K
0P
#28995000
18
09
1<
0=
1P
b0111 T
b00000001 V
0W
#29000000
0%
1'
0(
b00000000000000000000101011000110 /
b010000 0
b0111 J
b00000000000000000000000000000001 K
0P
b0111 R
#29005000
b0000 E
1P
b00000000 V
1W
#29010000
1&
b00000000000000000000101011000111 /
b011000 0
b00000000000000000000000000000010 K
0P
#29015000
17
08
1;
0<
1P
b0000 T
b00000001 V
0W
#29020000
1%
0&
1(
b00000000000000000000101011001000 /
b110010 0
b0000 J
b00000000000000000000000000000001 K
0P
b0000 R
#29025000
b0101 E
b0011 G
b011 H
1P
b00000000 V
1W
#29030000
1$
0%
b00000000000000000000101011001001 /
b110001 0
b00000000000000000000000000000010 K
0P
#29035000
07
1:
1P
b0101 T
b101 U
b00000011 V
0W
#29040000
0(
b00000000000000000000101011001010 /
b010001 0
b00000000000000000000000001010000 5
b0101 J
b00000000000000000000000000000001 K
b00000000000000000000000101110100 M
b0101 N
0P
b0101 R
#29045000
1P
b00000010 V
#29050000
0$
1%
1&
0'
1(
b00000000000000000000101011001011 /
b101010 0
b00000000000000000000000000000010 K
0P
#29055000
1P
b00000001 V
#29060000
1$
0%
0&
1'
b00000000000000000000101011001100 /
b110001 0
b00000000000000000000000000000011 K
0P
#29065000
b0111 E
1P
b00000000 V
1W
#29070000
0(
b00000000000000000000101011001101 /
b010001 0
b00000000000000000000000000000100 K
0P
#29075000
18
0:
1P
b0111 T
b00000001 V
0W
#29080000
1(
b00000000000000000000101011001110 /
b110001 0
b0111 J
b00000000000000000000000000000001 K
0P
b0111 R
#29085000
b0000 E
1P
b00000000 V
1W
#29090000
0$
1%
0'
0(
b00000000000000000000101011001111 /
b000010 0
b00000000000000000000000000000010 K
0P
#29095000
17
08
1P
b0000 T
b00000001 V
0W
#29100000
0%
1'
b00000000000000000000101011010000 /
b010000 0
b0000 J
b00000000000000000000000000000001 K
0P
b0000 R
#29105000
b0101 E
b0101 G
b101 H
1P
b00000000 V
1W
#29110000
1%
0'
b00000000000000000000101011010001 /
b000010 0
b0010 E
b00000000000000000000000000000010 K
0P
#29115000
0;
1=
1P
b0010 T
b010 U
b00000010 V
0W
#29120000
0%
b00000000000000000000101011010010 /
b000000 0
b00000000000000000000000000110100 2
b0010 J
b00000000000000000000000000000001 K
b00000000000000000000000101110101 M
b0010 N
0P
b0010 R
#29125000
1P
b00000001 V
#29130000
1$
1'
1(
b00000000000000000000101011010011 /
b110001 0
b00000000000000000000000000000010 K
0P
#29135000
b0111 E
1P
b00000000 V
1W
#29140000
1%
0'
b00000000000000000000101011010100 /
b100100 0
b00000000000000000000000000000011 K
0P
#29145000
1<
0=
1P
b0111 T
b00000001 V
0W
#29150000
0(
b00000000000000000000101011010101 /
b000100 0
b0111 J
b00000000000000000000000000000001 K
0P
b0111 R
#29155000
b0000 E
1P
b00000000 V
1W
#29160000
0$
1(
b00000000000000000000101011010110 /
b100010 0
b00000000000000000000000000000010 K
0P
#29165000
1;
0<
1P
b0000 T
b00000001 V
0W
#29170000
1&
1'
b00000000000000000000101011010111 /
b111010 0
b0000 J
b00000000000000000000000000000001 K
0P
b0000 R
#29175000
b0100 E
b0010 G
b010 H
1P
b00000000 V
1W
#29180000
0%
0&
0'
0(
b00000000000000000000101011011000 /
b000000 0
b0011 E
0I
b00000000000000000000000000000010 K
0P
#29185000
07
19
0;
1=
1P
b0011 T
b011 U
b00000010 V
0W
#29190000
1&
1'
b00000000000000000000101011011001 /
b011000 0
b00000000000000000000000000111001 3
b0011 J
b00000000000000000000000000000001 K
b00000000000000000000000101110110 M
b0011 N
0P
b0011 R
#29195000
1P
b00000001 V
#29200000
1$
0&
1(
b00000000000000000000101011011010 /
b110001 0
b00000000000000000000000000000010 K
0P
#29205000
b0111 E
1P
b00000000 V
1W
#29210000
1&
0(
b00000000000000000000101011011011 /
b011001 0
b00000000000000000000000000000011 K
0P
#29215000
18
09
1<
0=
1P
b0111 T
b00000001 V
0W
#29220000
1%
0&
1(
b00000000000000000000101011011100 /
b110100 0
b0111 J
b00000000000000000000000000000001 K
0P
b0111 R
#29225000
b0000 E
1P
b00000000 V
1W
#29230000
0$
0(
b00000000000000000000101011011101 /
b010010 0
b00000000000000000000000000000010 K
0P
#29235000
17
08
1;
0<
1P
b0000 T
b00000001 V
0W
#29240000
1$
0%
1&
0'
b00000000000000000000101011011110 /
b001001 0
b0000 J
b00000000000000000000000000000001 K
0P
b0000 R
#29245000
b0100 E
b0011 G
b011 H
1I
1P
b00000000 V
1W
#29250000
0$
1%
1(
b00000000000000000000101011011111 /
b101010 0
b00000000000000000000000000000010 K
0P
#29255000
0?
1A
1C
1P
b0100 T
b100 U
b00000100 V
0W
#29260000
1$
b00000000000000000000101011100000 /
b101100 0
b00000000000000000000000001001010 4
b0100 J
b00000000000000000000000000000001 K
b00000000000000000000000101110111 M
b0100 N
0P
b0100 R
#29265000
1P
b00000011 V
#29270000
0$
1'
0(
b00000000000000000000101011100001 /
b011010 0
b00000000000000000000000000000010 K
0P
#29275000
1P
b00000010 V
#29280000
1$
0'
1(
b00000000000000000000101011100010 /
b101100 0
b00000000000000000000000000000011 K
0P
#29285000
1P
b00000001 V
#29290000
0$
0&
0(
b00000000000000000000101011100011 /
b000010 0
b00000000000000000000000000000100 K
0P
#29295000
b0111 E
1P
b00000000 V
1W
#29300000
1'
b00000000000000000000101011100100 /
b010010 0
b00000000000000000000000000000101 K
0P
#29305000
1@
0A
0C
1P
b0111 T
b00000001 V
0W
#29310000
0%
0'
b00000000000000000000101011100101 /
b000000 0
b0111 J
b00000000000000000000000000000001 K
0P
b0111 R
#29315000
b0000 E
1P
b00000000 V
1W
#29320000
1$
1(
b00000000000000000000101011100110 /
b100001 0
b00000000000000000000000000000010 K
0P
#29325000
1?
0@
1P
b0000 T
b00000001 V
0W
#29330000
0$
b00000000000000000000101011100111 /
b100000 0
b0000 J
b00000000000000000000000000000001 K
0P
b0000 R
#29335000
b0110 E
b0100 G
b100 H
1P
b00000000 V
1W
#29340000
1$
1&
0(
b00000000000000000000101011101000 /
b001001 0
b0001 E
b00000000000000000000000000000010 K
0P
#29345000
07
19
1P
b0001 T
b001 U
b00000010 V
0W
#29350000
1%
b00000000000000000000101011101001 /
b001100 0
b00000000000000000000000000100110 1
b0001 J
b00000000000000000000000000000001 K
b00000000000000000000000101111000 M
b0001 N
0P
b0001 R
#29355000
1P
b00000001 V
#29360000
0$
0%
0&
1(
b00000000000000000000101011101010 /
b100000 0
b00000000000000000000000000000010 K
0P
#29365000
b0111 E
1P
b00000000 V
1W
#29370000
1&
1'
b00000000000000000000101011101011 /
b111000 0
b00000000000000000000000000000011 K
0P
#29375000
18
09
1P
b0111 T
b00000001 V
0W
#29380000
1$
0&
0'
0(
b00000000000000000000101011101100 /
b000001 0
b0111 J
b00000000000000000000000000000001 K
0P
b0111 R
#29385000
b0000 E
1P
b00000000 V
1W
#29390000
0$
1%
1'
b00000000000000000000101011101101 /
b010010 0
b00000000000000000000000000000010 K
0P
#29395000
17
08
1P
b0000 T
b00000001 V
0W
#29400000
1$
0%
1&
b00000000000000000000101011101110 /
b011001 0
b0000 J
b00000000000000000000000000000001 K
0P
b0000 R
#29405000
b0100 E
b0001 G
b001 H
1P
b00000000 V
1W
#29410000
1%
0&
0'
b00000000000000000000101011101111 /
b000100 0
b0011 E
b00000000000000000000000000000010 K
0P
#29415000
07
19
0;
1=
1P
b0011 T
b011 U
b00000010 V
0W
#29420000
1'
1(
b00000000000000000000101011110000 /
b110100 0
b00000000000000000000000000111010 3
b0011 J
b00000000000000000000000000000001 K
b00000000000000000000000101111001 M
b0011 N
0P
b0011 R
#29425000
1P
b00000001 V
#29430000
0%
0'
b00000000000000000000101011110001 /
b100001 0
b00000000000000000000000000000010 K
0P
#29435000
b0111 E
1P
b00000000 V
1W
#29440000
0(
b00000000000000000000101011110010 /
b000001 0
b00000000000000000000000000000011 K
0P
#29445000
18
09
1<
0=
1P
b0111 T
b00000001 V
0W
#29450000
1(
b00000000000000000000101011110011 /
b100001 0
b0111 J
b00000000000000000000000000000001 K
0P
b0111 R
#29455000
b0000 E
1P
b00000000 V
1W
#29460000
0(
b00000000000000000000101011110100 /
b000001 0
b00000000000000000000000000000010 K
0P
#29465000
17
08
1;
0<
1P
b0000 T
b00000001 V
0W
#29470000
0$
1%
1'
1(
b00000000000000000000101011110101 /
b110010 0
b0000 J
b00000000000000000000000000000001 K
0P
b0000 R
#29475000
b0101 E
b0011 G
b011 H
1P
b00000000 V
1W
#29480000
0%
0'
b00000000000000000000101011110110 /
b100000 0
b0110 E
b00000000000000000000000000000010 K
0P
#29485000
0;
1>
1B
1P
b0110 T
b110 U
b00000011 V
0W
#29490000
1$
1%
1'
b00000000000000000000101011110111 /
b110100 0
b00000000000000000000000001001100 6
b0110 J
b00000000000000000000000000000001 K
b00000000000000000000000101111010 M
b0110 N
0P
b0110 R
#29495000
1P
b00000010 V
#29500000
0$
1&
b00000000000000000000101011111000 /
b111010 0
b00000000000000000000000000000010 K
0P
#29505000
1P
b00000001 V
#29510000
0%
0'
0(
b00000000000000000000101011111001 /
b001000 0
b00000000000000000000000000000011 K
0P
#29515000
b0111 E
1P
b00000000 V
1W
#29520000
1$
1'
b00000000000000000000101011111010 /
b011001 0
b00000000000000000000000000000100 K
0P
#29525000
1<
0>
0B
1P
b0111 T
b00000001 V
0W
#29530000
0&
1(
b00000000000000000000101011111011 /
b110001 0
b0111 J
b00000000000000000000000000000001 K
0P
b0111 R
#29535000
b0000 E
1P
b00000000 V
1W
#29540000
0$
1%
1&
0'
0(
b00000000000000000000101011111100 /
b001010 0
b00000000000000000000000000000010 K
0P
#29545000
1;
0<
1P
b0000 T
b00000001 V
0W
#29550000
1$
0&
1'
1(
b00000000000000000000101011111101 /
b110100 0
b0000 J
b00000000000000000000000000000001 K
0P
b0000 R
#29555000
b0011 E
b0110 G
b110 H
1P
b00000000 V
1W
#29560000
0%
1&
0'
0(
0)
b00000000000000000000101011111110 /
b001001 0
b0001 E
b00000000000000000000000000000010 K
0P
#29565000
07
19
1P
b0001 T
b001 U
b00000010 V
0W
#29570000
1'
b00000000000000000000101011111111 /
b011001 0
b00000000000000000000000000100111 1
b0001 J
b00000000000000000000000000000001 K
b00000000000000000000000101111011 M
b0001 N
0P
b0001 R
#29575000
1P
b00000001 V
#29580000
0$
1%
0'
1(
b00000000000000000000101100000000 /
b101010 0
b00000000000000000000000000000010 K
0P
#29585000
b0111 E
1P
b00000000 V
1W
#29590000
0%
0&
1'
0(
b00000000000000000000101100000001 /
b010000 0
b00000000000000000000000000000011 K
0P
#29595000
18
09
1P
b0111 T
b00000001 V
0W
#29600000
1%
1&
b00000000000000000000101100000010 /
b011010 0
b0111 J
b00000000000000000000000000000001 K
0P
b0111 R
#29605000
b0000 E
1P
b00000000 V
1W
#29610000
1$
0%
0'
1(
b00000000000000000000101100000011 /
b101001 0
b00000000000000000000000000000010 K
0P
#29615000
17
08
1P
b0000 T
b00000001 V
0W
#29620000
0$
0(
b00000000000000000000101100000100 /
b001000 0
b0000 J
b00000000000000000000000000000001 K
0P
b0000 R
#29625000
b0100 E
b0001 G
b001 H
1P
b00000000 V
1W
#29630000
1$
0&
1(
b00000000000000000000101100000101 /
b100001 0
b0110 E
b00000000000000000000000000000010 K
0P
#29635000
0;
1>
1P
b0110 T
b110 U
b00000011 V
0W
#29640000
0$
1&
1'
b00000000000000000000101100000110 /
b111000 0
b00000000000000000000000001001101 6
b0110 J
b00000000000000000000000000000001 K
b00000000000000000000000101111100 M
b0110 N
0P
b0110 R
#29645000
1P
b00000010 V
#29650000
1$
1%
0&
0(
b00000000000000000000101100000111 /
b010100 0
b00000000000000000000000000000010 K
0P
#29655000
1P
b00000001 V
#29660000
0%
0'
b00000000000000000000101100001000 /
b000001 0
b00000000000000000000000000000011 K
0P
#29665000
b0111 E
1P
b00000000 V
1W
#29670000
1&
1(
b00000000000000000000101100001001 /
b101001 0
b00000000000000000000000000000100 K
0P
#29675000
1<
0>
1P
b0111 T
b00000001 V
0W
#29680000
1%
0&
1'
b00000000000000000000101100001010 /
b110100 0
b0111 J
b00000000000000000000000000000001 K
0P
b0111 R
#29685000
b0000 E
1P
b00000000 V
1W
#29690000
0%
0'
b00000000000000000000101100001011 /
b100001 0
b00000000000000000000000000000010 K
0P
#29695000
1;
0<
1P
b0000 T
b00000001 V
0W
#29700000
1%
1'
b00000000000000000000101100001100 /
b110100 0
b0000 J
b00000000000000000000000000000001 K
0P
b0000 R
#29705000
b0011 E
b0110 G
b110 H
1P
b00000000 V
1W
#29710000
0$
0%
0(
b00000000000000000000101100001101 /
b010000 0
b0101 E
b00000000000000000000000000000010 K
0P
#29715000
07
1:
1P
b0101 T
b101 U
b00000011 V
0W
#29720000
0'
b00000000000000000000101100001110 /
b000000 0
b00000000000000000000000001010001 5
b0101 J
b00000000000000000000000000000001 K
b00000000000000000000000101111101 M
b0101 N
0P
b0101 R
#29725000
1P
b00000010 V
#29730000
1%
1(
b00000000000000000000101100001111 /
b100010 0
b00000000000000000000000000000010 K
0P
#29735000
1P
b00000001 V
#29740000
0%
1'
0(
b00000000000000000000101100010000 /
b010000 0
b00000000000000000000000000000011 K
0P
#29745000
b0111 E
1P
b00000000 V
1W
#29750000
1&
0'
1(
b00000000000000000000101100010001 /
b101000 0
b00000000000000000000000000000100 K
0P
#29755000
18
0:
1P
b0111 T
b00000001 V
0W
#29760000
1$
0(
b00000000000000000000101100010010 /
b001001 0
b0111 J
b00000000000000000000000000000001 K
0P
b0111 R
#29765000
b0000 E
1P
b00000000 V
1W
#29770000
1(
b00000000000000000000101100010011 /
b101001 0
b00000000000000000000000000000010 K
0P
#29775000
17
08
1P
b0000 T
b00000001 V
0W
#29780000
0$
1'
0(
b00000000000000000000101100010100 /
b011000 0
b0000 J
b00000000000000000000000000000001 K
0P
b0000 R
#29785000
b0100 E
b0101 G
b101 H
1P
b00000000 V
1W
#29790000
1%
0&
0'
1(
b00000000000000000000101100010101 /
b100010 0
b0110 E
b00000000000000000000000000000010 K
0P
#29795000
0;
1>
1P
b0110 T
b110 U
b00000011 V
0W
#29800000
1$
0%
1'
0(
b00000000000000000000101100010110 /
b010001 0
b00000000000000000000000001001110 6
b0110 J
b00000000000000000000000000000001 K
b00000000000000000000000101111110 M
b0110 N
0P
b0110 R
#29805000
1P
b00000010 V
#29810000
0$
b00000000000000000000101100010111 /
b010000 0
b00000000000000000000000000000010 K
0P
#29815000
1P
b00000001 V
#29820000
1$
1&
0'
1(
b00000000000000000000101100011000 /
b101001 0
b00000000000000000000000000000011 K
0P
#29825000
b0111 E
1P
b00000000 V
1W
#29830000
1'
0(
b00000000000000000000101100011001 /
b011001 0
b00000000000000000000000000000100 K
0P
#29835000
1<
0>
1P
b0111 T
b00000001 V
0W
#29840000
b00000000000000000000101100011010 /
b0111 J
b00000000000000000000000000000001 K
0P
b0111 R
#29845000
b0000 E
1P
b00000000 V
1W
#29850000
0$
0&
0'
1(
b00000000000000000000101100011011 /
b100000 0
b00000000000000000000000000000010 K
0P
#29855000
1;
0<
1P
b0000 T
b00000001 V
0W
#29860000
1%
1&
1'
b00000000000000000000101100011100 /
b111010 0
b0000 J
b00000000000000000000000000000001 K
0P
b0000 R
#29865000
b0010 E
b0110 G
b110 H
1P
b00000000 V
1W
#29870000
0%
0&
0'
b00000000000000000000101100011101 /
b100000 0
b0110 E
b00000000000000000000000000000010 K
0P
#29875000
0;
1>
1P
b0110 T
b00000011 V
0W
#29880000
1$
1&
1'
b00000000000000000000101100011110 /
b111001 0
b00000000000000000000000001001111 6
b0110 J
b00000000000000000000000000000001 K
b00000000000000000000000101111111 M
0P
b0110 R
#29885000
1P
b00000010 V
#29890000
1%
0&
0'
b00000000000000000000101100011111 /
b100100 0
b00000000000000000000000000000010 K
0P
#29895000
1P
b00000001 V
#29900000
0%
0(
b00000000000000000000101100100000 /
b000001 0
b00000000000000000000000000000011 K
0P
#29905000
b0111 E
1P
b00000000 V
1W
#29910000
0$
1'
1(
b00000000000000000000101100100001 /
b110000 0
b00000000000000000000000000000100 K
0P
#29915000
1<
0>
1P
b0111 T
b00000001 V
0W
#29920000
1%
1&
0'
b00000000000000000000101100100010 /
b101010 0
b0111 J
b00000000000000000000000000000001 K
0P
b0111 R
#29925000
b0000 E
1P
b00000000 V
1W
#29930000
1$
0&
1'
b00000000000000000000101100100011 /
b110100 0
b00000000000000000000000000000010 K
0P
#29935000
1;
0<
1P
b0000 T
b00000001 V
0W
#29940000
0'
b00000000000000000000101100100100 /
b100100 0
b0000 J
b00000000000000000000000000000001 K
0P
b0000 R
#29945000
b0011 E
1P
b00000000 V
1W
#29950000
0$
0%
1'
0(
b00000000000000000000101100100101 /
b010000 0
b0101 E
b00000000000000000000000000000010 K
0P
#29955000
07
1:
1P
b0101 T
b101 U
b00000011 V
0W
#29960000
1$
b00000000000000000000101100100110 /
b010001 0
b00000000000000000000000001010010 5
b0101 J
b00000000000000000000000000000001 K
b00000000000000000000000110000000 M
b0101 N
0P
b0101 R
#29965000
1P
b00000010 V
#29970000
1&
0'
b00000000000000000000101100100111 /
b001001 0
b00000000000000000000000000000010 K
0P
#29975000
1P
b00000001 V
#29980000
1'
b00000000000000000000101100101000 /
b011001 0
b00000000000000000000000000000011 K
0P
#29985000
b0111 E
1P
b00000000 V
1W
#29990000
0$
b00000000000000000000101100101001 /
b011000 0
b00000000000000000000000000000100 K
0P
#29995000
18
0:
1P
b0111 T
b00000001 V
0W
#30000000
0'
1(
b00000000000000000000101100101010 /
b101000 0
b0111 J
b00000000000000000000000000000001 K
0P
b0111 R
#30005000
b0000 E
1P
b00000000 V
1W
#30010000
1%
0&
b00000000000000000000101100101011 /
b100010 0
b00000000000000000000000000000010 K
0P
#30015000
17
08
1P
b0000 T
b00000001 V
0W
#30020000
0%
1&
0(
b00000000000000000000101100101100 /
b001000 0
b0000 J
b00000000000000000000000000000001 K
0P
b0000 R
#30025000
b0100 E
b0101 G
b101 H
1P
b00000000 V
1W
#30030000
1$
1%
1'
b00000000000000000000101100101101 /
b011100 0
b0011 E
b00000000000000000000000000000010 K
0P
#30035000
07
19
0;
1=
1P
b0011 T
b011 U
b00000010 V
0W
#30040000
0$
0'
b00000000000000000000101100101110 /
b001010 0
b00000000000000000000000000111011 3
b0011 J
b00000000000000000000000000000001 K
b00000000000000000000000110000001 M
b0011 N
0P
b0011 R
#30045000
1P
b00000001 V
#30050000
0&
1'
1(
b00000000000000000000101100101111 /
b110010 0
b00000000000000000000000000000010 K
0P
#30055000
b0111 E
1P
b00000000 V
1W
#30060000
0%
1&
0'
0(
b00000000000000000000101100110000 /
b001000 0
b00000000000000000000000000000011 K
0P
#30065000
18
09
1<
0=
1P
b0111 T
b00000001 V
0W
#30070000
1'
b00000000000000000000101100110001 /
b011000 0
b0111 J
b00000000000000000000000000000001 K
0P
b0111 R
#30075000
b0000 E
1P
b00000000 V
1W
#30080000
b00000000000000000000101100110010 /
b00000000000000000000000000000010 K
0P
#30085000
17
08
1;
0<
1P
b0000 T
b00000001 V
0W
#30090000
1$
1%
0&
0'
b00000000000000000000101100110011 /
b000100 0
b0000 J
b00000000000000000000000000000001 K
0P
b0000 R
#30095000
b0011 E
b0011 G
b011 H
1P
b00000000 V
1W
#30100000
0%
1'
b00000000000000000000101100110100 /
b010001 0
b0101 E
b00000000000000000000000000000010 K
0P
#30105000
07
1:
1P
b0101 T
b101 U
b00000011 V
0W
#30110000
1&
0'
1(
b00000000000000000000101100110101 /
b101001 0
b00000000000000000000000001010011 5
b0101 J
b00000000000000000000000000000001 K
b00000000000000000000000110000010 M
b0101 N
0P
b0101 R
#30115000
1P
b00000010 V
#30120000
0$
0&
1'
b00000000000000000000101100110110 /
b110000 0
b00000000000000000000000000000010 K
0P
#30125000
1P
b00000001 V
#30130000
b00000000000000000000101100110111 /
b00000000000000000000000000000011 K
0P
#30135000
b0111 E
1P
b00000000 V
1W
#30140000
1$
1%
1&
0(
b00000000000000000000101100111000 /
b011100 0
b00000000000000000000000000000100 K
0P
#30145000
18
0:
1P
b0111 T
b00000001 V
0W
#30150000
0%
1(
b00000000000000000000101100111001 /
b111001 0
b0111 J
b00000000000000000000000000000001 K
0P
b0111 R
#30155000
b0000 E
1P
b00000000 V
1W
#30160000
0$
0&
0'
b00000000000000000000101100111010 /
b100000 0
b00000000000000000000000000000010 K
0P
#30165000
17
08
1P
b0000 T
b00000001 V
0W
#30170000
1$
1%
0(
b00000000000000000000101100111011 /
b000100 0
b0000 J
b00000000000000000000000000000001 K
0P
b0000 R
#30175000
b0011 E
b0101 G
b101 H
1P
b00000000 V
1W
#30180000
0$
0%
1&
b00000000000000000000101100111100 /
b001000 0
b0100 E
b00000000000000000000000000000010 K
0P
#30185000
0?
1A
1P
b0100 T
b100 U
b00000100 V
0W
#30190000
1'
b00000000000000000000101100111101 /
b011000 0
b00000000000000000000000001001011 4
b0100 J
b00000000000000000000000000000001 K
b00000000000000000000000110000011 M
b0100 N
0P
b0100 R
#30195000
1P
b00000011 V
#30200000
1$
1%
0'
1(
b00000000000000000000101100111110 /
b101100 0
b00000000000000000000000000000010 K
0P
#30205000
1P
b00000010 V
#30210000
0(
b00000000000000000000101100111111 /
b001100 0
b00000000000000000000000000000011 K
0P
#30215000
1P
b00000001 V
#30220000
1(
b00000000000000000000101101000000 /
b101100 0
b00000000000000000000000000000100 K
0P
#30225000
b0111 E
1P
b00000000 V
1W
#30230000
0$
1'
b00000000000000000000101101000001 /
b111010 0
b00000000000000000000000000000101 K
0P
#30235000
1@
0A
1P
b0111 T
b00000001 V
0W
#30240000
1$
0(
b00000000000000000000101101000010 /
b011100 0
b0111 J
b00000000000000000000000000000001 K
0P
b0111 R
#30245000
b0000 E
1P
b00000000 V
1W
#30250000
0%
b00000000000000000000101101000011 /
b011001 0
b00000000000000000000000000000010 K
0P
#30255000
1?
0@
1P
b0000 T
b00000001 V
0W
#30260000
0$
1%
b00000000000000000000101101000100 /
b011010 0
b0000 J
b00000000000000000000000000000001 K
0P
b0000 R
#30265000
b0101 E
b0100 G
b100 H
1P
b00000000 V
1W
#30270000
1$
0&
1(
b00000000000000000000101101000101 /
b110100 0
b00000000000000000000000000000010 K
0P
#30275000
07
1:
1P
b0101 T
b101 U
b00000011 V
0W
#30280000
0$
0%
0(
b00000000000000000000101101000110 /
b010000 0
b00000000000000000000000001010100 5
b0101 J
b00000000000000000000000000000001 K
b00000000000000000000000110000100 M
b0101 N
0P
b0101 R
#30285000
1P
b00000010 V
#30290000
1$
1(
b00000000000000000000101101000111 /
b110001 0
b00000000000000000000000000000010 K
0P
#30295000
1P
b00000001 V
#30300000
1%
0'
b00000000000000000000101101001000 /
b100100 0
b00000000000000000000000000000011 K
0P
#30305000
b0111 E
1P
b00000000 V
1W
#30310000
0$
0%
1'
0(
b00000000000000000000101101001001 /
b010000 0
b00000000000000000000000000000100 K
0P
#30315000
18
0:
1P
b0111 T
b00000001 V
0W
#30320000
1$
0'
b00000000000000000000101101001010 /
b000001 0
b0111 J
b00000000000000000000000000000001 K
0P
b0111 R
#30325000
b0000 E
1P
b00000000 V
1W
#30330000
0$
1%
1(
b00000000000000000000101101001011 /
b100010 0
b00000000000000000000000000000010 K
0P
#30335000
17
08
1P
b0000 T
b00000001 V
0W
#30340000
1$
0%
1&
1'
b00000000000000000000101101001100 /
b111001 0
b0000 J
b00000000000000000000000000000001 K
0P
b0000 R
#30345000
b0110 E
b0101 G
b101 H
1P
b00000000 V
1W
#30350000
1%
0&
0'
b00000000000000000000101101001101 /
b100100 0
b00000000000000000000000000000010 K
0P
#30355000
0;
1>
1P
b0110 T
b110 U
b00000011 V
0W
#30360000
0%
b00000000000000000000101101001110 /
b100001 0
b00000000000000000000000001010000 6
b0110 J
b00000000000000000000000000000001 K
b00000000000000000000000110000101 M
b0110 N
0P
b0110 R
#30365000
1P
b00000010 V
#30370000
0$
1%
1&
b00000000000000000000101101001111 /
b101010 0
b00000000000000000000000000000010 K
0P
#30375000
1P
b00000001 V
#30380000
1$
0%
0&
1'
0(
b00000000000000000000101101010000 /
b010001 0
b00000000000000000000000000000011 K
0P
#30385000
b0111 E
1P
b00000000 V
1W
#30390000
b00000000000000000000101101010001 /
b00000000000000000000000000000100 K
0P
#30395000
1<
0>
1P
b0111 T
b00000001 V
0W
#30400000
1%
1&
b00000000000000000000101101010010 /
b011100 0
b0111 J
b00000000000000000000000000000001 K
0P
b0111 R
#30405000
b0000 E
1P
b00000000 V
1W
#30410000
0$
0&
0'
1(
b00000000000000000000101101010011 /
b100010 0
b00000000000000000000000000000010 K
0P
#30415000
1;
0<
1P
b0000 T
b00000001 V
0W
#30420000
0%
1'
0(
b00000000000000000000101101010100 /
b010000 0
b0000 J
b00000000000000000000000000000001 K
0P
b0000 R
#30425000
b0101 E
b0110 G
b110 H
1P
b00000000 V
1W
#30430000
1%
1&
0'
1(
b00000000000000000000101101010101 /
b101010 0
b0010 E
b00000000000000000000000000000010 K
0P
#30435000
0;
1=
1P
b0010 T
b010 U
b00000010 V
0W
#30440000
0%
b00000000000000000000101101010110 /
b101000 0
b00000000000000000000000000110101 2
b0010 J
b00000000000000000000000000000001 K
b00000000000000000000000110000110 M
b0010 N
0P
b0010 R
#30445000
1P
b00000001 V
#30450000
1$
b00000000000000000000101101010111 /
b101001 0
b00000000000000000000000000000010 K
0P
#30455000
b0111 E
1P
b00000000 V
1W
#30460000
0$
0(
b00000000000000000000101101011000 /
b001000 0
b00000000000000000000000000000011 K
0P
#30465000
1<
0=
1P
b0111 T
b00000001 V
0W
#30470000
1$
0&
1'
1(
b00000000000000000000101101011001 /
b110001 0
b0111 J
b00000000000000000000000000000001 K
0P
b0111 R
#30475000
b0000 E
1P
b00000000 V
1W
#30480000
0$
b00000000000000000000101101011010 /
b110000 0
b00000000000000000000000000000010 K
0P
#30485000
1;
0<
1P
b0000 T
b00000001 V
0W
#30490000
1$
1&
0(
b00000000000000000000101101011011 /
b011001 0
b0000 J
b00000000000000000000000000000001 K
0P
b0000 R
#30495000
b0100 E
b0010 G
b010 H
1P
b00000000 V
1W
#30500000
1(
b00000000000000000000101101011100 /
b111001 0
b00000000000000000000000000000010 K
0P
#30505000
0?
1A
1P
b0100 T
b100 U
b00000100 V
0W
#30510000
0'
b00000000000000000000101101011101 /
b101001 0
b00000000000000000000000001001100 4
b0100 J
b00000000000000000000000000000001 K
b00000000000000000000000110000111 M
b0100 N
0P
b0100 R
#30515000
1P
b00000011 V
#30520000
1%
0&
1'
0(
b00000000000000000000101101011110 /
b010100 0
b00000000000000000000000000000010 K
0P
#30525000
1P
b00000010 V
#30530000
1&
0'
1(
1)
b00000000000000000000101101011111 /
b101100 0
1C
b00000000000000000000000000000011 K
0P
#30535000
1P
b00000001 V
#30540000
0$
0%
0&
1'
0(
b00000000000000000000101101100000 /
b010000 0
b00000000000000000000000000000100 K
0P
#30545000
b0111 E
1P
b00000000 V
1W
#30550000
1%
1(
b00000000000000000000101101100001 /
b110010 0
b00000000000000000000000000000101 K
0P
#30555000
1@
0A
0C
1P
b0111 T
b00000001 V
0W
#30560000
1$
0'
0(
b00000000000000000000101101100010 /
b000100 0
b0111 J
b00000000000000000000000000000001 K
0P
b0111 R
#30565000
b0000 E
1P
b00000000 V
1W
#30570000
0$
0%
1&
1'
1(
b00000000000000000000101101100011 /
b111000 0
b00000000000000000000000000000010 K
0P
#30575000
1?
0@
1P
b0000 T
b00000001 V
0W
#30580000
1$
0'
0(
b00000000000000000000101101100100 /
b001001 0
b0000 J
b00000000000000000000000000000001 K
0P
b0000 R
#30585000
b0001 E
b0100 G
b100 H
1P
b00000000 V
1W
#30590000
1%
1(
b00000000000000000000101101100101 /
b101100 0
b0110 E
b00000000000000000000000000000010 K
0P
#30595000
0;
1>
1B
1P
b0110 T
b110 U
b00000011 V
0W
#30600000
0%
0&
1'
b00000000000000000000101101100110 /
b110001 0
b00000000000000000000000001010001 6
b0110 J
b00000000000000000000000000000001 K
b00000000000000000000000110001000 M
b0110 N
0P
b0110 R
#30605000
1P
b00000010 V
#30610000
1&
0'
b00000000000000000000101101100111 /
b101001 0
b00000000000000000000000000000010 K
0P
#30615000
1P
b00000001 V
#30620000
0$
1%
1'
0(
b00000000000000000000101101101000 /
b011010 0
b00000000000000000000000000000011 K
0P
#30625000
b0111 E
1P
b00000000 V
1W
#30630000
1$
0'
1(
b00000000000000000000101101101001 /
b101100 0
b00000000000000000000000000000100 K
0P
#30635000
1<
0>
0B
1P
b0111 T
b00000001 V
0W
#30640000
0$
0%
1'
b00000000000000000000101101101010 /
b111000 0
b0111 J
b00000000000000000000000000000001 K
0P
b0111 R
#30645000
b0000 E
1P
b00000000 V
1W
#30650000
1$
0&
b00000000000000000000101101101011 /
b110001 0
b00000000000000000000000000000010 K
0P
#30655000
1;
0<
1P
b0000 T
b00000001 V
0W
#30660000
0$
1%
0'
b00000000000000000000101101101100 /
b100010 0
b0000 J
b00000000000000000000000000000001 K
0P
b0000 R
#30665000
b0010 E
b0110 G
b110 H
1P
b00000000 V
1W
#30670000
1$
0%
1'
b00000000000000000000101101101101 /
b110001 0
b0001 E
b00000000000000000000000000000010 K
0P
#30675000
07
19
1P
b0001 T
b001 U
b00000010 V
0W
#30680000
0$
b00000000000000000000101101101110 /
b110000 0
b00000000000000000000000000101000 1
b0001 J
b00000000000000000000000000000001 K
b00000000000000000000000110001001 M
b0001 N
0P
b0001 R
#30685000
1P
b00000001 V
#30690000
1%
0'
b00000000000000000000101101101111 /
b100010 0
b00000000000000000000000000000010 K
0P
#30695000
b0111 E
1P
b00000000 V
1W
#30700000
1$
0%
b00000000000000000000101101110000 /
b100001 0
b00000000000000000000000000000011 K
0P
#30705000
18
09
1P
b0111 T
b00000001 V
0W
#30710000
0$
1%
0(
b00000000000000000000101101110001 /
b000010 0
b0111 J
b00000000000000000000000000000001 K
0P
b0111 R
#30715000
b0000 E
1P
b00000000 V
1W
#30720000
1$
1(
b00000000000000000000101101110010 /
b100100 0
b00000000000000000000000000000010 K
0P
#30725000
17
08
1P
b0000 T
b00000001 V
0W
#30730000
0$
0%
b00000000000000000000101101110011 /
b100000 0
b0000 J
b00000000000000000000000000000001 K
0P
b0000 R
#30735000
b0110 E
b0001 G
b001 H
1P
b00000000 V
1W
#30740000
1%
1&
0(
b00000000000000000000101101110100 /
b001010 0
b0010 E
b00000000000000000000000000000010 K
0P
#30745000
0;
1=
1P
b0010 T
b010 U
b00000010 V
0W
#30750000
1$
1'
1(
b00000000000000000000101101110101 /
b111100 0
b00000000000000000000000000110110 2
b0010 J
b00000000000000000000000000000001 K
b00000000000000000000000110001010 M
b0010 N
0P
b0010 R
#30755000
1P
b00000001 V
#30760000
0%
0&
0(
b00000000000000000000101101110110 /
b010001 0
b00000000000000000000000000000010 K
0P
#30765000
b0111 E
1P
b00000000 V
1W
#30770000
0$
1&
b00000000000000000000101101110111 /
b011000 0
b00000000000000000000000000000011 K
0P
#30775000
1<
0=
1P
b0111 T
b00000001 V
0W
#30780000
1%
1(
b00000000000000000000101101111000 /
b111010 0
b0111 J
b00000000000000000000000000000001 K
0P
b0111 R
#30785000
b0000 E
1P
b00000000 V
1W
#30790000
1$
0%
0&
b00000000000000000000101101111001 /
b110001 0
b00000000000000000000000000000010 K
0P
#30795000
1;
0<
1P
b0000 T
b00000001 V
0W
#30800000
0$
1%
1&
0'
0(
b00000000000000000000101101111010 /
b001010 0
b0000 J
b00000000000000000000000000000001 K
0P
b0000 R
#30805000
b0100 E
b0010 G
b010 H
1P
b00000000 V
1W
#30810000
1'
b00000000000000000000101101111011 /
b011010 0
b00000000000000000000000000000010 K
0P
#30815000
0?
1A
1C
1P
b0100 T
b100 U
b00000100 V
0W
#30820000
1$
0'
1(
b00000000000000000000101101111100 /
b101100 0
b00000000000000000000000001001101 4
b0100 J
b00000000000000000000000000000001 K
b00000000000000000000000110001011 M
b0100 N
0P
b0100 R
#30825000
1P
b00000011 V
#30830000
0%
0(
b00000000000000000000101101111101 /
b001001 0
b00000000000000000000000000000010 K
0P
#30835000
1P
b00000010 V
#30840000
0$
1'
1(
b00000000000000000000101101111110 /
b111000 0
b00000000000000000000000000000011 K
0P
#30845000
1P
b00000001 V
#30850000
1$
1%
0&
0'
0(
b00000000000000000000101101111111 /
b000100 0
b00000000000000000000000000000100 K
0P
#30855000
b0111 E
1P
b00000000 V
1W
#30860000
0$
1&
1'
1(
b00000000000000000000101110000000 /
b111010 0
b00000000000000000000000000000101 K
0P
#30865000
1@
0A
0C
1P
b0111 T
b00000001 V
0W
#30870000
1$
0%
0&
b00000000000000000000101110000001 /
b110001 0
b0111 J
b00000000000000000000000000000001 K
0P
b0111 R
#30875000
b0000 E
1P
b00000000 V
1W
#30880000
0'
0(
b00000000000000000000101110000010 /
b000001 0
b00000000000000000000000000000010 K
0P
#30885000
1?
0@
1P
b0000 T
b00000001 V
0W
#30890000
1&
1'
b00000000000000000000101110000011 /
b011001 0
b0000 J
b00000000000000000000000000000001 K
0P
b0000 R
#30895000
b0101 E
b0100 G
b100 H
1P
b00000000 V
1W
#30900000
1%
0'
b00000000000000000000101110000100 /
b001100 0
b0011 E
b00000000000000000000000000000010 K
0P
#30905000
07
19
0;
1=
1P
b0011 T
b011 U
b00000010 V
0W
#30910000
0%
1'
1(
b00000000000000000000101110000101 /
b111001 0
b00000000000000000000000000111100 3
b0011 J
b00000000000000000000000000000001 K
b00000000000000000000000110001100 M
b0011 N
0P
b0011 R
#30915000
1P
b00000001 V
#30920000
0$
0&
0(
b00000000000000000000101110000110 /
b010000 0
b00000000000000000000000000000010 K
0P
#30925000
b0111 E
1P
b00000000 V
1W
#30930000
1$
b00000000000000000000101110000111 /
b010001 0
b00000000000000000000000000000011 K
0P
#30935000
18
09
1<
0=
1P
b0111 T
b00000001 V
0W
#30940000
1%
1&
0'
1(
b00000000000000000000101110001000 /
b101100 0
b0111 J
b00000000000000000000000000000001 K
0P
b0111 R
#30945000
b0000 E
1P
b00000000 V
1W
#30950000
0$
0%
0&
b00000000000000000000101110001001 /
b100000 0
b00000000000000000000000000000010 K
0P
#30955000
17
08
1;
0<
1P
b0000 T
b00000001 V
0W
#30960000
1%
1&
1'
0(
b00000000000000000000101110001010 /
b011010 0
b0000 J
b00000000000000000000000000000001 K
0P
b0000 R
#30965000
b0100 E
b0011 G
b011 H
1P
b00000000 V
1W
#30970000
0%
0'
b00000000000000000000101110001011 /
b001000 0
b00000000000000000000000000000010 K
0P
#30975000
0?
1A
1C
1P
b0100 T
b100 U
b00000100 V
0W
#30980000
0&
1'
b00000000000000000000101110001100 /
b010000 0
b00000000000000000000000001001110 4
b0100 J
b00000000000000000000000000000001 K
b00000000000000000000000110001101 M
b0100 N
0P
b0100 R
#30985000
1P
b00000011 V
#30990000
1$
1%
0'
b00000000000000000000101110001101 /
b000100 0
b00000000000000000000000000000010 K
0P
#30995000
1P
b00000010 V
#31000000
0$
0%
1'
b00000000000000000000101110001110 /
b010000 0
b00000000000000000000000000000011 K
0P
#31005000
1P
b00000001 V
#31010000
1$
1&
b00000000000000000000101110001111 /
b011001 0
b00000000000000000000000000000100 K
0P
#31015000
b0111 E
1P
b00000000 V
1W
#31020000
0$
0&
1(
b00000000000000000000101110010000 /
b110000 0
b00000000000000000000000000000101 K
0P
#31025000
1@
0A
0C
1P
b0111 T
b00000001 V
0W
#31030000
1$
0(
b00000000000000000000101110010001 /
b010001 0
b0111 J
b00000000000000000000000000000001 K
0P
b0111 R
#31035000
b0000 E
1P
b00000000 V
1W
#31040000
0$
1%
0'
b00000000000000000000101110010010 /
b000010 0
b00000000000000000000000000000010 K
0P
#31045000
1?
0@
1P
b0000 T
b00000001 V
0W
#31050000
0%
1&
1(
b00000000000000000000101110010011 /
b101000 0
b0000 J
b00000000000000000000000000000001 K
0P
b0000 R
#31055000
b0110 E
b0100 G
b100 H
1P
b00000000 V
1W
#31060000
1$
1%
0&
1'
b00000000000000000000101110010100 /
b110100 0
b0101 E
b00000000000000000000000000000010 K
0P
#31065000
07
1:
1P
b0101 T
b101 U
b00000011 V
0W
#31070000
0$
0%
0'
b00000000000000000000101110010101 /
b100000 0
b00000000000000000000000001010101 5
b0101 J
b00000000000000000000000000000001 K
b00000000000000000000000110001110 M
b0101 N
0P
b0101 R
#31075000
1P
b00000010 V
#31080000
1&
1'
b00000000000000000000101110010110 /
b111000 0
b00000000000000000000000000000010 K
0P
#31085000
1P
b00000001 V
#31090000
1$
1%
0'
b00000000000000000000101110010111 /
b101100 0
b00000000000000000000000000000011 K
0P
#31095000
b0111 E
1P
b00000000 V
1W
#31100000
0$
0&
1'
0(
b00000000000000000000101110011000 /
b010010 0
b00000000000000000000000000000100 K
0P
#31105000
18
0:
1P
b0111 T
b00000001 V
0W
#31110000
1&
0'
b00000000000000000000101110011001 /
b001010 0
b0111 J
b00000000000000000000000000000001 K
0P
b0111 R
#31115000
b0000 E
1P
b00000000 V
1W
#31120000
1$
0&
1(
b00000000000000000000101110011010 /
b100100 0
b00000000000000000000000000000010 K
0P
#31125000
17
08
1P
b0000 T
b00000001 V
0W
#31130000
b00000000000000000000101110011011 /
b0000 J
b00000000000000000000000000000001 K
0P
b0000 R
#31135000
b0110 E
b0101 G
b101 H
1P
b00000000 V
1W
#31140000
0$
0%
1&
1'
0(
b00000000000000000000101110011100 /
b011000 0
b0100 E
b00000000000000000000000000000010 K
0P
#31145000
0?
1A
1C
1P
b0100 T
b100 U
b00000100 V
0W
#31150000
0'
b00000000000000000000101110011101 /
b001000 0
b00000000000000000000000001001111 4
b0100 J
b00000000000000000000000000000001 K
b00000000000000000000000110001111 M
b0100 N
0P
b0100 R
#31155000
1P
b00000011 V
#31160000
1'
b00000000000000000000101110011110 /
b011000 0
b00000000000000000000000000000010 K
0P
#31165000
1P
b00000010 V
#31170000
1%
1(
b00000000000000000000101110011111 /
b111010 0
b00000000000000000000000000000011 K
0P
#31175000
1P
b00000001 V
#31180000
0%
0&
0'
b00000000000000000000101110100000 /
b100000 0
b00000000000000000000000000000100 K
0P
#31185000
b0111 E
1P
b00000000 V
1W
#31190000
1$
1'
0(
b00000000000000000000101110100001 /
b010001 0
b00000000000000000000000000000101 K
0P
#31195000
1@
0A
0C
1P
b0111 T
b00000001 V
0W
#31200000
1&
0'
b00000000000000000000101110100010 /
b001001 0
b0111 J
b00000000000000000000000000000001 K
0P
b0111 R
#31205000
b0000 E
1P
b00000000 V
1W
#31210000
0$
1%
0&
1(
b00000000000000000000101110100011 /
b100010 0
b00000000000000000000000000000010 K
0P
#31215000
1?
0@
1P
b0000 T
b00000001 V
0W
#31220000
0%
1'
0(
b00000000000000000000101110100100 /
b010000 0
b0000 J
b00000000000000000000000000000001 K
0P
b0000 R
#31225000
b0101 E
b0100 G
b100 H
1P
b00000000 V
1W
#31230000
1$
1&
b00000000000000000000101110100101 /
b011001 0
b00000000000000000000000000000010 K
0P
#31235000
07
1:
1P
b0101 T
b101 U
b00000011 V
0W
#31240000
0$
0&
0'
b00000000000000000000101110100110 /
b000000 0
b00000000000000000000000001010110 5
b0101 J
b00000000000000000000000000000001 K
b00000000000000000000000110010000 M
b0101 N
0P
b0101 R
#31245000
1P
b00000010 V
#31250000
1%
1(
b00000000000000000000101110100111 /
b100010 0
b00000000000000000000000000000010 K
0P
#31255000
1P
b00000001 V
#31260000
1$
b00000000000000000000101110101000 /
b100100 0
b00000000000000000000000000000011 K
0P
#31265000
b0111 E
1P
b00000000 V
1W
#31270000
0$
1&
1'
0(
b00000000000000000000101110101001 /
b011010 0
b00000000000000000000000000000100 K
0P
#31275000
18
0:
1P
b0111 T
b00000001 V
0W
#31280000
1$
1(
b00000000000000000000101110101010 /
b111100 0
b0111 J
b00000000000000000000000000000001 K
0P
b0111 R
#31285000
b0000 E
1P
b00000000 V
1W
#31290000
0&
b00000000000000000000101110101011 /
b110100 0
b00000000000000000000000000000010 K
0P
#31295000
17
08
1P
b0000 T
b00000001 V
0W
#31300000
0$
1&
0(
b00000000000000000000101110101100 /
b011010 0
b0000 J
b00000000000000000000000000000001 K
0P
b0000 R
#31305000
b0010 E
b0101 G
b101 H
1P
b00000000 V
1W
#31310000
1$
0%
0&
1(
b00000000000000000000101110101101 /
b110001 0
b0110 E
b00000000000000000000000000000010 K
0P
#31315000
0;
1>
1B
1P
b0110 T
b110 U
b00000011 V
0W
#31320000
1%
1&
0'
0(
b00000000000000000000101110101110 /
b001100 0
b00000000000000000000000001010010 6
b0110 J
b00000000000000000000000000000001 K
b00000000000000000000000110010001 M
b0110 N
0P
b0110 R
#31325000
1P
b00000010 V
#31330000
1(
b00000000000000000000101110101111 /
b101100 0
b00000000000000000000000000000010 K
0P
#31335000
1P
b00000001 V
#31340000
0$
0(
b00000000000000000000101110110000 /
b001010 0
b00000000000000000000000000000011 K
0P
#31345000
b0111 E
1P
b00000000 V
1W
#31350000
0%
0&
1(
b00000000000000000000101110110001 /
b100000 0
b00000000000000000000000000000100 K
0P
#31355000
1<
0>
0B
1P
b0111 T
b00000001 V
0W
#31360000
1%
1&
1'
0(
b00000000000000000000101110110010 /
b011010 0
b0111 J
b00000000000000000000000000000001 K
0P
b0111 R
#31365000
b0000 E
1P
b00000000 V
1W
#31370000
0%
b00000000000000000000101110110011 /
b011000 0
b00000000000000000000000000000010 K
0P
#31375000
1;
0<
1P
b0000 T
b00000001 V
0W
#31380000
1$
1%
0&
0'
1(
b00000000000000000000101110110100 /
b100100 0
b0000 J
b00000000000000000000000000000001 K
0P
b0000 R
#31385000
b0011 E
b0110 G
b110 H
1P
b00000000 V
1W
#31390000
0$
0%
1&
0(
b00000000000000000000101110110101 /
b001000 0
b0100 E
b00000000000000000000000000000010 K
0P
#31395000
0?
1A
1C
1P
b0100 T
b100 U
b00000100 V
0W
#31400000
1$
1%
0&
1'
1(
b00000000000000000000101110110110 /
b110100 0
b00000000000000000000000001010000 4
b0100 J
b00000000000000000000000000000001 K
b00000000000000000000000110010010 M
b0100 N
0P
b0100 R
#31405000
1P
b00000011 V
#31410000
0$
0%
1&
0'
0(
b00000000000000000000101110110111 /
b001000 0
b00000000000000000000000000000010 K
0P
#31415000
1P
b00000010 V
#31420000
1$
1%
0&
b00000000000000000000101110111000 /
b000100 0
b00000000000000000000000000000011 K
0P
#31425000
1P
b00000001 V
#31430000
0%
1&
1'
1(
b00000000000000000000101110111001 /
b111001 0
b00000000000000000000000000000100 K
0P
#31435000
b0111 E
1P
b00000000 V
1W
#31440000
0$
0(
b00000000000000000000101110111010 /
b011000 0
b00000000000000000000000000000101 K
0P
#31445000
1@
0A
0C
1P
b0111 T
b00000001 V
0W
#31450000
b00000000000000000000101110111011 /
b0111 J
b00000000000000000000000000000001 K
0P
b0111 R
#31455000
b0000 E
1P
b00000000 V
1W
#31460000
1$
1(
b00000000000000000000101110111100 /
b111001 0
b00000000000000000000000000000010 K
0P
#31465000
1?
0@
1P
b0000 T
b00000001 V
0W
#31470000
1%
0&
b00000000000000000000101110111101 /
b110100 0
b0000 J
b00000000000000000000000000000001 K
0P
b0000 R
#31475000
b0101 E
b0100 G
b100 H
1P
b00000000 V
1W
#31480000
1&
0'
b00000000000000000000101110111110 /
b101100 0
b0110 E
b00000000000000000000000000000010 K
0P
#31485000
0;
1>
1B
1P
b0110 T
b110 U
b00000011 V
0W
#31490000
0&
1'
b00000000000000000000101110111111 /
b110100 0
b00000000000000000000000001010011 6
b0110 J
b00000000000000000000000000000001 K
b00000000000000000000000110010011 M
b0110 N
0P
b0110 R
#31495000
1P
b00000010 V
#31500000
1&
0(
b00000000000000000000101111000000 /
b011100 0
b00000000000000000000000000000010 K
0P
#31505000
1P
b00000001 V
#31510000
0%
1(
b00000000000000000000101111000001 /
b111001 0
b00000000000000000000000000000011 K
0P
#31515000
b0111 E
1P
b00000000 V
1W
#31520000
0&
0(
b00000000000000000000101111000010 /
b010001 0
b00000000000000000000000000000100 K
0P
#31525000
1<
0>
0B
1P
b0111 T
b00000001 V
0W
#31530000
0'
b00000000000000000000101111000011 /
b000001 0
b0111 J
b00000000000000000000000000000001 K
0P
b0111 R
#31535000
b0000 E
1P
b00000000 V
1W
#31540000
0$
1%
1&
1(
b00000000000000000000101111000100 /
b101010 0
b00000000000000000000000000000010 K
0P
#31545000
1;
0<
1P
b0000 T
b00000001 V
0W
#31550000
0%
0&
1'
b00000000000000000000101111000101 /
b110000 0
b0000 J
b00000000000000000000000000000001 K
0P
b0000 R
#31555000
b0101 E
b0110 G
b110 H
1P
b00000000 V
1W
#31560000
1%
1&
0'
0(
b00000000000000000000101111000110 /
b001010 0
b0010 E
b00000000000000000000000000000010 K
0P
#31565000
0;
1=
1P
b0010 T
b010 U
b00000010 V
0W
#31570000
1'
1(
b00000000000000000000101111000111 /
b111010 0
b00000000000000000000000000110111 2
b0010 J
b00000000000000000000000000000001 K
b00000000000000000000000110010100 M
b0010 N
0P
b0010 R
#31575000
1P
b00000001 V
#31580000
1$
0%
0(
b00000000000000000000101111001000 /
b011001 0
b00000000000000000000000000000010 K
0P
#31585000
b0111 E
1P
b00000000 V
1W
#31590000
1(
b00000000000000000000101111001001 /
b111001 0
b00000000000000000000000000000011 K
0P
#31595000
1<
0=
1P
b0111 T
b00000001 V
0W
#31600000
1%
0(
b00000000000000000000101111001010 /
b011100 0
b0111 J
b00000000000000000000000000000001 K
0P
b0111 R
#31605000
b0000 E
1P
b00000000 V
1W
#31610000
0%
0&
b00000000000000000000101111001011 /
b010001 0
b00000000000000000000000000000010 K
0P
#31615000
1;
0<
1P
b0000 T
b00000001 V
0W
#31620000
0$
1%
1&
0'
1(
b00000000000000000000101111001100 /
b101010 0
b0000 J
b00000000000000000000000000000001 K
0P
b0000 R
#31625000
b0100 E
b0010 G
b010 H
1P
b00000000 V
1W
#31630000
0&
0(
b00000000000000000000101111001101 /
b000010 0
b0010 E
b00000000000000000000000000000010 K
0P
#31635000
0;
1=
1P
b0010 T
b00000010 V
0W
#31640000
1$
0%
1(
b00000000000000000000101111001110 /
b100001 0
b00000000000000000000000000111000 2
b0010 J
b00000000000000000000000000000001 K
b00000000000000000000000110010101 M
0P
b0010 R
#31645000
1P
b00000001 V
#31650000
0$
1%
1&
1'
0(
b00000000000000000000101111001111 /
b011010 0
b00000000000000000000000000000010 K
0P
#31655000
b0111 E
1P
b00000000 V
1W
#31660000
0&
1(
b00000000000000000000101111010000 /
b110010 0
b00000000000000000000000000000011 K
0P
#31665000
1<
0=
1P
b0111 T
b00000001 V
0W
#31670000
1$
b00000000000000000000101111010001 /
b110100 0
b0111 J
b00000000000000000000000000000001 K
0P
b0111 R
#31675000
b0000 E
1P
b00000000 V
1W
#31680000
b00000000000000000000101111010010 /
b00000000000000000000000000000010 K
0P
#31685000
1;
0<
1P
b0000 T
b00000001 V
0W
#31690000
0(
b00000000000000000000101111010011 /
b010100 0
b0000 J
b00000000000000000000000000000001 K
0P
b0000 R
#31695000
b0011 E
1P
b00000000 V
1W
#31700000
0$
b00000000000000000000101111010100 /
b010010 0
b0101 E
b00000000000000000000000000000010 K
0P
#31705000
07
1:
1P
b0101 T
b101 U
b00000011 V
0W
#31710000
1&
0'
1(
b00000000000000000000101111010101 /
b101010 0
b00000000000000000000000001010111 5
b0101 J
b00000000000000000000000000000001 K
b00000000000000000000000110010110 M
b0101 N
0P
b0101 R
#31715000
1P
b00000010 V
#31720000
1$
b00000000000000000000101111010110 /
b101100 0
b00000000000000000000000000000010 K
0P
#31725000
1P
b00000001 V
#31730000
0$
0%
b00000000000000000000101111010111 /
b101000 0
b00000000000000000000000000000011 K
0P
#31735000
b0111 E
1P
b00000000 V
1W
#31740000
1$
1%
b00000000000000000000101111011000 /
b101100 0
b00000000000000000000000000000100 K
0P
#31745000
18
0:
1P
b0111 T
b00000001 V
0W
#31750000
0$
0%
0&
1'
0(
b00000000000000000000101111011001 /
b010000 0
b0111 J
b00000000000000000000000000000001 K
0P
b0111 R
#31755000
b0000 E
1P
b00000000 V
1W
#31760000
1$
0'
b00000000000000000000101111011010 /
b000001 0
b00000000000000000000000000000010 K
0P
#31765000
17
08
1P
b0000 T
b00000001 V
0W
#31770000
0$
1&
1'
b00000000000000000000101111011011 /
b011000 0
b0000 J
b00000000000000000000000000000001 K
0P
b0000 R
#31775000
b0100 E
b0101 G
b101 H
1P
b00000000 V
1W
#31780000
1%
0'
1(
b00000000000000000000101111011100 /
b101010 0
b0110 E
b00000000000000000000000000000010 K
0P
#31785000
0;
1>
1B
1P
b0110 T
b110 U
b00000011 V
0W
#31790000
0%
0&
0(
b00000000000000000000101111011101 /
b000000 0
b00000000000000000000000001010100 6
b0110 J
b00000000000000000000000000000001 K
b00000000000000000000000110010111 M
b0110 N
0P
b0110 R
#31795000
1P
b00000010 V
#31800000
1$
1&
1'
b00000000000000000000101111011110 /
b011001 0
b00000000000000000000000000000010 K
0P
#31805000
1P
b00000001 V
#31810000
0'
1(
b00000000000000000000101111011111 /
b101001 0
b00000000000000000000000000000011 K
0P
#31815000
b0111 E
1P
b00000000 V
1W
#31820000
0$
0&
b00000000000000000000101111100000 /
b100000 0
b00000000000000000000000000000100 K
0P
#31825000
1<
0>
0B
1P
b0111 T
b00000001 V
0W
#31830000
1%
1&
0(
b00000000000000000000101111100001 /
b001010 0
b0111 J
b00000000000000000000000000000001 K
0P
b0111 R
#31835000
b0000 E
1P
b00000000 V
1W
#31840000
1$
0%
0&
1(
b00000000000000000000101111100010 /
b100001 0
b00000000000000000000000000000010 K
0P
#31845000
1;
0<
1P
b0000 T
b00000001 V
0W
#31850000
0(
b00000000000000000000101111100011 /
b000001 0
b0000 J
b00000000000000000000000000000001 K
0P
b0000 R
#31855000
b0001 E
b0110 G
b110 H
1P
b00000000 V
1W
#31860000
0$
1&
b00000000000000000000101111100100 /
b001000 0
b0100 E
b00000000000000000000000000000010 K
0P
#31865000
0?
1A
1C
1P
b0100 T
b100 U
b00000100 V
0W
#31870000
1%
0&
1'
1(
b00000000000000000000101111100101 /
b110010 0
b00000000000000000000000001010001 4
b0100 J
b00000000000000000000000000000001 K
b00000000000000000000000110011000 M
b0100 N
0P
b0100 R
#31875000
1P
b00000011 V
#31880000
1$
0%
0'
0(
b00000000000000000000101111100110 /
b000001 0
b00000000000000000000000000000010 K
0P
#31885000
1P
b00000010 V
#31890000
0$
1'
1(
b00000000000000000000101111100111 /
b110000 0
b00000000000000000000000000000011 K
0P
#31895000
1P
b00000001 V
#31900000
1%
0(
b00000000000000000000101111101000 /
b010010 0
b00000000000000000000000000000100 K
0P
#31905000
b0111 E
1P
b00000000 V
1W
#31910000
0%
1&
0'
b00000000000000000000101111101001 /
b001000 0
b00000000000000000000000000000101 K
0P
#31915000
1@
0A
0C
1P
b0111 T
b00000001 V
0W
#31920000
1$
0&
1'
b00000000000000000000101111101010 /
b010001 0
b0111 J
b00000000000000000000000000000001 K
0P
b0111 R
#31925000
b0000 E
1P
b00000000 V
1W
#31930000
0$
1%
0'
1(
b00000000000000000000101111101011 /
b100010 0
b00000000000000000000000000000010 K
0P
#31935000
1?
0@
1P
b0000 T
b00000001 V
0W
#31940000
1$
1&
1'
b00000000000000000000101111101100 /
b111100 0
b0000 J
b00000000000000000000000000000001 K
0P
b0000 R
#31945000
b0101 E
b0100 G
b100 H
1P
b00000000 V
1W
#31950000
0'
b00000000000000000000101111101101 /
b101100 0
b0110 E
b00000000000000000000000000000010 K
0P
#31955000
0;
1>
1B
1P
b0110 T
b110 U
b00000011 V
0W
#31960000
0&
1'
b00000000000000000000101111101110 /
b110100 0
b00000000000000000000000001010101 6
b0110 J
b00000000000000000000000000000001 K
b00000000000000000000000110011001 M
b0110 N
0P
b0110 R
#31965000
1P
b00000010 V
#31970000
0$
0%
1&
0(
b00000000000000000000101111101111 /
b011000 0
b00000000000000000000000000000010 K
0P
#31975000
1P
b00000001 V
#31980000
1$
1%
0'
b00000000000000000000101111110000 /
b001100 0
b00000000000000000000000000000011 K
0P
#31985000
b0111 E
1P
b00000000 V
1W
#31990000
0&
1'
b00000000000000000000101111110001 /
b010100 0
b00000000000000000000000000000100 K
0P
#31995000
1<
0>
0B
1P
b0111 T
b00000001 V
0W
#32000000
0%
1&
0'
b00000000000000000000101111110010 /
b001001 0
b0111 J
b00000000000000000000000000000001 K
0P
b0111 R
#32005000
b0000 E
1P
b00000000 V
1W
#32010000
1'
1(
b00000000000000000000101111110011 /
b111001 0
b00000000000000000000000000000010 K
0P
#32015000
1;
0<
1P
b0000 T
b00000001 V
0W
#32020000
1%
0'
b00000000000000000000101111110100 /
b101100 0
b0000 J
b00000000000000000000000000000001 K
0P
b0000 R
#32025000
b0011 E
b0110 G
b110 H
1P
b00000000 V
1W
#32030000
0&
1'
0(
b00000000000000000000101111110101 /
b010100 0
b00000000000000000000000000000010 K
0P
#32035000
07
19
0;
1=
1P
b0011 T
b011 U
b00000010 V
0W
#32040000
0$
0%
1&
0'
1(
b00000000000000000000101111110110 /
b101000 0
b00000000000000000000000000111101 3
b0011 J
b00000000000000000000000000000001 K
b00000000000000000000000110011010 M
b0011 N
0P
b0011 R
#32045000
1P
b00000001 V
#32050000
b00000000000000000000101111110111 /
b00000000000000000000000000000010 K
0P
#32055000
b0111 E
1P
b00000000 V
1W
#32060000
1$
1%
b00000000000000000000101111111000 /
b101100 0
b00000000000000000000000000000011 K
0P
#32065000
18
09
1<
0=
1P
b0111 T
b00000001 V
0W
#32070000
0$
0%
0(
b00000000000000000000101111111001 /
b001000 0
b0111 J
b00000000000000000000000000000001 K
0P
b0111 R
#32075000
b0000 E
1P
b00000000 V
1W
#32080000
1$
1%
1(
b00000000000000000000101111111010 /
b101100 0
b00000000000000000000000000000010 K
0P
#32085000
17
08
1;
0<
1P
b0000 T
b00000001 V
0W
#32090000
0$
0%
0&
1'
b00000000000000000000101111111011 /
b110000 0
b0000 J
b00000000000000000000000000000001 K
0P
b0000 R
#32095000
b0101 E
b0011 G
b011 H
1P
b00000000 V
1W
#32100000
1%
1&
0(
b00000000000000000000101111111100 /
b011010 0
b0100 E
b00000000000000000000000000000010 K
0P
#32105000
0?
1A
1C
1P
b0100 T
b100 U
b00000100 V
0W
#32110000
1$
0%
0&
b00000000000000000000101111111101 /
b010001 0
b00000000000000000000000001010010 4
b0100 J
b00000000000000000000000000000001 K
b00000000000000000000000110011011 M
b0100 N
0P
b0100 R
#32115000
1P
b00000011 V
#32120000
0$
1%
0'
b00000000000000000000101111111110 /
b000010 0
b00000000000000000000000000000010 K
0P
#32125000
1P
b00000010 V
#32130000
1$
0%
1'
b00000000000000000000101111111111 /
b010001 0
b00000000000000000000000000000011 K
0P
#32135000
1P
b00000001 V
#32140000
0$
1%
1&
b00000000000000000000110000000000 /
b011010 0
b00000000000000000000000000000100 K
0P
#32145000
b0111 E
1P
b00000000 V
1W
#32150000
1$
0'
b00000000000000000000110000000001 /
b001100 0
b00000000000000000000000000000101 K
0P
#32155000
1@
0A
0C
1P
b0111 T
b00000001 V
0W
#32160000
0$
0&
1'
1(
b00000000000000000000110000000010 /
b110010 0
b0111 J
b00000000000000000000000000000001 K
0P
b0111 R
#32165000
b0000 E
1P
b00000000 V
1W
#32170000
1$
0%
1&
b00000000000000000000110000000011 /
b111001 0
b00000000000000000000000000000010 K
0P
#32175000
1?
0@
1P
b0000 T
b00000001 V
0W
#32180000
0(
b00000000000000000000110000000100 /
b011001 0
b0000 J
b00000000000000000000000000000001 K
0P
b0000 R
#32185000
b0101 E
b0100 G
b100 H
1P
b00000000 V
1W
#32190000
0$
1%
0&
0'
1(
b00000000000000000000110000000101 /
b100010 0
b0110 E
b00000000000000000000000000000010 K
0P
#32195000
0;
1>
1B
1P
b0110 T
b110 U
b00000011 V
0W
#32200000
1&
b00000000000000000000110000000110 /
b101010 0
b00000000000000000000000001010110 6
b0110 J
b00000000000000000000000000000001 K
b00000000000000000000000110011100 M
b0110 N
0P
b0110 R
#32205000
1P
b00000010 V
#32210000
1$
0(
b00000000000000000000110000000111 /
b001100 0
b00000000000000000000000000000010 K
0P
#32215000
1P
b00000001 V
#32220000
1(
b00000000000000000000110000001000 /
b101100 0
b00000000000000000000000000000011 K
0P
#32225000
b0111 E
1P
b00000000 V
1W
#32230000
0$
0%
1'
0(
b00000000000000000000110000001001 /
b011000 0
b00000000000000000000000000000100 K
0P
#32235000
1<
0>
0B
1P
b0111 T
b00000001 V
0W
#32240000
1$
1%
0&
0'
b00000000000000000000110000001010 /
b000100 0
b0111 J
b00000000000000000000000000000001 K
0P
b0111 R
#32245000
b0000 E
1P
b00000000 V
1W
#32250000
0$
0%
1&
b00000000000000000000110000001011 /
b001000 0
b00000000000000000000000000000010 K
0P
#32255000
1;
0<
1P
b0000 T
b00000001 V
0W
#32260000
1$
1%
1'
b00000000000000000000110000001100 /
b011100 0
b0000 J
b00000000000000000000000000000001 K
0P
b0000 R
#32265000
b0011 E
b0110 G
b110 H
1P
b00000000 V
1W
#32270000
0$
0%
0'
b00000000000000000000110000001101 /
b001000 0
b0100 E
b00000000000000000000000000000010 K
0P
#32275000
0?
1A
1C
1P
b0100 T
b100 U
b00000100 V
0W
#32280000
1$
1%
b00000000000000000000110000001110 /
b001100 0
b00000000000000000000000001010011 4
b0100 J
b00000000000000000000000000000001 K
b00000000000000000000000110011101 M
b0100 N
0P
b0100 R
#32285000
1P
b00000011 V
#32290000
0$
0%
0&
1(
b00000000000000000000110000001111 /
b100000 0
b00000000000000000000000000000010 K
0P
#32295000
1P
b00000010 V
#32300000
1'
b00000000000000000000110000010000 /
b110000 0
b00000000000000000000000000000011 K
0P
#32305000
1P
b00000001 V
#32310000
1%
1&
0'
0(
b00000000000000000000110000010001 /
b001010 0
b00000000000000000000000000000100 K
0P
#32315000
b0111 E
1P
b00000000 V
1W
#32320000
1(
b00000000000000000000110000010010 /
b101010 0
b00000000000000000000000000000101 K
0P
#32325000
1@
0A
0C
1P
b0111 T
b00000001 V
0W
#32330000
1$
0%
0&
b00000000000000000000110000010011 /
b100001 0
b0111 J
b00000000000000000000000000000001 K
0P
b0111 R
#32335000
b0000 E
1P
b00000000 V
1W
#32340000
0$
1'
b00000000000000000000110000010100 /
b110000 0
b00000000000000000000000000000010 K
0P
#32345000
1?
0@
1P
b0000 T
b00000001 V
0W
#32350000
1%
0(
b00000000000000000000110000010101 /
b010010 0
b0000 J
b00000000000000000000000000000001 K
0P
b0000 R
#32355000
b0101 E
b0100 G
b100 H
1P
b00000000 V
1W
#32360000
0%
1&
0'
b00000000000000000000110000010110 /
b001000 0
b0100 E
b00000000000000000000000000000010 K
0P
#32365000
0?
1A
1C
1P
b0100 T
b00000100 V
0W
#32370000
1$
1'
1(
b00000000000000000000110000010111 /
b111001 0
b00000000000000000000000001010100 4
b0100 J
b00000000000000000000000000000001 K
b00000000000000000000000110011110 M
0P
b0100 R
#32375000
1P
b00000011 V
#32380000
0$
1%
0(
b00000000000000000000110000011000 /
b011010 0
b00000000000000000000000000000010 K
0P
#32385000
1P
b00000010 V
#32390000
0&
0'
1(
b00000000000000000000110000011001 /
b100010 0
b00000000000000000000000000000011 K
0P
#32395000
1P
b00000001 V
#32400000
1'
0(
b00000000000000000000110000011010 /
b010010 0
b00000000000000000000000000000100 K
0P
#32405000
b0111 E
1P
b00000000 V
1W
#32410000
0%
b00000000000000000000110000011011 /
b010000 0
b00000000000000000000000000000101 K
0P
#32415000
1@
0A
0C
1P
b0111 T
b00000001 V
0W
#32420000
1&
0'
1(
b00000000000000000000110000011100 /
b101000 0
b0111 J
b00000000000000000000000000000001 K
0P
b0111 R
#32425000
b0000 E
1P
b00000000 V
1W
#32430000
1$
0&
1'
b00000000000000000000110000011101 /
b110001 0
b00000000000000000000000000000010 K
0P
#32435000
1?
0@
1P
b0000 T
b00000001 V
0W
#32440000
b00000000000000000000110000011110 /
b0000 J
b00000000000000000000000000000001 K
0P
b0000 R
#32445000
b0101 E
1P
b00000000 V
1W
#32450000
0$
1%
1&
b00000000000000000000110000011111 /
b111010 0
b00000000000000000000000000000010 K
0P
#32455000
07
1:
1P
b0101 T
b101 U
b00000011 V
0W
#32460000
1$
0%
0&
0'
b00000000000000000000110000100000 /
b100001 0
b00000000000000000000000001011000 5
b0101 J
b00000000000000000000000000000001 K
b00000000000000000000000110011111 M
b0101 N
0P
b0101 R
#32465000
1P
b00000010 V
#32470000
1&
0(
0)
b00000000000000000000110000100001 /
b001001 0
b00000000000000000000000000000010 K
0P
#32475000
1P
b00000001 V
#32480000
1%
0&
b00000000000000000000110000100010 /
b000100 0
b00000000000000000000000000000011 K
0P
#32485000
b0111 E
1P
b00000000 V
1W
#32490000
0$
0%
1'
b00000000000000000000110000100011 /
b010000 0
b00000000000000000000000000000100 K
0P
#32495000
18
0:
1P
b0111 T
b00000001 V
0W
#32500000
0'
b00000000000000000000110000100100 /
b000000 0
b0111 J
b00000000000000000000000000000001 K
0P
b0111 R
#32505000
b0000 E
1P
b00000000 V
1W
#32510000
1&
1(
b00000000000000000000110000100101 /
b101000 0
b00000000000000000000000000000010 K
0P
#32515000
17
08
1P
b0000 T
b00000001 V
0W
#32520000
1%
1'
b00000000000000000000110000100110 /
b111010 0
b0000 J
b00000000000000000000000000000001 K
0P
b0000 R
#32525000
b0110 E
b0101 G
b101 H
1P
b00000000 V
1W
#32530000
0(
b00000000000000000000110000100111 /
b011010 0
b0010 E
b00000000000000000000000000000010 K
0P
#32535000
0;
1=
1P
b0010 T
b010 U
b00000010 V
0W
#32540000
1$
0%
0&
0'
1(
b00000000000000000000110000101000 /
b100001 0
b00000000000000000000000000111001 2
b0010 J
b00000000000000000000000000000001 K
b00000000000000000000000110100000 M
b0010 N
0P
b0010 R
#32545000
1P
b00000001 V
#32550000
1&
1'
b00000000000000000000110000101001 /
b111001 0
b00000000000000000000000000000010 K
0P
#32555000
b0111 E
1P
b00000000 V
1W
#32560000
0$
1%
0&
b00000000000000000000110000101010 /
b110010 0
b00000000000000000000000000000011 K
0P
#32565000
1<
0=
1P
b0111 T
b00000001 V
0W
#32570000
1&
0(
b00000000000000000000110000101011 /
b011010 0
b0111 J
b00000000000000000000000000000001 K
0P
b0111 R
#32575000
b0000 E
1P
b00000000 V
1W
#32580000
1$
0&
0'
1(
b00000000000000000000110000101100 /
b100100 0
b00000000000000000000000000000010 K
0P
#32585000
1;
0<
1P
b0000 T
b00000001 V
0W
#32590000
1&
0(
b00000000000000000000110000101101 /
b001100 0
b0000 J
b00000000000000000000000000000001 K
0P
b0000 R
#32595000
b0011 E
b0010 G
b010 H
1P
b00000000 V
1W
#32600000
0$
0%
0&
b00000000000000000000110000101110 /
b000000 0
0I
b00000000000000000000000000000010 K
0P
#32605000
07
19
0;
1=
1P
b0011 T
b011 U
b00000010 V
0W
#32610000
b00000000000000000000110000101111 /
b00000000000000000000000000111110 3
b0011 J
b00000000000000000000000000000001 K
b00000000000000000000000110100001 M
b0011 N
0P
b0011 R
#32615000
1P
b00000001 V
#32620000
1$
1%
1'
1(
b00000000000000000000110000110000 /
b110100 0
b00000000000000000000000000000010 K
0P
#32625000
b0111 E
1P
b00000000 V
1W
#32630000
0'
b00000000000000000000110000110001 /
b100100 0
b00000000000000000000000000000011 K
0P
#32635000
18
09
1<
0=
1P
b0111 T
b00000001 V
0W
#32640000
0$
1&
1'
b00000000000000000000110000110010 /
b111010 0
b0111 J
b00000000000000000000000000000001 K
0P
b0111 R
#32645000
b0000 E
1P
b00000000 V
1W
#32650000
1$
0%
0'
b00000000000000000000110000110011 /
b101001 0
b00000000000000000000000000000010 K
0P
#32655000
17
08
1;
0<
1P
b0000 T
b00000001 V
0W
#32660000
0&
0(
b00000000000000000000110000110100 /
b000001 0
b0000 J
b00000000000000000000000000000001 K
0P
b0000 R
#32665000
b0001 E
b0011 G
b011 H
1I
1P
b00000000 V
1W
#32670000
1%
1(
b00000000000000000000110000110101 /
b100100 0
b0110 E
b00000000000000000000000000000010 K
0P
#32675000
0;
1>
1P
b0110 T
b110 U
b00000011 V
0W
#32680000
0%
b00000000000000000000110000110110 /
b100001 0
b00000000000000000000000001010111 6
b0110 J
b00000000000000000000000000000001 K
b00000000000000000000000110100010 M
b0110 N
0P
b0110 R
#32685000
1P
b00000010 V
#32690000
1%
1&
0(
b00000000000000000000110000110111 /
b001100 0
b00000000000000000000000000000010 K
0P
#32695000
1P
b00000001 V
#32700000
0%
0&
1(
b00000000000000000000110000111000 /
b100001 0
b00000000000000000000000000000011 K
0P
#32705000
b0111 E
1P
b00000000 V
1W
#32710000
0(
b00000000000000000000110000111001 /
b000001 0
b00000000000000000000000000000100 K
0P
#32715000
1<
0>
1P
b0111 T
b00000001 V
0W
#32720000
0$
1&
1(
b00000000000000000000110000111010 /
b101000 0
b0111 J
b00000000000000000000000000000001 K
0P
b0111 R
#32725000
b0000 E
1P
b00000000 V
1W
#32730000
1%
0&
b00000000000000000000110000111011 /
b100010 0
b00000000000000000000000000000010 K
0P
#32735000
1;
0<
1P
b0000 T
b00000001 V
0W
#32740000
1&
0(
b00000000000000000000110000111100 /
b001010 0
b0000 J
b00000000000000000000000000000001 K
0P
b0000 R
#32745000
b0010 E
b0110 G
b110 H
1P
b00000000 V
1W
#32750000
0&
1(
b00000000000000000000110000111101 /
b100010 0
b00000000000000000000000000000010 K
0P
#32755000
0;
1=
1P
b0010 T
b010 U
b00000010 V
0W
#32760000
1$
0%
b00000000000000000000110000111110 /
b100001 0
b00000000000000000000000000111010 2
b0010 J
b00000000000000000000000000000001 K
b00000000000000000000000110100011 M
b0010 N
0P
b0010 R
#32765000
1P
b00000001 V
#32770000
0$
1%
1&
1'
0(
b00000000000000000000110000111111 /
b011010 0
b00000000000000000000000000000010 K
0P
#32775000
b0111 E
1P
b00000000 V
1W
#32780000
0&
0'
1(
b00000000000000000000110001000000 /
b100010 0
b00000000000000000000000000000011 K
0P
#32785000
1<
0=
1P
b0111 T
b00000001 V
0W
#32790000
1$
0%
1&
0(
b00000000000000000000110001000001 /
b001001 0
b0111 J
b00000000000000000000000000000001 K
0P
b0111 R
#32795000
b0000 E
1P
b00000000 V
1W
#32800000
0$
1'
1(
b00000000000000000000110001000010 /
b111000 0
b00000000000000000000000000000010 K
0P
#32805000
1;
0<
1P
b0000 T
b00000001 V
0W
#32810000
1%
0'
b00000000000000000000110001000011 /
b101010 0
b0000 J
b00000000000000000000000000000001 K
0P
b0000 R
#32815000
b0100 E
b0010 G
b010 H
1P
b00000000 V
1W
#32820000
1$
0%
0&
1'
b00000000000000000000110001000100 /
b110001 0
b0101 E
b00000000000000000000000000000010 K
0P
#32825000
07
1:
1P
b0101 T
b101 U
b00000011 V
0W
#32830000
1%
0'
b00000000000000000000110001000101 /
b100100 0
b00000000000000000000000001011001 5
b0101 J
b00000000000000000000000000000001 K
b00000000000000000000000110100100 M
b0101 N
0P
b0101 R
#32835000
1P
b00000010 V
#32840000
0$
0%
b00000000000000000000110001000110 /
b100000 0
b00000000000000000000000000000010 K
0P
#32845000
1P
b00000001 V
#32850000
1$
1%
0(
b00000000000000000000110001000111 /
b000100 0
b00000000000000000000000000000011 K
0P
#32855000
b0111 E
1P
b00000000 V
1W
#32860000
1(
b00000000000000000000110001001000 /
b100100 0
b00000000000000000000000000000100 K
0P
#32865000
18
0:
1P
b0111 T
b00000001 V
0W
#32870000
0$
0%
b00000000000000000000110001001001 /
b100000 0
b0111 J
b00000000000000000000000000000001 K
0P
b0111 R
#32875000
b0000 E
1P
b00000000 V
1W
#32880000
1%
1&
b00000000000000000000110001001010 /
b101010 0
b00000000000000000000000000000010 K
0P
#32885000
17
08
1P
b0000 T
b00000001 V
0W
#32890000
0%
1'
0(
b00000000000000000000110001001011 /
b011000 0
b0000 J
b00000000000000000000000000000001 K
0P
b0000 R
#32895000
b0100 E
b0101 G
b101 H
1P
b00000000 V
1W
#32900000
1$
1%
0&
b00000000000000000000110001001100 /
b010100 0
b0011 E
b00000000000000000000000000000010 K
0P
#32905000
07
19
0;
1=
1P
b0011 T
b011 U
b00000010 V
0W
#32910000
0$
0'
1(
b00000000000000000000110001001101 /
b100010 0
b00000000000000000000000000111111 3
b0011 J
b00000000000000000000000000000001 K
b00000000000000000000000110100101 M
b0011 N
0P
b0011 R
#32915000
1P
b00000001 V
#32920000
1$
0%
1&
1'
b00000000000000000000110001001110 /
b111001 0
b00000000000000000000000000000010 K
0P
#32925000
b0111 E
1P
b00000000 V
1W
#32930000
1%
0&
b00000000000000000000110001001111 /
b110100 0
b00000000000000000000000000000011 K
0P
#32935000
18
09
1<
0=
1P
b0111 T
b00000001 V
0W
#32940000
0(
b00000000000000000000110001010000 /
b010100 0
b0111 J
b00000000000000000000000000000001 K
0P
b0111 R
#32945000
b0000 E
1P
b00000000 V
1W
#32950000
1&
b00000000000000000000110001010001 /
b011100 0
b00000000000000000000000000000010 K
0P
#32955000
17
08
1;
0<
1P
b0000 T
b00000001 V
0W
#32960000
1(
b00000000000000000000110001010010 /
b111100 0
b0000 J
b00000000000000000000000000000001 K
0P
b0000 R
#32965000
b0100 E
b0011 G
b011 H
1P
b00000000 V
1W
#32970000
0$
0%
0&
0'
b00000000000000000000110001010011 /
b100000 0
b0110 E
b00000000000000000000000000000010 K
0P
#32975000
0;
1>
1P
b0110 T
b110 U
b00000011 V
0W
#32980000
1$
1%
1&
1'
b00000000000000000000110001010100 /
b111100 0
b00000000000000000000000001011000 6
b0110 J
b00000000000000000000000000000001 K
b00000000000000000000000110100110 M
b0110 N
0P
b0110 R
#32985000
1P
b00000010 V
#32990000
0%
0&
b00000000000000000000110001010101 /
b110001 0
b00000000000000000000000000000010 K
0P
#32995000
1P
b00000001 V
#33000000
1&
0'
0(
b00000000000000000000110001010110 /
b001001 0
b00000000000000000000000000000011 K
0P
#33005000
b0111 E
1P
b00000000 V
1W
#33010000
0&
1'
b00000000000000000000110001010111 /
b010001 0
b00000000000000000000000000000100 K
0P
#33015000
1<
0>
1P
b0111 T
b00000001 V
0W
#33020000
0$
1%
b00000000000000000000110001011000 /
b010010 0
b0111 J
b00000000000000000000000000000001 K
0P
b0111 R
#33025000
b0000 E
1P
b00000000 V
1W
#33030000
1(
b00000000000000000000110001011001 /
b110010 0
b00000000000000000000000000000010 K
0P
#33035000
1;
0<
1P
b0000 T
b00000001 V
0W
#33040000
0%
b00000000000000000000110001011010 /
b110000 0
b0000 J
b00000000000000000000000000000001 K
0P
b0000 R
#33045000
b0101 E
b0110 G
b110 H
1P
b00000000 V
1W
#33050000
1$
1&
b00000000000000000000110001011011 /
b111001 0
b0001 E
b00000000000000000000000000000010 K
0P
#33055000
07
19
1P
b0001 T
b001 U
b00000010 V
0W
#33060000
0&
0(
b00000000000000000000110001011100 /
b010001 0
b00000000000000000000000000101001 1
b0001 J
b00000000000000000000000000000001 K
b00000000000000000000000110100111 M
b0001 N
0P
b0001 R
#33065000
1P
b00000001 V
#33070000
1%
1&
b00000000000000000000110001011101 /
b011100 0
b00000000000000000000000000000010 K
0P
#33075000
b0111 E
1P
b00000000 V
1W
#33080000
b00000000000000000000110001011110 /
b00000000000000000000000000000011 K
0P
#33085000
18
09
1P
b0111 T
b00000001 V
0W
#33090000
0&
b00000000000000000000110001011111 /
b010100 0
b0111 J
b00000000000000000000000000000001 K
0P
b0111 R
#33095000
b0000 E
1P
b00000000 V
1W
#33100000
0%
0'
b00000000000000000000110001100000 /
b000001 0
b00000000000000000000000000000010 K
0P
#33105000
17
08
1P
b0000 T
b00000001 V
0W
#33110000
0$
1&
1(
b00000000000000000000110001100001 /
b101000 0
b0000 J
b00000000000000000000000000000001 K
0P
b0000 R
#33115000
b0100 E
b0001 G
b001 H
1P
b00000000 V
1W
#33120000
1$
1%
0(
b00000000000000000000110001100010 /
b001100 0
b0011 E
b00000000000000000000000000000010 K
0P
#33125000
07
19
0;
1=
1P
b0011 T
b011 U
b00000010 V
0W
#33130000
0%
0&
1'
1(
b00000000000000000000110001100011 /
b110001 0
b00000000000000000000000001000000 3
b0011 J
b00000000000000000000000000000001 K
b00000000000000000000000110101000 M
b0011 N
0P
b0011 R
#33135000
1P
b00000001 V
#33140000
0$
1%
0'
0(
b00000000000000000000110001100100 /
b000010 0
b00000000000000000000000000000010 K
0P
#33145000
b0111 E
1P
b00000000 V
1W
#33150000
0%
1'
b00000000000000000000110001100101 /
b010000 0
b00000000000000000000000000000011 K
0P
#33155000
18
09
1<
0=
1P
b0111 T
b00000001 V
0W
#33160000
1$
1&
0'
b00000000000000000000110001100110 /
b001001 0
b0111 J
b00000000000000000000000000000001 K
0P
b0111 R
#33165000
b0000 E
1P
b00000000 V
1W
#33170000
1%
0&
1(
b00000000000000000000110001100111 /
b100100 0
b00000000000000000000000000000010 K
0P
#33175000
17
08
1;
0<
1P
b0000 T
b00000001 V
0W
#33180000
0(
b00000000000000000000110001101000 /
b000100 0
b0000 J
b00000000000000000000000000000001 K
0P
b0000 R
#33185000
b0011 E
b0011 G
b011 H
1P
b00000000 V
1W
#33190000
0$
0%
b00000000000000000000110001101001 /
b000000 0
b0100 E
0I
b00000000000000000000000000000010 K
0P
#33195000
0?
1A
1P
b0100 T
b100 U
b00000100 V
0W
#33200000
1$
1%
1&
1'
b00000000000000000000110001101010 /
b011100 0
b00000000000000000000000001010101 4
b0100 J
b00000000000000000000000000000001 K
b00000000000000000000000110101001 M
b0100 N
0P
b0100 R
#33205000
1P
b00000011 V
#33210000
0&
1(
b00000000000000000000110001101011 /
b110100 0
b00000000000000000000000000000010 K
0P
#33215000
1P
b00000010 V
#33220000
0$
0'
0(
b00000000000000000000110001101100 /
b000010 0
b00000000000000000000000000000011 K
0P
#33225000
1P
b00000001 V
#33230000
1$
0%
1'
1(
b00000000000000000000110001101101 /
b110001 0
b00000000000000000000000000000100 K
0P
#33235000
b0111 E
1P
b00000000 V
1W
#33240000
0$
1%
0'
b00000000000000000000110001101110 /
b100010 0
b00000000000000000000000000000101 K
0P
#33245000
1@
0A
1P
b0111 T
b00000001 V
0W
#33250000
1&
0(
b00000000000000000000110001101111 /
b001010 0
b0111 J
b00000000000000000000000000000001 K
0P
b0111 R
#33255000
b0000 E
1P
b00000000 V
1W
#33260000
1$
1'
b00000000000000000000110001110000 /
b011100 0
b00000000000000000000000000000010 K
0P
#33265000
1?
0@
1P
b0000 T
b00000001 V
0W
#33270000
0&
1(
b00000000000000000000110001110001 /
b110100 0
b0000 J
b00000000000000000000000000000001 K
0P
b0000 R
#33275000
b0101 E
b0100 G
b100 H
1I
1P
b00000000 V
1W
#33280000
0$
b00000000000000000000110001110010 /
b110010 0
b00000000000000000000000000000010 K
0P
#33285000
07
1:
1P
b0101 T
b101 U
b00000011 V
0W
#33290000
1$
0%
1&
b00000000000000000000110001110011 /
b111001 0
b00000000000000000000000001011010 5
b0101 J
b00000000000000000000000000000001 K
b00000000000000000000000110101010 M
b0101 N
0P
b0101 R
#33295000
1P
b00000010 V
#33300000
0$
0&
0'
0(
b00000000000000000000110001110100 /
b000000 0
b00000000000000000000000000000010 K
0P
#33305000
1P
b00000001 V
#33310000
1&
1(
b00000000000000000000110001110101 /
b101000 0
b00000000000000000000000000000011 K
0P
#33315000
b0111 E
1P
b00000000 V
1W
#33320000
0(
b00000000000000000000110001110110 /
b001000 0
b00000000000000000000000000000100 K
0P
#33325000
18
0:
1P
b0111 T
b00000001 V
0W
#33330000
1'
b00000000000000000000110001110111 /
b011000 0
b0111 J
b00000000000000000000000000000001 K
0P
b0111 R
#33335000
b0000 E
1P
b00000000 V
1W
#33340000
1$
1%
0'
1(
b00000000000000000000110001111000 /
b101100 0
b00000000000000000000000000000010 K
0P
#33345000
17
08
1P
b0000 T
b00000001 V
0W
#33350000
0$
b00000000000000000000110001111001 /
b101010 0
b0000 J
b00000000000000000000000000000001 K
0P
b0000 R
#33355000
b0110 E
b0101 G
b101 H
1P
b00000000 V
1W
#33360000
1$
0%
0&
b00000000000000000000110001111010 /
b100001 0
b00000000000000000000000000000010 K
0P
#33365000
0;
1>
1P
b0110 T
b110 U
b00000011 V
0W
#33370000
0$
1&
1'
b00000000000000000000110001111011 /
b111000 0
b00000000000000000000000001011001 6
b0110 J
b00000000000000000000000000000001 K
b00000000000000000000000110101011 M
b0110 N
0P
b0110 R
#33375000
1P
b00000010 V
#33380000
0'
0(
b00000000000000000000110001111100 /
b001000 0
b00000000000000000000000000000010 K
0P
#33385000
1P
b00000001 V
#33390000
1%
0&
1(
b00000000000000000000110001111101 /
b100010 0
b00000000000000000000000000000011 K
0P
#33395000
b0111 E
1P
b00000000 V
1W
#33400000
0%
1&
0(
b00000000000000000000110001111110 /
b001000 0
b00000000000000000000000000000100 K
0P
#33405000
1<
0>
1P
b0111 T
b00000001 V
0W
#33410000
1$
1'
1(
b00000000000000000000110001111111 /
b111001 0
b0111 J
b00000000000000000000000000000001 K
0P
b0111 R
#33415000
b0000 E
1P
b00000000 V
1W
#33420000
0$
0&
0(
b00000000000000000000110010000000 /
b010000 0
b00000000000000000000000000000010 K
0P
#33425000
1;
0<
1P
b0000 T
b00000001 V
0W
#33430000
0'
1(
b00000000000000000000110010000001 /
b100000 0
b0000 J
b00000000000000000000000000000001 K
0P
b0000 R
#33435000
b0110 E
b0110 G
b110 H
1P
b00000000 V
1W
#33440000
1%
0(
b00000000000000000000110010000010 /
b000010 0
b0010 E
b00000000000000000000000000000010 K
0P
#33445000
0;
1=
1P
b0010 T
b010 U
b00000010 V
0W
#33450000
1$
1'
1(
b00000000000000000000110010000011 /
b110100 0
b00000000000000000000000000111011 2
b0010 J
b00000000000000000000000000000001 K
b00000000000000000000000110101100 M
b0010 N
0P
b0010 R
#33455000
1P
b00000001 V
#33460000
0%
0'
b00000000000000000000110010000100 /
b100001 0
b00000000000000000000000000000010 K
0P
#33465000
b0111 E
1P
b00000000 V
1W
#33470000
0$
1%
b00000000000000000000110010000101 /
b100010 0
b00000000000000000000000000000011 K
0P
#33475000
1<
0=
1P
b0111 T
b00000001 V
0W
#33480000
0%
1'
b00000000000000000000110010000110 /
b110000 0
b0111 J
b00000000000000000000000000000001 K
0P
b0111 R
#33485000
b0000 E
1P
b00000000 V
1W
#33490000
0'
b00000000000000000000110010000111 /
b100000 0
b00000000000000000000000000000010 K
0P
#33495000
1;
0<
1P
b0000 T
b00000001 V
0W
#33500000
1$
1%
b00000000000000000000110010001000 /
b100100 0
b0000 J
b00000000000000000000000000000001 K
0P
b0000 R
#33505000
b0011 E
b0010 G
b010 H
1P
b00000000 V
1W
#33510000
1&
1'
b00000000000000000000110010001001 /
b111100 0
b00000000000000000000000000000010 K
0P
#33515000
07
19
0;
1=
1P
b0011 T
b011 U
b00000010 V
0W
#33520000
0$
0(
b00000000000000000000110010001010 /
b011010 0
b00000000000000000000000001000001 3
b0011 J
b00000000000000000000000000000001 K
b00000000000000000000000110101101 M
b0011 N
0P
b0011 R
#33525000
1P
b00000001 V
#33530000
0&
0'
b00000000000000000000110010001011 /
b000010 0
b00000000000000000000000000000010 K
0P
#33535000
b0111 E
1P
b00000000 V
1W
#33540000
0%
1'
b00000000000000000000110010001100 /
b010000 0
b00000000000000000000000000000011 K
0P
#33545000
18
09
1<
0=
1P
b0111 T
b00000001 V
0W
#33550000
1%
1&
0'
1(
b00000000000000000000110010001101 /
b101010 0
b0111 J
b00000000000000000000000000000001 K
0P
b0111 R
#33555000
b0000 E
1P
b00000000 V
1W
#33560000
1$
0%
1'
b00000000000000000000110010001110 /
b111001 0
b00000000000000000000000000000010 K
0P
#33565000
17
08
1;
0<
1P
b0000 T
b00000001 V
0W
#33570000
0$
0&
b00000000000000000000110010001111 /
b110000 0
b0000 J
b00000000000000000000000000000001 K
0P
b0000 R
#33575000
b0101 E
b0011 G
b011 H
1P
b00000000 V
1W
#33580000
1%
1&
b00000000000000000000110010010000 /
b111010 0
b0100 E
b00000000000000000000000000000010 K
0P
#33585000
0?
1A
1P
b0100 T
b100 U
b00000100 V
0W
#33590000
0'
0(
b00000000000000000000110010010001 /
b001010 0
b00000000000000000000000001010110 4
b0100 J
b00000000000000000000000000000001 K
b00000000000000000000000110101110 M
b0100 N
0P
b0100 R
#33595000
1P
b00000011 V
#33600000
1(
b00000000000000000000110010010010 /
b101010 0
b00000000000000000000000000000010 K
0P
#33605000
1P
b00000010 V
#33610000
1$
0%
1'
b00000000000000000000110010010011 /
b111001 0
b00000000000000000000000000000011 K
0P
#33615000
1P
b00000001 V
#33620000
0&
0'
b00000000000000000000110010010100 /
b100001 0
b00000000000000000000000000000100 K
0P
#33625000
b0111 E
1P
b00000000 V
1W
#33630000
1'
0(
b00000000000000000000110010010101 /
b010001 0
b00000000000000000000000000000101 K
0P
#33635000
1@
0A
1P
b0111 T
b00000001 V
0W
#33640000
1%
b00000000000000000000110010010110 /
b010100 0
b0111 J
b00000000000000000000000000000001 K
0P
b0111 R
#33645000
b0000 E
1P
b00000000 V
1W
#33650000
0%
1&
1(
b00000000000000000000110010010111 /
b111001 0
b00000000000000000000000000000010 K
0P
#33655000
1?
0@
1P
b0000 T
b00000001 V
0W
#33660000
0$
1%
0&
0(
b00000000000000000000110010011000 /
b010010 0
b0000 J
b00000000000000000000000000000001 K
0P
b0000 R
#33665000
b0101 E
b0100 G
b100 H
1P
b00000000 V
1W
#33670000
1$
0%
b00000000000000000000110010011001 /
b010001 0
b00000000000000000000000000000010 K
0P
#33675000
07
1:
1P
b0101 T
b101 U
b00000011 V
0W
#33680000
1(
b00000000000000000000110010011010 /
b110001 0
b00000000000000000000000001011011 5
b0101 J
b00000000000000000000000000000001 K
b00000000000000000000000110101111 M
b0101 N
0P
b0101 R
#33685000
1P
b00000010 V
#33690000
0$
1%
0'
b00000000000000000000110010011011 /
b100010 0
b00000000000000000000000000000010 K
0P
#33695000
1P
b00000001 V
#33700000
0%
1&
1'
b00000000000000000000110010011100 /
b111000 0
b00000000000000000000000000000011 K
0P
#33705000
b0111 E
1P
b00000000 V
1W
#33710000
1$
1%
0&
b00000000000000000000110010011101 /
b110100 0
b00000000000000000000000000000100 K
0P
#33715000
18
0:
1P
b0111 T
b00000001 V
0W
#33720000
0%
1&
0'
0(
b00000000000000000000110010011110 /
b001001 0
b0111 J
b00000000000000000000000000000001 K
0P
b0111 R
#33725000
b0000 E
1P
b00000000 V
1W
#33730000
0$
0&
1(
b00000000000000000000110010011111 /
b100000 0
b00000000000000000000000000000010 K
0P
#33735000
17
08
1P
b0000 T
b00000001 V
0W
#33740000
1%
1&
0(
b00000000000000000000110010100000 /
b001010 0
b0000 J
b00000000000000000000000000000001 K
0P
b0000 R
#33745000
b0010 E
b0101 G
b101 H
1P
b00000000 V
1W
#33750000
1$
0&
1'
b00000000000000000000110010100001 /
b010100 0
b0011 E
b00000000000000000000000000000010 K
0P
#33755000
07
19
0;
1=
1P
b0011 T
b011 U
b00000010 V
0W
#33760000
1&
b00000000000000000000110010100010 /
b011100 0
b00000000000000000000000001000010 3
b0011 J
b00000000000000000000000000000001 K
b00000000000000000000000110110000 M
b0011 N
0P
b0011 R
#33765000
1P
b00000001 V
#33770000
0&
1(
b00000000000000000000110010100011 /
b110100 0
b00000000000000000000000000000010 K
0P
#33775000
b0111 E
1P
b00000000 V
1W
#33780000
0$
0%
0'
b00000000000000000000110010100100 /
b100000 0
b00000000000000000000000000000011 K
0P
#33785000
18
09
1<
0=
1P
b0111 T
b00000001 V
0W
#33790000
1$
1&
b00000000000000000000110010100101 /
b101001 0
b0111 J
b00000000000000000000000000000001 K
0P
b0111 R
#33795000
b0000 E
1P
b00000000 V
1W
#33800000
0$
b00000000000000000000110010100110 /
b101000 0
b00000000000000000000000000000010 K
0P
#33805000
17
08
1;
0<
1P
b0000 T
b00000001 V
0W
#33810000
1$
1%
0&
0(
b00000000000000000000110010100111 /
b000100 0
b0000 J
b00000000000000000000000000000001 K
0P
b0000 R
#33815000
b0011 E
b0011 G
b011 H
1P
b00000000 V
1W
#33820000
0$
0%
1'
b00000000000000000000110010101000 /
b010000 0
b0101 E
b00000000000000000000000000000010 K
0P
#33825000
07
1:
1P
b0101 T
b101 U
b00000011 V
0W
#33830000
1$
1%
0'
1(
b00000000000000000000110010101001 /
b100100 0
b00000000000000000000000001011100 5
b0101 J
b00000000000000000000000000000001 K
b00000000000000000000000110110001 M
b0101 N
0P
b0101 R
#33835000
1P
b00000010 V
#33840000
0$
0(
b00000000000000000000110010101010 /
b000010 0
b00000000000000000000000000000010 K
0P
#33845000
1P
b00000001 V
#33850000
1$
0%
1&
1'
b00000000000000000000110010101011 /
b011001 0
b00000000000000000000000000000011 K
0P
#33855000
b0111 E
1P
b00000000 V
1W
#33860000
0&
1(
b00000000000000000000110010101100 /
b110001 0
b00000000000000000000000000000100 K
0P
#33865000
18
0:
1P
b0111 T
b00000001 V
0W
#33870000
1%
1&
b00000000000000000000110010101101 /
b111100 0
b0111 J
b00000000000000000000000000000001 K
0P
b0111 R
#33875000
b0000 E
1P
b00000000 V
1W
#33880000
0%
0(
b00000000000000000000110010101110 /
b011001 0
b00000000000000000000000000000010 K
0P
#33885000
17
08
1P
b0000 T
b00000001 V
0W
#33890000
0$
0&
1(
b00000000000000000000110010101111 /
b110000 0
b0000 J
b00000000000000000000000000000001 K
0P
b0000 R
#33895000
b0110 E
b0101 G
b101 H
1P
b00000000 V
1W
#33900000
1%
1&
0'
b00000000000000000000110010110000 /
b101010 0
b00000000000000000000000000000010 K
0P
#33905000
0;
1>
1P
b0110 T
b110 U
b00000011 V
0W
#33910000
1$
0%
1'
0(
b00000000000000000000110010110001 /
b011001 0
b00000000000000000000000001011010 6
b0110 J
b00000000000000000000000000000001 K
b00000000000000000000000110110010 M
b0110 N
0P
b0110 R
#33915000
1P
b00000010 V
#33920000
0&
0'
1(
b00000000000000000000110010110010 /
b100001 0
b00000000000000000000000000000010 K
0P
#33925000
1P
b00000001 V
#33930000
1'
b00000000000000000000110010110011 /
b110001 0
b00000000000000000000000000000011 K
0P
#33935000
b0111 E
1P
b00000000 V
1W
#33940000
0$
1%
0'
b00000000000000000000110010110100 /
b100010 0
b00000000000000000000000000000100 K
0P
#33945000
1<
0>
1P
b0111 T
b00000001 V
0W
#33950000
1$
0%
1&
b00000000000000000000110010110101 /
b101001 0
b0111 J
b00000000000000000000000000000001 K
0P
b0111 R
#33955000
b0000 E
1P
b00000000 V
1W
#33960000
0$
b00000000000000000000110010110110 /
b101000 0
b00000000000000000000000000000010 K
0P
#33965000
1;
0<
1P
b0000 T
b00000001 V
0W
#33970000
1$
1%
0&
0(
b00000000000000000000110010110111 /
b000100 0
b0000 J
b00000000000000000000000000000001 K
0P
b0000 R
#33975000
b0011 E
b0110 G
b110 H
1P
b00000000 V
1W
#33980000
0$
1'
b00000000000000000000110010111000 /
b010010 0
b0010 E
b00000000000000000000000000000010 K
0P
#33985000
0;
1=
1P
b0010 T
b010 U
b00000010 V
0W
#33990000
0%
1&
b00000000000000000000110010111001 /
b011000 0
b00000000000000000000000000111100 2
b0010 J
b00000000000000000000000000000001 K
b00000000000000000000000110110011 M
b0010 N
0P
b0010 R
#33995000
1P
b00000001 V
#34000000
1%
b00000000000000000000110010111010 /
b011010 0
b00000000000000000000000000000010 K
0P
#34005000
b0111 E
1P
b00000000 V
1W
#34010000
1$
0%
1(
b00000000000000000000110010111011 /
b111001 0
b00000000000000000000000000000011 K
0P
#34015000
1<
0=
1P
b0111 T
b00000001 V
0W
#34020000
0'
0(
b00000000000000000000110010111100 /
b001001 0
b0111 J
b00000000000000000000000000000001 K
0P
b0111 R
#34025000
b0000 E
1P
b00000000 V
1W
#34030000
0$
1%
b00000000000000000000110010111101 /
b001010 0
b00000000000000000000000000000010 K
0P
#34035000
1;
0<
1P
b0000 T
b00000001 V
0W
#34040000
0%
1(
b00000000000000000000110010111110 /
b101000 0
b0000 J
b00000000000000000000000000000001 K
0P
b0000 R
#34045000
b0100 E
b0010 G
b010 H
1P
b00000000 V
1W
#34050000
0&
b00000000000000000000110010111111 /
b100000 0
b0110 E
b00000000000000000000000000000010 K
0P
#34055000
0;
1>
1P
b0110 T
b110 U
b00000011 V
0W
#34060000
1$
1&
b00000000000000000000110011000000 /
b101001 0
b00000000000000000000000001011011 6
b0110 J
b00000000000000000000000000000001 K
b00000000000000000000000110110100 M
b0110 N
0P
b0110 R
#34065000
1P
b00000010 V
#34070000
0$
1%
1'
0(
b00000000000000000000110011000001 /
b011010 0
b00000000000000000000000000000010 K
0P
#34075000
1P
b00000001 V
#34080000
1$
0'
b00000000000000000000110011000010 /
b001100 0
b00000000000000000000000000000011 K
0P
#34085000
b0111 E
1P
b00000000 V
1W
#34090000
0%
0&
1'
b00000000000000000000110011000011 /
b010001 0
b00000000000000000000000000000100 K
0P
#34095000
1<
0>
1P
b0111 T
b00000001 V
0W
#34100000
0$
1&
b00000000000000000000110011000100 /
b011000 0
b0111 J
b00000000000000000000000000000001 K
0P
b0111 R
#34105000
b0000 E
1P
b00000000 V
1W
#34110000
1%
0&
b00000000000000000000110011000101 /
b010010 0
b00000000000000000000000000000010 K
0P
#34115000
1;
0<
1P
b0000 T
b00000001 V
0W
#34120000
1$
0%
0'
b00000000000000000000110011000110 /
b000001 0
b0000 J
b00000000000000000000000000000001 K
0P
b0000 R
#34125000
b0001 E
b0110 G
b110 H
1P
b00000000 V
1W
#34130000
0$
1%
b00000000000000000000110011000111 /
b000010 0
b0010 E
b00000000000000000000000000000010 K
0P
#34135000
0;
1=
1P
b0010 T
b010 U
b00000010 V
0W
#34140000
0%
1&
b00000000000000000000110011001000 /
b001000 0
b00000000000000000000000000111101 2
b0010 J
b00000000000000000000000000000001 K
b00000000000000000000000110110101 M
b0010 N
0P
b0010 R
#34145000
1P
b00000001 V
#34150000
1%
0&
b00000000000000000000110011001001 /
b000010 0
b00000000000000000000000000000010 K
0P
#34155000
b0111 E
1P
b00000000 V
1W
#34160000
0%
1&
b00000000000000000000110011001010 /
b001000 0
b00000000000000000000000000000011 K
0P
#34165000
1<
0=
1P
b0111 T
b00000001 V
0W
#34170000
1$
0&
1'
b00000000000000000000110011001011 /
b010001 0
b0111 J
b00000000000000000000000000000001 K
0P
b0111 R
#34175000
b0000 E
1P
b00000000 V
1W
#34180000
1%
1&
1(
b00000000000000000000110011001100 /
b111100 0
b00000000000000000000000000000010 K
0P
#34185000
1;
0<
1P
b0000 T
b00000001 V
0W
#34190000
0&
0'
0(
b00000000000000000000110011001101 /
b000100 0
b0000 J
b00000000000000000000000000000001 K
0P
b0000 R
#34195000
b0011 E
b0010 G
b010 H
1P
b00000000 V
1W
#34200000
0$
0%
1&
1'
b00000000000000000000110011001110 /
b011000 0
b0100 E
b00000000000000000000000000000010 K
0P
#34205000
0?
1A
1P
b0100 T
b100 U
b00000100 V
0W
#34210000
1$
1(
b00000000000000000000110011001111 /
b111001 0
b00000000000000000000000001010111 4
b0100 J
b00000000000000000000000000000001 K
b00000000000000000000000110110110 M
b0100 N
0P
b0100 R
#34215000
1P
b00000011 V
#34220000
0$
0'
0(
b00000000000000000000110011010000 /
b001000 0
b00000000000000000000000000000010 K
0P
#34225000
1P
b00000010 V
#34230000
1$
1(
b00000000000000000000110011010001 /
b101001 0
b00000000000000000000000000000011 K
0P
#34235000
1P
b00000001 V
#34240000
1%
0&
1'
b00000000000000000000110011010010 /
b110100 0
b00000000000000000000000000000100 K
0P
#34245000
b0111 E
1P
b00000000 V
1W
#34250000
0$
1&
0'
0(
b00000000000000000000110011010011 /
b001010 0
b00000000000000000000000000000101 K
0P
#34255000
1@
0A
1P
b0111 T
b00000001 V
0W
#34260000
0%
1(
b00000000000000000000110011010100 /
b101000 0
b0111 J
b00000000000000000000000000000001 K
0P
b0111 R
#34265000
b0000 E
1P
b00000000 V
1W
#34270000
1$
1%
0(
b00000000000000000000110011010101 /
b001100 0
b00000000000000000000000000000010 K
0P
#34275000
1?
0@
1P
b0000 T
b00000001 V
0W
#34280000
0$
1(
b00000000000000000000110011010110 /
b101010 0
b0000 J
b00000000000000000000000000000001 K
0P
b0000 R
#34285000
b0110 E
b0100 G
b100 H
1P
b00000000 V
1W
#34290000
0%
0&
1'
0(
b00000000000000000000110011010111 /
b010000 0
b0101 E
b00000000000000000000000000000010 K
0P
#34295000
07
1:
1P
b0101 T
b101 U
b00000011 V
0W
#34300000
1$
1%
0'
1(
b00000000000000000000110011011000 /
b100100 0
b00000000000000000000000001011101 5
b0101 J
b00000000000000000000000000000001 K
b00000000000000000000000110110111 M
b0101 N
0P
b0101 R
#34305000
1P
b00000010 V
#34310000
0%
1&
1'
0(
b00000000000000000000110011011001 /
b011001 0
b00000000000000000000000000000010 K
0P
#34315000
1P
b00000001 V
#34320000
0$
1%
0'
1(
b00000000000000000000110011011010 /
b101010 0
b00000000000000000000000000000011 K
0P
#34325000
b0111 E
1P
b00000000 V
1W
#34330000
1$
0%
0&
0(
b00000000000000000000110011011011 /
b000001 0
b00000000000000000000000000000100 K
0P
#34335000
18
0:
1P
b0111 T
b00000001 V
0W
#34340000
0$
1%
1&
1(
b00000000000000000000110011011100 /
b101010 0
b0111 J
b00000000000000000000000000000001 K
0P
b0111 R
#34345000
b0000 E
1P
b00000000 V
1W
#34350000
0%
1'
b00000000000000000000110011011101 /
b111000 0
b00000000000000000000000000000010 K
0P
#34355000
17
08
1P
b0000 T
b00000001 V
0W
#34360000
1$
0'
0(
b00000000000000000000110011011110 /
b001001 0
b0000 J
b00000000000000000000000000000001 K
0P
b0000 R
#34365000
b0001 E
b0101 G
b101 H
1P
b00000000 V
1W
#34370000
0$
b00000000000000000000110011011111 /
b001000 0
b0100 E
b00000000000000000000000000000010 K
0P
#34375000
0?
1A
1P
b0100 T
b100 U
b00000100 V
0W
#34380000
1$
1%
0&
b00000000000000000000110011100000 /
b000100 0
b00000000000000000000000001011000 4
b0100 J
b00000000000000000000000000000001 K
b00000000000000000000000110111000 M
b0100 N
0P
b0100 R
#34385000
1P
b00000011 V
#34390000
1&
b00000000000000000000110011100001 /
b001100 0
b00000000000000000000000000000010 K
0P
#34395000
1P
b00000010 V
#34400000
0%
1'
b00000000000000000000110011100010 /
b011001 0
b00000000000000000000000000000011 K
0P
#34405000
1P
b00000001 V
#34410000
0&
0'
b00000000000000000000110011100011 /
b000001 0
b00000000000000000000000000000100 K
0P
#34415000
b0111 E
1P
b00000000 V
1W
#34420000
0$
1%
1&
1'
1(
b00000000000000000000110011100100 /
b111010 0
b00000000000000000000000000000101 K
0P
#34425000
1@
0A
1P
b0111 T
b00000001 V
0W
#34430000
0'
b00000000000000000000110011100101 /
b101010 0
b0111 J
b00000000000000000000000000000001 K
0P
b0111 R
#34435000
b0000 E
1P
b00000000 V
1W
#34440000
1$
0%
0(
b00000000000000000000110011100110 /
b001001 0
b00000000000000000000000000000010 K
0P
#34445000
1?
0@
1P
b0000 T
b00000001 V
0W
#34450000
0$
1'
1(
b00000000000000000000110011100111 /
b111000 0
b0000 J
b00000000000000000000000000000001 K
0P
b0000 R
#34455000
b0101 E
b0100 G
b100 H
1P
b00000000 V
1W
#34460000
1$
1%
0&
b00000000000000000000110011101000 /
b110100 0
b00000000000000000000000000000010 K
0P
#34465000
07
1:
1P
b0101 T
b101 U
b00000011 V
0W
#34470000
0'
0(
b00000000000000000000110011101001 /
b000100 0
b00000000000000000000000001011110 5
b0101 J
b00000000000000000000000000000001 K
b00000000000000000000000110111001 M
b0101 N
0P
b0101 R
#34475000
1P
b00000010 V
#34480000
1'
b00000000000000000000110011101010 /
b010100 0
b00000000000000000000000000000010 K
0P
#34485000
1P
b00000001 V
#34490000
0$
0%
1(
b00000000000000000000110011101011 /
b110000 0
b00000000000000000000000000000011 K
0P
#34495000
b0111 E
1P
b00000000 V
1W
#34500000
1$
1&
b00000000000000000000110011101100 /
b111001 0
b00000000000000000000000000000100 K
0P
#34505000
18
0:
1P
b0111 T
b00000001 V
0W
#34510000
0&
0(
b00000000000000000000110011101101 /
b010001 0
b0111 J
b00000000000000000000000000000001 K
0P
b0111 R
#34515000
b0000 E
1P
b00000000 V
1W
#34520000
1%
1&
b00000000000000000000110011101110 /
b011100 0
b00000000000000000000000000000010 K
0P
#34525000
17
08
1P
b0000 T
b00000001 V
0W
#34530000
0$
0%
0&
0'
1(
b00000000000000000000110011101111 /
b100000 0
b0000 J
b00000000000000000000000000000001 K
0P
b0000 R
#34535000
b0110 E
b0101 G
b101 H
1P
b00000000 V
1W
#34540000
1%
1&
1'
0(
b00000000000000000000110011110000 /
b011010 0
b0010 E
b00000000000000000000000000000010 K
0P
#34545000
0;
1=
1P
b0010 T
b010 U
b00000010 V
0W
#34550000
0%
0&
0'
1(
b00000000000000000000110011110001 /
b100000 0
b00000000000000000000000000111110 2
b0010 J
b00000000000000000000000000000001 K
b00000000000000000000000110111010 M
b0010 N
0P
b0010 R
#34555000
1P
b00000001 V
#34560000
1$
1%
1'
0(
b00000000000000000000110011110010 /
b010100 0
b00000000000000000000000000000010 K
0P
#34565000
b0111 E
1P
b00000000 V
1W
#34570000
0%
0'
1(
b00000000000000000000110011110011 /
b100001 0
b00000000000000000000000000000011 K
0P
#34575000
1<
0=
1P
b0111 T
b00000001 V
0W
#34580000
0$
1%
0(
b00000000000000000000110011110100 /
b000010 0
b0111 J
b00000000000000000000000000000001 K
0P
b0111 R
#34585000
b0000 E
1P
b00000000 V
1W
#34590000
0%
1'
b00000000000000000000110011110101 /
b010000 0
b00000000000000000000000000000010 K
0P
#34595000
1;
0<
1P
b0000 T
b00000001 V
0W
#34600000
1&
b00000000000000000000110011110110 /
b011000 0
b0000 J
b00000000000000000000000000000001 K
0P
b0000 R
#34605000
b0100 E
b0010 G
b010 H
1P
b00000000 V
1W
#34610000
1$
1%
1(
b00000000000000000000110011110111 /
b111100 0
b0011 E
b00000000000000000000000000000010 K
0P
#34615000
07
19
0;
1=
1P
b0011 T
b011 U
b00000010 V
0W
#34620000
0$
0(
b00000000000000000000110011111000 /
b011010 0
b00000000000000000000000001000011 3
b0011 J
b00000000000000000000000000000001 K
b00000000000000000000000110111011 M
b0011 N
0P
b0011 R
#34625000
1P
b00000001 V
#34630000
0%
0&
0'
1(
b00000000000000000000110011111001 /
b100000 0
b00000000000000000000000000000010 K
0P
#34635000
b0111 E
1P
b00000000 V
1W
#34640000
1&
1'
b00000000000000000000110011111010 /
b111000 0
b00000000000000000000000000000011 K
0P
#34645000
18
09
1<
0=
1P
b0111 T
b00000001 V
0W
#34650000
1$
0&
0(
b00000000000000000000110011111011 /
b010001 0
b0111 J
b00000000000000000000000000000001 K
0P
b0111 R
#34655000
b0000 E
1P
b00000000 V
1W
#34660000
0$
0'
b00000000000000000000110011111100 /
b000000 0
b00000000000000000000000000000010 K
0P
#34665000
17
08
1;
0<
1P
b0000 T
b00000001 V
0W
#34670000
1'
1(
b00000000000000000000110011111101 /
b110000 0
b0000 J
b00000000000000000000000000000001 K
0P
b0000 R
#34675000
b0101 E
b0011 G
b011 H
1P
b00000000 V
1W
#34680000
1$
1%
b00000000000000000000110011111110 /
b110100 0
b00000000000000000000000000000010 K
0P
#34685000
07
1:
1P
b0101 T
b101 U
b00000011 V
0W
#34690000
0$
0(
b00000000000000000000110011111111 /
b010010 0
b00000000000000000000000001011111 5
b0101 J
b00000000000000000000000000000001 K
b00000000000000000000000110111100 M
b0101 N
0P
b0101 R
#34695000
1P
b00000010 V
#34700000
1$
0%
0'
1(
b00000000000000000000110100000000 /
b100001 0
b00000000000000000000000000000010 K
0P
#34705000
1P
b00000001 V
#34710000
1%
0(
b00000000000000000000110100000001 /
b000100 0
b00000000000000000000000000000011 K
0P
#34715000
b0111 E
1P
b00000000 V
1W
#34720000
0$
1'
b00000000000000000000110100000010 /
b010010 0
b00000000000000000000000000000100 K
0P
#34725000
18
0:
1P
b0111 T
b00000001 V
0W
#34730000
1$
1(
b00000000000000000000110100000011 /
b110100 0
b0111 J
b00000000000000000000000000000001 K
0P
b0111 R
#34735000
b0000 E
1P
b00000000 V
1W
#34740000
0$
0%
b00000000000000000000110100000100 /
b110000 0
b00000000000000000000000000000010 K
0P
#34745000
17
08
1P
b0000 T
b00000001 V
0W
#34750000
1$
1&
0'
0(
b00000000000000000000110100000101 /
b001001 0
b0000 J
b00000000000000000000000000000001 K
0P
b0000 R
#34755000
b0001 E
b0101 G
b101 H
1P
b00000000 V
1W
#34760000
0$
1%
0&
1(
b00000000000000000000110100000110 /
b100010 0
b0110 E
b00000000000000000000000000000010 K
0P
#34765000
0;
1>
1P
b0110 T
b110 U
b00000011 V
0W
#34770000
1$
0%
1&
1'
0(
b00000000000000000000110100000111 /
b011001 0
b00000000000000000000000001011100 6
b0110 J
b00000000000000000000000000000001 K
b00000000000000000000000110111101 M
b0110 N
0P
b0110 R
#34775000
1P
b00000010 V
#34780000
b00000000000000000000110100001000 /
b00000000000000000000000000000010 K
0P
#34785000
1P
b00000001 V
#34790000
0$
1%
0&
0'
b00000000000000000000110100001001 /
b000010 0
b00000000000000000000000000000011 K
0P
#34795000
b0111 E
1P
b00000000 V
1W
#34800000
1&
1'
1(
b00000000000000000000110100001010 /
b111010 0
b00000000000000000000000000000100 K
0P
#34805000
1<
0>
1P
b0111 T
b00000001 V
0W
#34810000
1$
0&
0'
b00000000000000000000110100001011 /
b100100 0
b0111 J
b00000000000000000000000000000001 K
0P
b0111 R
#34815000
b0000 E
1P
b00000000 V
1W
#34820000
1'
b00000000000000000000110100001100 /
b110100 0
b00000000000000000000000000000010 K
0P
#34825000
1;
0<
1P
b0000 T
b00000001 V
0W
#34830000
0'
b00000000000000000000110100001101 /
b100100 0
b0000 J
b00000000000000000000000000000001 K
0P
b0000 R
#34835000
b0011 E
b0110 G
b110 H
1P
b00000000 V
1W
#34840000
0$
0%
0(
b00000000000000000000110100001110 /
b000000 0
b0001 E
0I
b00000000000000000000000000000010 K
0P
#34845000
07
19
1P
b0001 T
b001 U
b00000010 V
0W
#34850000
1%
1&
1(
b00000000000000000000110100001111 /
b101010 0
b00000000000000000000000000101010 1
b0001 J
b00000000000000000000000000000001 K
b00000000000000000000000110111110 M
b0001 N
0P
b0001 R
#34855000
1P
b00000001 V
#34860000
1'
0(
b00000000000000000000110100010000 /
b011010 0
b00000000000000000000000000000010 K
0P
#34865000
b0111 E
1P
b00000000 V
1W
#34870000
0%
0'
b00000000000000000000110100010001 /
b001000 0
b00000000000000000000000000000011 K
0P
#34875000
18
09
1P
b0111 T
b00000001 V
0W
#34880000
1$
1%
b00000000000000000000110100010010 /
b001100 0
b0111 J
b00000000000000000000000000000001 K
0P
b0111 R
#34885000
b0000 E
1P
b00000000 V
1W
#34890000
0%
0&
1(
b00000000000000000000110100010011 /
b100001 0
b00000000000000000000000000000010 K
0P
#34895000
17
08
1P
b0000 T
b00000001 V
0W
#34900000
0$
1&
0(
b00000000000000000000110100010100 /
b001000 0
b0000 J
b00000000000000000000000000000001 K
0P
b0000 R
#34905000
b0100 E
b0001 G
b001 H
1I
1P
b00000000 V
1W
#34910000
1%
0&
1'
b00000000000000000000110100010101 /
b010010 0
b0010 E
b00000000000000000000000000000010 K
0P
#34915000
0;
1=
1P
b0010 T
b010 U
b00000010 V
0W
#34920000
1&
1(
b00000000000000000000110100010110 /
b111010 0
b00000000000000000000000000111111 2
b0010 J
b00000000000000000000000000000001 K
b00000000000000000000000110111111 M
b0010 N
0P
b0010 R
#34925000
1P
b00000001 V
#34930000
0%
0&
0'
0(
b00000000000000000000110100010111 /
b000000 0
b00000000000000000000000000000010 K
0P
#34935000
b0111 E
1P
b00000000 V
1W
#34940000
1$
1%
1&
b00000000000000000000110100011000 /
b001100 0
b00000000000000000000000000000011 K
0P
#34945000
1<
0=
1P
b0111 T
b00000001 V
0W
#34950000
0$
0&
1(
b00000000000000000000110100011001 /
b100010 0
b0111 J
b00000000000000000000000000000001 K
0P
b0111 R
#34955000
b0000 E
1P
b00000000 V
1W
#34960000
0%
0(
b00000000000000000000110100011010 /
b000000 0
b00000000000000000000000000000010 K
0P
#34965000
1;
0<
1P
b0000 T
b00000001 V
0W
#34970000
1$
1%
1&
1'
b00000000000000000000110100011011 /
b011100 0
b0000 J
b00000000000000000000000000000001 K
0P
b0000 R
#34975000
b0011 E
b0010 G
b010 H
1P
b00000000 V
1W
#34980000
0%
b00000000000000000000110100011100 /
b011001 0
b0100 E
b00000000000000000000000000000010 K
0P
#34985000
0?
1A
1P
b0100 T
b100 U
b00000100 V
0W
#34990000
1%
0'
b00000000000000000000110100011101 /
b001100 0
b00000000000000000000000001011001 4
b0100 J
b00000000000000000000000000000001 K
b00000000000000000000000111000000 M
b0100 N
0P
b0100 R
#34995000
1P
b00000011 V
#35000000
0$
0%
1'
1(
b00000000000000000000110100011110 /
b111000 0
b00000000000000000000000000000010 K
0P
#35005000
1P
b00000010 V
#35010000
1$
0&
0'
b00000000000000000000110100011111 /
b100001 0
b00000000000000000000000000000011 K
0P
#35015000
1P
b00000001 V
#35020000
0$
1%
1&
0(
b00000000000000000000110100100000 /
b001010 0
b00000000000000000000000000000100 K
0P
#35025000
b0111 E
1P
b00000000 V
1W
#35030000
1$
0&
b00000000000000000000110100100001 /
b000100 0
b00000000000000000000000000000101 K
0P
#35035000
1@
0A
1P
b0111 T
b00000001 V
0W
#35040000
1'
1(
b00000000000000000000110100100010 /
b110100 0
b0111 J
b00000000000000000000000000000001 K
0P
b0111 R
#35045000
b0000 E
1P
b00000000 V
1W
#35050000
0$
1&
0(
b00000000000000000000110100100011 /
b011010 0
b00000000000000000000000000000010 K
0P
#35055000
1?
0@
1P
b0000 T
b00000001 V
0W
#35060000
0&
0'
b00000000000000000000110100100100 /
b000010 0
b0000 J
b00000000000000000000000000000001 K
0P
b0000 R
#35065000
b0010 E
b0100 G
b100 H
1P
b00000000 V
1W
#35070000
1$
b00000000000000000000110100100101 /
b000100 0
b0011 E
b00000000000000000000000000000010 K
0P
#35075000
07
19
0;
1=
1P
b0011 T
b011 U
b00000010 V
0W
#35080000
1'
1(
b00000000000000000000110100100110 /
b110100 0
b00000000000000000000000001000100 3
b0011 J
b00000000000000000000000000000001 K
b00000000000000000000000111000001 M
b0011 N
0P
b0011 R
#35085000
1P
b00000001 V
#35090000
0$
1&
0'
0(
b00000000000000000000110100100111 /
b001010 0
b00000000000000000000000000000010 K
0P
#35095000
b0111 E
1P
b00000000 V
1W
#35100000
1$
b00000000000000000000110100101000 /
b001100 0
b00000000000000000000000000000011 K
0P
#35105000
18
09
1<
0=
1P
b0111 T
b00000001 V
0W
#35110000
0$
0%
1'
1(
b00000000000000000000110100101001 /
b111000 0
b0111 J
b00000000000000000000000000000001 K
0P
b0111 R
#35115000
b0000 E
1P
b00000000 V
1W
#35120000
1%
0&
0(
b00000000000000000000110100101010 /
b010010 0
b00000000000000000000000000000010 K
0P
#35125000
17
08
1;
0<
1P
b0000 T
b00000001 V
0W
#35130000
1$
0%
b00000000000000000000110100101011 /
b010001 0
b0000 J
b00000000000000000000000000000001 K
0P
b0000 R
#35135000
b0101 E
b0011 G
b011 H
1P
b00000000 V
1W
#35140000
0$
1&
0'
b00000000000000000000110100101100 /
b001000 0
b0100 E
b00000000000000000000000000000010 K
0P
#35145000
0?
1A
1P
b0100 T
b100 U
b00000100 V
0W
#35150000
b00000000000000000000110100101101 /
b00000000000000000000000001011010 4
b0100 J
b00000000000000000000000000000001 K
b00000000000000000000000111000010 M
b0100 N
0P
b0100 R
#35155000
1P
b00000011 V
#35160000
1%
0&
1(
b00000000000000000000110100101110 /
b100010 0
b00000000000000000000000000000010 K
0P
#35165000
1P
b00000010 V
#35170000
0(
b00000000000000000000110100101111 /
b000010 0
b00000000000000000000000000000011 K
0P
#35175000
1P
b00000001 V
#35180000
0%
1&
1'
b00000000000000000000110100110000 /
b011000 0
b00000000000000000000000000000100 K
0P
#35185000
b0111 E
1P
b00000000 V
1W
#35190000
1%
0&
0'
b00000000000000000000110100110001 /
b000010 0
b00000000000000000000000000000101 K
0P
#35195000
1@
0A
1P
b0111 T
b00000001 V
0W
#35200000
1'
1(
b00000000000000000000110100110010 /
b110010 0
b0111 J
b00000000000000000000000000000001 K
0P
b0111 R
#35205000
b0000 E
1P
b00000000 V
1W
#35210000
1$
0'
b00000000000000000000110100110011 /
b100100 0
b00000000000000000000000000000010 K
0P
#35215000
1?
0@
1P
b0000 T
b00000001 V
0W
#35220000
0$
0%
1&
b00000000000000000000110100110100 /
b101000 0
b0000 J
b00000000000000000000000000000001 K
0P
b0000 R
#35225000
b0110 E
b0100 G
b100 H
1P
b00000000 V
1W
#35230000
1$
1%
0&
0(
b00000000000000000000110100110101 /
b000100 0
b0011 E
b00000000000000000000000000000010 K
0P
#35235000
07
19
0;
1=
1P
b0011 T
b011 U
b00000010 V
0W
#35240000
0$
b00000000000000000000110100110110 /
b000010 0
b00000000000000000000000001000101 3
b0011 J
b00000000000000000000000000000001 K
b00000000000000000000000111000011 M
b0011 N
0P
b0011 R
#35245000
1P
b00000001 V
#35250000
1'
b00000000000000000000110100110111 /
b010010 0
b00000000000000000000000000000010 K
0P
#35255000
b0111 E
1P
b00000000 V
1W
#35260000
0%
b00000000000000000000110100111000 /
b010000 0
b00000000000000000000000000000011 K
0P
#35265000
18
09
1<
0=
1P
b0111 T
b00000001 V
0W
#35270000
0'
1(
b00000000000000000000110100111001 /
b100000 0
b0111 J
b00000000000000000000000000000001 K
0P
b0111 R
#35275000
b0000 E
1P
b00000000 V
1W
#35280000
1%
1&
b00000000000000000000110100111010 /
b101010 0
b00000000000000000000000000000010 K
0P
#35285000
17
08
1;
0<
1P
b0000 T
b00000001 V
0W
#35290000
1$
0%
0&
1'
b00000000000000000000110100111011 /
b110001 0
b0000 J
b00000000000000000000000000000001 K
0P
b0000 R
#35295000
b0101 E
b0011 G
b011 H
1P
b00000000 V
1W
#35300000
1&
b00000000000000000000110100111100 /
b111001 0
b0100 E
b00000000000000000000000000000010 K
0P
#35305000
0?
1A
1P
b0100 T
b100 U
b00000100 V
0W
#35310000
0'
b00000000000000000000110100111101 /
b101001 0
b00000000000000000000000001011011 4
b0100 J
b00000000000000000000000000000001 K
b00000000000000000000000111000100 M
b0100 N
0P
b0100 R
#35315000
1P
b00000011 V
#35320000
0$
0&
1'
b00000000000000000000110100111110 /
b110000 0
b00000000000000000000000000000010 K
0P
#35325000
1P
b00000010 V
#35330000
1$
0'
b00000000000000000000110100111111 /
b100001 0
b00000000000000000000000000000011 K
0P
#35335000
1P
b00000001 V
#35340000
1'
b00000000000000000000110101000000 /
b110001 0
b00000000000000000000000000000100 K
0P
#35345000
b0111 E
1P
b00000000 V
1W
#35350000
0$
1%
1&
b00000000000000000000110101000001 /
b111010 0
b00000000000000000000000000000101 K
0P
#35355000
1@
0A
1P
b0111 T
b00000001 V
0W
#35360000
1$
0'
b00000000000000000000110101000010 /
b101100 0
b0111 J
b00000000000000000000000000000001 K
0P
b0111 R
#35365000
b0000 E
1P
b00000000 V
1W
#35370000
0%
0(
b00000000000000000000110101000011 /
b001001 0
b00000000000000000000000000000010 K
0P
#35375000
1?
0@
1P
b0000 T
b00000001 V
0W
#35380000
1%
0&
1'
1(
b00000000000000000000110101000100 /
b110100 0
b0000 J
b00000000000000000000000000000001 K
0P
b0000 R
#35385000
b0101 E
b0100 G
b100 H
1P
b00000000 V
1W
#35390000
0'
b00000000000000000000110101000101 /
b100100 0
b0110 E
b00000000000000000000000000000010 K
0P
#35395000
0;
1>
1P
b0110 T
b110 U
b00000011 V
0W
#35400000
0%
1'
0(
b00000000000000000000110101000110 /
b010001 0
b00000000000000000000000001011101 6
b0110 J
b00000000000000000000000000000001 K
b00000000000000000000000111000101 M
b0110 N
0P
b0110 R
#35405000
1P
b00000010 V
#35410000
1%
b00000000000000000000110101000111 /
b010100 0
b00000000000000000000000000000010 K
0P
#35415000
1P
b00000001 V
#35420000
0$
b00000000000000000000110101001000 /
b010010 0
b00000000000000000000000000000011 K
0P
#35425000
b0111 E
1P
b00000000 V
1W
#35430000
0'
b00000000000000000000110101001001 /
b000010 0
b00000000000000000000000000000100 K
0P
#35435000
1<
0>
1P
b0111 T
b00000001 V
0W
#35440000
1&
1'
b00000000000000000000110101001010 /
b011010 0
b0111 J
b00000000000000000000000000000001 K
0P
b0111 R
#35445000
b0000 E
1P
b00000000 V
1W
#35450000
1$
0%
0'
1(
b00000000000000000000110101001011 /
b101001 0
b00000000000000000000000000000010 K
0P
#35455000
1;
0<
1P
b0000 T
b00000001 V
0W
#35460000
0&
1'
b00000000000000000000110101001100 /
b110001 0
b0000 J
b00000000000000000000000000000001 K
0P
b0000 R
#35465000
b0001 E
b0110 G
b110 H
1P
b00000000 V
1W
#35470000
0$
1%
1&
0'
b00000000000000000000110101001101 /
b101010 0
b0010 E
b00000000000000000000000000000010 K
0P
#35475000
0;
1=
1P
b0010 T
b010 U
b00000010 V
0W
#35480000
1$
0%
0(
b00000000000000000000110101001110 /
b001001 0
b00000000000000000000000001000000 2
b0010 J
b00000000000000000000000000000001 K
b00000000000000000000000111000110 M
b0010 N
0P
b0010 R
#35485000
1P
b00000001 V
#35490000
0$
1(
b00000000000000000000110101001111 /
b101000 0
b00000000000000000000000000000010 K
0P
#35495000
b0111 E
1P
b00000000 V
1W
#35500000
1$
1'
0(
b00000000000000000000110101010000 /
b011001 0
b00000000000000000000000000000011 K
0P
#35505000
1<
0=
1P
b0111 T
b00000001 V
0W
#35510000
0$
0'
1(
b00000000000000000000110101010001 /
b101000 0
b0111 J
b00000000000000000000000000000001 K
0P
b0111 R
#35515000
b0000 E
1P
b00000000 V
1W
#35520000
1$
0&
1'
b00000000000000000000110101010010 /
b110001 0
b00000000000000000000000000000010 K
0P
#35525000
1;
0<
1P
b0000 T
b00000001 V
0W
#35530000
0$
0'
0(
b00000000000000000000110101010011 /
b000000 0
b0000 J
b00000000000000000000000000000001 K
0P
b0000 R
#35535000
b0011 E
b0010 G
b010 H
0I
1P
b00000000 V
1W
#35540000
1$
1%
1&
b00000000000000000000110101010100 /
b001100 0
1I
b00000000000000000000000000000010 K
0P
#35545000
07
19
0;
1=
1P
b0011 T
b011 U
b00000010 V
0W
#35550000
0%
0&
1(
b00000000000000000000110101010101 /
b100001 0
b00000000000000000000000001000110 3
b0011 J
b00000000000000000000000000000001 K
b00000000000000000000000111000111 M
b0011 N
0P
b0011 R
#35555000
1P
b00000001 V
#35560000
1&
1'
0(
b00000000000000000000110101010110 /
b011001 0
b00000000000000000000000000000010 K
0P
#35565000
b0111 E
1P
b00000000 V
1W
#35570000
0&
b00000000000000000000110101010111 /
b010001 0
b00000000000000000000000000000011 K
0P
#35575000
18
09
1<
0=
1P
b0111 T
b00000001 V
0W
#35580000
0$
1%
1(
b00000000000000000000110101011000 /
b110010 0
b0111 J
b00000000000000000000000000000001 K
0P
b0111 R
#35585000
b0000 E
1P
b00000000 V
1W
#35590000
0%
1&
0(
b00000000000000000000110101011001 /
b011000 0
b00000000000000000000000000000010 K
0P
#35595000
17
08
1;
0<
1P
b0000 T
b00000001 V
0W
#35600000
1$
0'
b00000000000000000000110101011010 /
b001001 0
b0000 J
b00000000000000000000000000000001 K
0P
b0000 R
#35605000
b0100 E
b0011 G
b011 H
1P
b00000000 V
1W
#35610000
1%
1'
1(
b00000000000000000000110101011011 /
b111100 0
b00000000000000000000000000000010 K
0P
#35615000
0?
1A
1P
b0100 T
b100 U
b00000100 V
0W
#35620000
0&
0'
0(
b00000000000000000000110101011100 /
b000100 0
b00000000000000000000000001011100 4
b0100 J
b00000000000000000000000000000001 K
b00000000000000000000000111001000 M
b0100 N
0P
b0100 R
#35625000
1P
b00000011 V
#35630000
1(
b00000000000000000000110101011101 /
b100100 0
b00000000000000000000000000000010 K
0P
#35635000
1P
b00000010 V
#35640000
0$
0%
b00000000000000000000110101011110 /
b100000 0
b00000000000000000000000000000011 K
0P
#35645000
1P
b00000001 V
#35650000
1$
1%
1&
1'
0(
b00000000000000000000110101011111 /
b011100 0
b00000000000000000000000000000100 K
0P
#35655000
b0111 E
1P
b00000000 V
1W
#35660000
0$
0%
0'
b00000000000000000000110101100000 /
b001000 0
b00000000000000000000000000000101 K
0P
#35665000
1@
0A
1P
b0111 T
b00000001 V
0W
#35670000
1$
1(
b00000000000000000000110101100001 /
b101001 0
b0111 J
b00000000000000000000000000000001 K
0P
b0111 R
#35675000
b0000 E
1P
b00000000 V
1W
#35680000
0$
b00000000000000000000110101100010 /
b101000 0
b00000000000000000000000000000010 K
0P
#35685000
1?
0@
1P
b0000 T
b00000001 V
0W
#35690000
1$
0&
1'
0(
b00000000000000000000110101100011 /
b010001 0
b0000 J
b00000000000000000000000000000001 K
0P
b0000 R
#35695000
b0101 E
b0100 G
b100 H
1P
b00000000 V
1W
#35700000
0$
0'
b00000000000000000000110101100100 /
b000000 0
0I
b00000000000000000000000000000010 K
0P
#35705000
07
1:
1P
b0101 T
b101 U
b00000011 V
0W
#35710000
1$
1'
b00000000000000000000110101100101 /
b010001 0
b00000000000000000000000001100000 5
b0101 J
b00000000000000000000000000000001 K
b00000000000000000000000111001001 M
b0101 N
0P
b0101 R
#35715000
1P
b00000010 V
#35720000
0$
1%
1&
1(
b00000000000000000000110101100110 /
b111010 0
b00000000000000000000000000000010 K
0P
#35725000
1P
b00000001 V
#35730000
1$
0%
0&
b00000000000000000000110101100111 /
b110001 0
b00000000000000000000000000000011 K
0P
#35735000
b0111 E
1P
b00000000 V
1W
#35740000
1%
b00000000000000000000110101101000 /
b110100 0
b00000000000000000000000000000100 K
0P
#35745000
18
0:
1P
b0111 T
b00000001 V
0W
#35750000
0$
0%
b00000000000000000000110101101001 /
b110000 0
b0111 J
b00000000000000000000000000000001 K
0P
b0111 R
#35755000
b0000 E
1P
b00000000 V
1W
#35760000
1$
1&
0(
b00000000000000000000110101101010 /
b011001 0
b00000000000000000000000000000010 K
0P
#35765000
17
08
1P
b0000 T
b00000001 V
0W
#35770000
0$
0&
b00000000000000000000110101101011 /
b010000 0
b0000 J
b00000000000000000000000000000001 K
0P
b0000 R
#35775000
b0101 E
b0101 G
b101 H
1I
1P
b00000000 V
1W
#35780000
0'
1(
b00000000000000000000110101101100 /
b100000 0
b0110 E
b00000000000000000000000000000010 K
0P
#35785000
0;
1>
1P
b0110 T
b110 U
b00000011 V
0W
#35790000
1$
1'
0(
b00000000000000000000110101101101 /
b010001 0
b00000000000000000000000001011110 6
b0110 J
b00000000000000000000000000000001 K
b00000000000000000000000111001010 M
b0110 N
0P
b0110 R
#35795000
1P
b00000010 V
#35800000
1%
1(
b00000000000000000000110101101110 /
b110100 0
b00000000000000000000000000000010 K
0P
#35805000
1P
b00000001 V
#35810000
0$
0%
1&
0'
b00000000000000000000110101101111 /
b101000 0
b00000000000000000000000000000011 K
0P
#35815000
b0111 E
1P
b00000000 V
1W
#35820000
0&
1'
b00000000000000000000110101110000 /
b110000 0
b00000000000000000000000000000100 K
0P
#35825000
1<
0>
1P
b0111 T
b00000001 V
0W
#35830000
1$
1%
1&
b00000000000000000000110101110001 /
b111100 0
b0111 J
b00000000000000000000000000000001 K
0P
b0111 R
#35835000
b0000 E
1P
b00000000 V
1W
#35840000
0$
b00000000000000000000110101110010 /
b111010 0
b00000000000000000000000000000010 K
0P
#35845000
1;
0<
1P
b0000 T
b00000001 V
0W
#35850000
0%
0'
b00000000000000000000110101110011 /
b101000 0
b0000 J
b00000000000000000000000000000001 K
0P
b0000 R
#35855000
b0100 E
b0110 G
b110 H
1P
b00000000 V
1W
#35860000
1$
1%
0&
b00000000000000000000110101110100 /
b100100 0
b0011 E
b00000000000000000000000000000010 K
0P
#35865000
07
19
0;
1=
1P
b0011 T
b011 U
b00000010 V
0W
#35870000
0$
0%
0(
b00000000000000000000110101110101 /
b000000 0
b00000000000000000000000001000111 3
b0011 J
b00000000000000000000000000000001 K
b00000000000000000000000111001011 M
b0011 N
0P
b0011 R
#35875000
1P
b00000001 V
#35880000
1%
1'
1(
b00000000000000000000110101110110 /
b110010 0
b00000000000000000000000000000010 K
0P
#35885000
b0111 E
1P
b00000000 V
1W
#35890000
0'
0(
b00000000000000000000110101110111 /
b000010 0
b00000000000000000000000000000011 K
0P
#35895000
18
09
1<
0=
1P
b0111 T
b00000001 V
0W
#35900000
1'
b00000000000000000000110101111000 /
b010010 0
b0111 J
b00000000000000000000000000000001 K
0P
b0111 R
#35905000
b0000 E
1P
b00000000 V
1W
#35910000
0%
b00000000000000000000110101111001 /
b010000 0
b00000000000000000000000000000010 K
0P
#35915000
17
08
1;
0<
1P
b0000 T
b00000001 V
0W
#35920000
1%
1(
b00000000000000000000110101111010 /
b110010 0
b0000 J
b00000000000000000000000000000001 K
0P
b0000 R
#35925000
b0101 E
b0011 G
b011 H
1P
b00000000 V
1W
#35930000
1$
1&
b00000000000000000000110101111011 /
b111100 0
b0100 E
b00000000000000000000000000000010 K
0P
#35935000
0?
1A
1P
b0100 T
b100 U
b00000100 V
0W
#35940000
0$
0&
0(
b00000000000000000000110101111100 /
b010010 0
b00000000000000000000000001011101 4
b0100 J
b00000000000000000000000000000001 K
b00000000000000000000000111001100 M
b0100 N
0P
b0100 R
#35945000
1P
b00000011 V
#35950000
1&
0'
b00000000000000000000110101111101 /
b001010 0
b00000000000000000000000000000010 K
0P
#35955000
1P
b00000010 V
#35960000
1$
1'
b00000000000000000000110101111110 /
b011100 0
b00000000000000000000000000000011 K
0P
#35965000
1P
b00000001 V
#35970000
0'
1(
b00000000000000000000110101111111 /
b101100 0
b00000000000000000000000000000100 K
0P
#35975000
b0111 E
1P
b00000000 V
1W
#35980000
0&
1'
0(
b00000000000000000000110110000000 /
b010100 0
b00000000000000000000000000000101 K
0P
#35985000
1@
0A
1P
b0111 T
b00000001 V
0W
#35990000
0$
0'
1(
b00000000000000000000110110000001 /
b100010 0
b0111 J
b00000000000000000000000000000001 K
0P
b0111 R
#35995000
b0000 E
1P
b00000000 V
1W
#36000000
0%
1'
b00000000000000000000110110000010 /
b110000 0
b00000000000000000000000000000010 K
0P
#36005000
1?
0@
1P
b0000 T
b00000001 V
0W
#36010000
1&
0(
b00000000000000000000110110000011 /
b011000 0
b0000 J
b00000000000000000000000000000001 K
0P
b0000 R
#36015000
b0101 E
b0100 G
b100 H
1P
b00000000 V
1W
#36020000
0&
b00000000000000000000110110000100 /
b010000 0
b00000000000000000000000000000010 K
0P
#36025000
07
1:
1P
b0101 T
b101 U
b00000011 V
0W
#36030000
1$
1%
1(
b00000000000000000000110110000101 /
b110100 0
b00000000000000000000000001100001 5
b0101 J
b00000000000000000000000000000001 K
b00000000000000000000000111001101 M
b0101 N
0P
b0101 R
#36035000
1P
b00000010 V
#36040000
b00000000000000000000110110000110 /
b00000000000000000000000000000010 K
0P
#36045000
1P
b00000001 V
#36050000
b00000000000000000000110110000111 /
b00000000000000000000000000000011 K
0P
#36055000
b0111 E
1P
b00000000 V
1W
#36060000
0$
b00000000000000000000110110001000 /
b110010 0
b00000000000000000000000000000100 K
0P
#36065000
18
0:
1P
b0111 T
b00000001 V
0W
#36070000
0%
1&
b00000000000000000000110110001001 /
b111000 0
b0111 J
b00000000000000000000000000000001 K
0P
b0111 R
#36075000
b0000 E
1P
b00000000 V
1W
#36080000
1$
0&
0'
b00000000000000000000110110001010 /
b100001 0
b00000000000000000000000000000010 K
0P
#36085000
17
08
1P
b0000 T
b00000001 V
0W
#36090000
0$
1%
1&
1'
b00000000000000000000110110001011 /
b111010 0
b0000 J
b00000000000000000000000000000001 K
0P
b0000 R
#36095000
b0110 E
b0101 G
b101 H
1P
b00000000 V
1W
#36100000
1$
0%
0&
0'
0(
b00000000000000000000110110001100 /
b000001 0
b0001 E
b00000000000000000000000000000010 K
0P
#36105000
07
19
1P
b0001 T
b001 U
b00000010 V
0W
#36110000
b00000000000000000000110110001101 /
b00000000000000000000000000101011 1
b0001 J
b00000000000000000000000000000001 K
b00000000000000000000000111001110 M
b0001 N
0P
b0001 R
#36115000
1P
b00000001 V
#36120000
1%
1(
b00000000000000000000110110001110 /
b100100 0
b00000000000000000000000000000010 K
0P
#36125000
b0111 E
1P
b00000000 V
1W
#36130000
0$
0%
1&
1'
b00000000000000000000110110001111 /
b111000 0
b00000000000000000000000000000011 K
0P
#36135000
18
09
1P
b0111 T
b00000001 V
0W
#36140000
1$
0&
b00000000000000000000110110010000 /
b110001 0
b0111 J
b00000000000000000000000000000001 K
0P
b0111 R
#36145000
b0000 E
1P
b00000000 V
1W
#36150000
0$
1%
1&
0(
b00000000000000000000110110010001 /
b011010 0
b00000000000000000000000000000010 K
0P
#36155000
17
08
1P
b0000 T
b00000001 V
0W
#36160000
0&
0'
1(
b00000000000000000000110110010010 /
b100010 0
b0000 J
b00000000000000000000000000000001 K
0P
b0000 R
#36165000
b0010 E
b0001 G
b001 H
1P
b00000000 V
1W
#36170000
1'
0(
b00000000000000000000110110010011 /
b010010 0
b00000000000000000000000000000010 K
0P
#36175000
0;
1=
1P
b0010 T
b010 U
b00000010 V
0W
#36180000
1$
0%
1&
0'
b00000000000000000000110110010100 /
b001001 0
b00000000000000000000000001000001 2
b0010 J
b00000000000000000000000000000001 K
b00000000000000000000000111001111 M
b0010 N
0P
b0010 R
#36185000
1P
b00000001 V
#36190000
0$
1%
1'
b00000000000000000000110110010101 /
b011010 0
b00000000000000000000000000000010 K
0P
#36195000
b0111 E
1P
b00000000 V
1W
#36200000
0%
0&
0'
1(
b00000000000000000000110110010110 /
b100000 0
b00000000000000000000000000000011 K
0P
#36205000
1<
0=
1P
b0111 T
b00000001 V
0W
#36210000
1%
b00000000000000000000110110010111 /
b100010 0
b0111 J
b00000000000000000000000000000001 K
0P
b0111 R
#36215000
b0000 E
1P
b00000000 V
1W
#36220000
1$
0%
1&
1'
0(
b00000000000000000000110110011000 /
b011001 0
b00000000000000000000000000000010 K
0P
#36225000
1;
0<
1P
b0000 T
b00000001 V
0W
#36230000
0$
1%
1(
b00000000000000000000110110011001 /
b111010 0
b0000 J
b00000000000000000000000000000001 K
0P
b0000 R
#36235000
b0100 E
b0010 G
b010 H
1P
b00000000 V
1W
#36240000
0&
0'
b00000000000000000000110110011010 /
b100010 0
b0110 E
b00000000000000000000000000000010 K
0P
#36245000
0;
1>
1P
b0110 T
b110 U
b00000011 V
0W
#36250000
1$
1&
b00000000000000000000110110011011 /
b101100 0
b00000000000000000000000001011111 6
b0110 J
b00000000000000000000000000000001 K
b00000000000000000000000111010000 M
b0110 N
0P
b0110 R
#36255000
1P
b00000010 V
#36260000
0$
0&
1'
0(
b00000000000000000000110110011100 /
b010010 0
b00000000000000000000000000000010 K
0P
#36265000
1P
b00000001 V
#36270000
0%
b00000000000000000000110110011101 /
b010000 0
b00000000000000000000000000000011 K
0P
#36275000
b0111 E
1P
b00000000 V
1W
#36280000
1$
0'
b00000000000000000000110110011110 /
b000001 0
b00000000000000000000000000000100 K
0P
#36285000
1<
0>
1P
b0111 T
b00000001 V
0W
#36290000
1%
b00000000000000000000110110011111 /
b000100 0
b0111 J
b00000000000000000000000000000001 K
0P
b0111 R
#36295000
b0000 E
1P
b00000000 V
1W
#36300000
0$
1&
1'
b00000000000000000000110110100000 /
b011010 0
b00000000000000000000000000000010 K
0P
#36305000
1;
0<
1P
b0000 T
b00000001 V
0W
#36310000
1$
0%
1(
b00000000000000000000110110100001 /
b111001 0
b0000 J
b00000000000000000000000000000001 K
0P
b0000 R
#36315000
b0001 E
b0110 G
b110 H
1P
b00000000 V
1W
#36320000
0$
0&
b00000000000000000000110110100010 /
b110000 0
b0101 E
b00000000000000000000000000000010 K
0P
#36325000
07
1:
1P
b0101 T
b101 U
b00000011 V
0W
#36330000
1$
1&
b00000000000000000000110110100011 /
b111001 0
b00000000000000000000000001100010 5
b0101 J
b00000000000000000000000000000001 K
b00000000000000000000000111010001 M
b0101 N
0P
b0101 R
#36335000
1P
b00000010 V
#36340000
1%
0(
b00000000000000000000110110100100 /
b011100 0
b00000000000000000000000000000010 K
0P
#36345000
1P
b00000001 V
#36350000
b00000000000000000000110110100101 /
b00000000000000000000000000000011 K
0P
#36355000
b0111 E
1P
b00000000 V
1W
#36360000
0$
b00000000000000000000110110100110 /
b011010 0
b00000000000000000000000000000100 K
0P
#36365000
18
0:
1P
b0111 T
b00000001 V
0W
#36370000
0%
0&
0'
1(
b00000000000000000000110110100111 /
b100000 0
b0111 J
b00000000000000000000000000000001 K
0P
b0111 R
#36375000
b0000 E
1P
b00000000 V
1W
#36380000
1'
b00000000000000000000110110101000 /
b110000 0
b00000000000000000000000000000010 K
0P
#36385000
17
08
1P
b0000 T
b00000001 V
0W
#36390000
1$
1%
0'
b00000000000000000000110110101001 /
b100100 0
b0000 J
b00000000000000000000000000000001 K
0P
b0000 R
#36395000
b0110 E
b0101 G
b101 H
1P
b00000000 V
1W
#36400000
b00000000000000000000110110101010 /
b00000000000000000000000000000010 K
0P
#36405000
0;
1>
1P
b0110 T
b110 U
b00000011 V
0W
#36410000
0$
0%
0(
b00000000000000000000110110101011 /
b000000 0
b00000000000000000000000001100000 6
b0110 J
b00000000000000000000000000000001 K
b00000000000000000000000111010010 M
b0110 N
0P
b0110 R
#36415000
1P
b00000010 V
#36420000
1(
b00000000000000000000110110101100 /
b100000 0
b00000000000000000000000000000010 K
0P
#36425000
1P
b00000001 V
#36430000
1%
1'
0(
b00000000000000000000110110101101 /
b010010 0
b00000000000000000000000000000011 K
0P
#36435000
b0111 E
1P
b00000000 V
1W
#36440000
1$
1&
0'
b00000000000000000000110110101110 /
b001100 0
b00000000000000000000000000000100 K
0P
#36445000
1<
0>
1P
b0111 T
b00000001 V
0W
#36450000
0%
0&
b00000000000000000000110110101111 /
b000001 0
b0111 J
b00000000000000000000000000000001 K
0P
b0111 R
#36455000
b0000 E
1P
b00000000 V
1W
#36460000
1%
1(
b00000000000000000000110110110000 /
b100100 0
b00000000000000000000000000000010 K
0P
#36465000
1;
0<
1P
b0000 T
b00000001 V
0W
#36470000
0$
1&
0(
b00000000000000000000110110110001 /
b001010 0
b0000 J
b00000000000000000000000000000001 K
0P
b0000 R
#36475000
b0010 E
b0110 G
b110 H
1P
b00000000 V
1W
#36480000
1$
0%
0&
1(
b00000000000000000000110110110010 /
b100001 0
b0001 E
b00000000000000000000000000000010 K
0P
#36485000
07
19
1P
b0001 T
b001 U
b00000010 V
0W
#36490000
b00000000000000000000110110110011 /
b00000000000000000000000000101100 1
b0001 J
b00000000000000000000000000000001 K
b00000000000000000000000111010011 M
b0001 N
0P
b0001 R
#36495000
1P
b00000001 V
#36500000
0$
1&
0(
b00000000000000000000110110110100 /
b001000 0
b00000000000000000000000000000010 K
0P
#36505000
b0111 E
1P
b00000000 V
1W
#36510000
1$
1%
0&
b00000000000000000000110110110101 /
b000100 0
b00000000000000000000000000000011 K
0P
#36515000
18
09
1P
b0111 T
b00000001 V
0W
#36520000
0$
1&
b00000000000000000000110110110110 /
b001010 0
b0111 J
b00000000000000000000000000000001 K
0P
b0111 R
#36525000
b0000 E
1P
b00000000 V
1W
#36530000
1$
0%
1'
1(
b00000000000000000000110110110111 /
b111001 0
b00000000000000000000000000000010 K
0P
#36535000
17
08
1P
b0000 T
b00000001 V
0W
#36540000
1%
0&
b00000000000000000000110110111000 /
b110100 0
b0000 J
b00000000000000000000000000000001 K
0P
b0000 R
#36545000
b0011 E
b0001 G
b001 H
1P
b00000000 V
1W
#36550000
0$
b00000000000000000000110110111001 /
b110010 0
b0010 E
b00000000000000000000000000000010 K
0P
#36555000
0;
1=
1P
b0010 T
b010 U
b00000010 V
0W
#36560000
1$
0%
0'
0(
b00000000000000000000110110111010 /
b000001 0
b00000000000000000000000001000010 2
b0010 J
b00000000000000000000000000000001 K
b00000000000000000000000111010100 M
b0010 N
0P
b0010 R
#36565000
1P
b00000001 V
#36570000
1'
b00000000000000000000110110111011 /
b010001 0
b00000000000000000000000000000010 K
0P
#36575000
b0111 E
1P
b00000000 V
1W
#36580000
1&
0'
1(
b00000000000000000000110110111100 /
b101001 0
b00000000000000000000000000000011 K
0P
#36585000
1<
0=
1P
b0111 T
b00000001 V
0W
#36590000
b00000000000000000000110110111101 /
b0111 J
b00000000000000000000000000000001 K
0P
b0111 R
#36595000
b0000 E
1P
b00000000 V
1W
#36600000
1%
1'
b00000000000000000000110110111110 /
b111100 0
b00000000000000000000000000000010 K
0P
#36605000
1;
0<
1P
b0000 T
b00000001 V
0W
#36610000
0$
0&
b00000000000000000000110110111111 /
b110010 0
b0000 J
b00000000000000000000000000000001 K
0P
b0000 R
#36615000
b0101 E
b0010 G
b010 H
1P
b00000000 V
1W
#36620000
1$
0%
1&
0'
b00000000000000000000110111000000 /
b101001 0
b0100 E
b00000000000000000000000000000010 K
0P
#36625000
0?
1A
1P
b0100 T
b100 U
b00000100 V
0W
#36630000
b00000000000000000000110111000001 /
b00000000000000000000000001011110 4
b0100 J
b00000000000000000000000000000001 K
b00000000000000000000000111010101 M
b0100 N
0P
b0100 R
#36635000
1P
b00000011 V
#36640000
1'
b00000000000000000000110111000010 /
b111001 0
b00000000000000000000000000000010 K
0P
#36645000
1P
b00000010 V
#36650000
0$
1%
b00000000000000000000110111000011 /
b111010 0
b00000000000000000000000000000011 K
0P
#36655000
1P
b00000001 V
#36660000
0%
0(
b00000000000000000000110111000100 /
b011000 0
b00000000000000000000000000000100 K
0P
#36665000
b0111 E
1P
b00000000 V
1W
#36670000
1$
1%
0&
0'
b00000000000000000000110111000101 /
b000100 0
b00000000000000000000000000000101 K
0P
#36675000
1@
0A
1P
b0111 T
b00000001 V
0W
#36680000
0$
0%
1'
b00000000000000000000110111000110 /
b010000 0
b0111 J
b00000000000000000000000000000001 K
0P
b0111 R
#36685000
b0000 E
1P
b00000000 V
1W
#36690000
1$
1%
1&
b00000000000000000000110111000111 /
b011100 0
b00000000000000000000000000000010 K
0P
#36695000
1?
0@
1P
b0000 T
b00000001 V
0W
#36700000
0'
1(
b00000000000000000000110111001000 /
b101100 0
b0000 J
b00000000000000000000000000000001 K
0P
b0000 R
#36705000
b0110 E
b0100 G
b100 H
1P
b00000000 V
1W
#36710000
0&
1'
0(
b00000000000000000000110111001001 /
b010100 0
b0101 E
b00000000000000000000000000000010 K
0P
#36715000
07
1:
1P
b0101 T
b101 U
b00000011 V
0W
#36720000
0$
1&
0'
1(
b00000000000000000000110111001010 /
b101010 0
b00000000000000000000000001100011 5
b0101 J
b00000000000000000000000000000001 K
b00000000000000000000000111010110 M
b0101 N
0P
b0101 R
#36725000
1P
b00000010 V
#36730000
0%
0&
0(
b00000000000000000000110111001011 /
b000000 0
b00000000000000000000000000000010 K
0P
#36735000
1P
b00000001 V
#36740000
1$
1&
1'
b00000000000000000000110111001100 /
b011001 0
b00000000000000000000000000000011 K
0P
#36745000
b0111 E
1P
b00000000 V
1W
#36750000
0&
0'
1(
b00000000000000000000110111001101 /
b100001 0
b00000000000000000000000000000100 K
0P
#36755000
18
0:
1P
b0111 T
b00000001 V
0W
#36760000
0$
1%
b00000000000000000000110111001110 /
b100010 0
b0111 J
b00000000000000000000000000000001 K
0P
b0111 R
#36765000
b0000 E
1P
b00000000 V
1W
#36770000
1$
0%
1&
1'
0(
b00000000000000000000110111001111 /
b011001 0
b00000000000000000000000000000010 K
0P
#36775000
17
08
1P
b0000 T
b00000001 V
0W
#36780000
0$
0'
1(
b00000000000000000000110111010000 /
b101000 0
b0000 J
b00000000000000000000000000000001 K
0P
b0000 R
#36785000
b0110 E
b0101 G
b101 H
1P
b00000000 V
1W
#36790000
1'
b00000000000000000000110111010001 /
b111000 0
b00000000000000000000000000000010 K
0P
#36795000
0;
1>
1P
b0110 T
b110 U
b00000011 V
0W
#36800000
1$
0(
b00000000000000000000110111010010 /
b011001 0
b00000000000000000000000001100001 6
b0110 J
b00000000000000000000000000000001 K
b00000000000000000000000111010111 M
b0110 N
0P
b0110 R
#36805000
1P
b00000010 V
#36810000
0$
1%
0&
0'
1(
b00000000000000000000110111010011 /
b100010 0
b00000000000000000000000000000010 K
0P
#36815000
1P
b00000001 V
#36820000
0%
0(
b00000000000000000000110111010100 /
b000000 0
b00000000000000000000000000000011 K
0P
#36825000
b0111 E
1P
b00000000 V
1W
#36830000
b00000000000000000000110111010101 /
b00000000000000000000000000000100 K
0P
#36835000
1<
0>
1P
b0111 T
b00000001 V
0W
#36840000
1$
1(
b00000000000000000000110111010110 /
b100001 0
b0111 J
b00000000000000000000000000000001 K
0P
b0111 R
#36845000
b0000 E
1P
b00000000 V
1W
#36850000
0$
1&
1'
b00000000000000000000110111010111 /
b111000 0
b00000000000000000000000000000010 K
0P
#36855000
1;
0<
1P
b0000 T
b00000001 V
0W
#36860000
0&
b00000000000000000000110111011000 /
b110000 0
b0000 J
b00000000000000000000000000000001 K
0P
b0000 R
#36865000
b0101 E
b0110 G
b110 H
1P
b00000000 V
1W
#36870000
1$
0'
0(
b00000000000000000000110111011001 /
b000001 0
b0001 E
b00000000000000000000000000000010 K
0P
#36875000
07
19
1P
b0001 T
b001 U
b00000010 V
0W
#36880000
1%
1&
1'
b00000000000000000000110111011010 /
b011100 0
b00000000000000000000000000101101 1
b0001 J
b00000000000000000000000000000001 K
b00000000000000000000000111011000 M
b0001 N
0P
b0001 R
#36885000
1P
b00000001 V
#36890000
0$
0'
b00000000000000000000110111011011 /
b001010 0
b00000000000000000000000000000010 K
0P
#36895000
b0111 E
1P
b00000000 V
1W
#36900000
0%
b00000000000000000000110111011100 /
b001000 0
b00000000000000000000000000000011 K
0P
#36905000
18
09
1P
b0111 T
b00000001 V
0W
#36910000
1%
0&
1'
b00000000000000000000110111011101 /
b010010 0
b0111 J
b00000000000000000000000000000001 K
0P
b0111 R
#36915000
b0000 E
1P
b00000000 V
1W
#36920000
b00000000000000000000110111011110 /
b00000000000000000000000000000010 K
0P
#36925000
17
08
1P
b0000 T
b00000001 V
0W
#36930000
1$
0'
b00000000000000000000110111011111 /
b000100 0
b0000 J
b00000000000000000000000000000001 K
0P
b0000 R
#36935000
b0011 E
b0001 G
b001 H
1P
b00000000 V
1W
#36940000
0$
0%
1&
b00000000000000000000110111100000 /
b001000 0
b0100 E
b00000000000000000000000000000010 K
0P
#36945000
0?
1A
1P
b0100 T
b100 U
b00000100 V
0W
#36950000
1%
0&
1'
b00000000000000000000110111100001 /
b010010 0
b00000000000000000000000001011111 4
b0100 J
b00000000000000000000000000000001 K
b00000000000000000000000111011001 M
b0100 N
0P
b0100 R
#36955000
1P
b00000011 V
#36960000
0'
1(
b00000000000000000000110111100010 /
b100010 0
b00000000000000000000000000000010 K
0P
#36965000
1P
b00000010 V
#36970000
1&
0(
b00000000000000000000110111100011 /
b001010 0
b00000000000000000000000000000011 K
0P
#36975000
1P
b00000001 V
#36980000
b00000000000000000000110111100100 /
b00000000000000000000000000000100 K
0P
#36985000
b0111 E
1P
b00000000 V
1W
#36990000
b00000000000000000000110111100101 /
b00000000000000000000000000000101 K
0P
#36995000
1@
0A
1P
b0111 T
b00000001 V
0W
#37000000
1(
b00000000000000000000110111100110 /
b101010 0
b0111 J
b00000000000000000000000000000001 K
0P
b0111 R
#37005000
b0000 E
1P
b00000000 V
1W
#37010000
0%
0&
1'
0(
b00000000000000000000110111100111 /
b010000 0
b00000000000000000000000000000010 K
0P
#37015000
1?
0@
1P
b0000 T
b00000001 V
0W
#37020000
1%
b00000000000000000000110111101000 /
b010010 0
b0000 J
b00000000000000000000000000000001 K
0P
b0000 R
#37025000
b0101 E
b0100 G
b100 H
1P
b00000000 V
1W
#37030000
0%
0'
1(
b00000000000000000000110111101001 /
b100000 0
b0110 E
b00000000000000000000000000000010 K
0P
#37035000
0;
1>
1P
b0110 T
b110 U
b00000011 V
0W
#37040000
1$
1%
b00000000000000000000110111101010 /
b100100 0
b00000000000000000000000001100010 6
b0110 J
b00000000000000000000000000000001 K
b00000000000000000000000111011010 M
b0110 N
0P
b0110 R
#37045000
1P
b00000010 V
#37050000
0$
1&
b00000000000000000000110111101011 /
b101010 0
b00000000000000000000000000000010 K
0P
#37055000
1P
b00000001 V
#37060000
1'
b00000000000000000000110111101100 /
b111010 0
b00000000000000000000000000000011 K
0P
#37065000
b0111 E
1P
b00000000 V
1W
#37070000
1$
0%
0&
b00000000000000000000110111101101 /
b110001 0
b00000000000000000000000000000100 K
0P
#37075000
1<
0>
1P
b0111 T
b00000001 V
0W
#37080000
0$
1%
1&
0(
b00000000000000000000110111101110 /
b011010 0
b0111 J
b00000000000000000000000000000001 K
0P
b0111 R
#37085000
b0000 E
1P
b00000000 V
1W
#37090000
1$
0'
b00000000000000000000110111101111 /
b001100 0
b00000000000000000000000000000010 K
0P
#37095000
1;
0<
1P
b0000 T
b00000001 V
0W
#37100000
1'
b00000000000000000000110111110000 /
b011100 0
b0000 J
b00000000000000000000000000000001 K
0P
b0000 R
#37105000
b0011 E
b0110 G
b110 H
1P
b00000000 V
1W
#37110000
0&
0'
1(
b00000000000000000000110111110001 /
b100100 0
b00000000000000000000000000000010 K
0P
#37115000
07
19
0;
1=
1P
b0011 T
b011 U
b00000010 V
0W
#37120000
0%
1&
0(
b00000000000000000000110111110010 /
b001001 0
b00000000000000000000000001001000 3
b0011 J
b00000000000000000000000000000001 K
b00000000000000000000000111011011 M
b0011 N
0P
b0011 R
#37125000
1P
b00000001 V
#37130000
1%
1'
b00000000000000000000110111110011 /
b011100 0
b00000000000000000000000000000010 K
0P
#37135000
b0111 E
1P
b00000000 V
1W
#37140000
0$
0%
0&
0'
1(
b00000000000000000000110111110100 /
b100000 0
b00000000000000000000000000000011 K
0P
#37145000
18
09
1<
0=
1P
b0111 T
b00000001 V
0W
#37150000
b00000000000000000000110111110101 /
b0111 J
b00000000000000000000000000000001 K
0P
b0111 R
#37155000
b0000 E
1P
b00000000 V
1W
#37160000
1%
b00000000000000000000110111110110 /
b100010 0
b00000000000000000000000000000010 K
0P
#37165000
17
08
1;
0<
1P
b0000 T
b00000001 V
0W
#37170000
1&
b00000000000000000000110111110111 /
b101010 0
b0000 J
b00000000000000000000000000000001 K
0P
b0000 R
#37175000
b0100 E
b0011 G
b011 H
1P
b00000000 V
1W
#37180000
1$
0&
1'
0(
b00000000000000000000110111111000 /
b010100 0
b0101 E
b00000000000000000000000000000010 K
0P
#37185000
07
1:
1P
b0101 T
b101 U
b00000011 V
0W
#37190000
0%
1&
0'
1(
b00000000000000000000110111111001 /
b101001 0
b00000000000000000000000001100100 5
b0101 J
b00000000000000000000000000000001 K
b00000000000000000000000111011100 M
b0101 N
0P
b0101 R
#37195000
1P
b00000010 V
#37200000
0&
0(
b00000000000000000000110111111010 /
b000001 0
b00000000000000000000000000000010 K
0P
#37205000
1P
b00000001 V
#37210000
0$
1&
b00000000000000000000110111111011 /
b001000 0
b00000000000000000000000000000011 K
0P
#37215000
b0111 E
1P
b00000000 V
1W
#37220000
1$
0&
1'
b00000000000000000000110111111100 /
b010001 0
b00000000000000000000000000000100 K
0P
#37225000
18
0:
1P
b0111 T
b00000001 V
0W
#37230000
0$
1&
0'
b00000000000000000000110111111101 /
b001000 0
b0111 J
b00000000000000000000000000000001 K
0P
b0111 R
#37235000
b0000 E
1P
b00000000 V
1W
#37240000
1'
b00000000000000000000110111111110 /
b011000 0
b00000000000000000000000000000010 K
0P
#37245000
17
08
1P
b0000 T
b00000001 V
0W
#37250000
1$
0'
1(
b00000000000000000000110111111111 /
b101001 0
b0000 J
b00000000000000000000000000000001 K
0P
b0000 R
#37255000
b0110 E
b0101 G
b101 H
1P
b00000000 V
1W
#37260000
0$
1%
b00000000000000000000111000000000 /
b101010 0
b00000000000000000000000000000010 K
0P
#37265000
0;
1>
1P
b0110 T
b110 U
b00000011 V
0W
#37270000
1'
0(
b00000000000000000000111000000001 /
b011010 0
b00000000000000000000000001100011 6
b0110 J
b00000000000000000000000000000001 K
b00000000000000000000000111011101 M
b0110 N
0P
b0110 R
#37275000
1P
b00000010 V
#37280000
0%
0'
1(
b00000000000000000000111000000010 /
b101000 0
b00000000000000000000000000000010 K
0P
#37285000
1P
b00000001 V
#37290000
1$
1'
b00000000000000000000111000000011 /
b111001 0
b00000000000000000000000000000011 K
0P
#37295000
b0111 E
1P
b00000000 V
1W
#37300000
0$
0&
0'
b00000000000000000000111000000100 /
b100000 0
b00000000000000000000000000000100 K
0P
#37305000
1<
0>
1P
b0111 T
b00000001 V
0W
#37310000
1$
1%
b00000000000000000000111000000101 /
b100100 0
b0111 J
b00000000000000000000000000000001 K
0P
b0111 R
#37315000
b0000 E
1P
b00000000 V
1W
#37320000
0(
1)
b00000000000000000000111000000110 /
b000100 0
b00000000000000000000000000000010 K
0P
#37325000
1;
0<
1P
b0000 T
b00000001 V
0W
#37330000
0%
1&
1'
1(
b00000000000000000000111000000111 /
b111001 0
b0000 J
b00000000000000000000000000000001 K
0P
b0000 R
#37335000
b0001 E
b0110 G
b110 H
1P
b00000000 V
1W
#37340000
0$
b00000000000000000000111000001000 /
b111000 0
b0100 E
b00000000000000000000000000000010 K
0P
#37345000
0?
1A
1C
1P
b0100 T
b100 U
b00000100 V
0W
#37350000
1$
1%
b00000000000000000000111000001001 /
b111100 0
b00000000000000000000000001100000 4
b0100 J
b00000000000000000000000000000001 K
b00000000000000000000000111011110 M
b0100 N
0P
b0100 R
#37355000
1P
b00000011 V
#37360000
0%
0&
b00000000000000000000111000001010 /
b110001 0
b00000000000000000000000000000010 K
0P
#37365000
1P
b00000010 V
#37370000
0$
1%
1&
b00000000000000000000111000001011 /
b111010 0
b00000000000000000000000000000011 K
0P
#37375000
1P
b00000001 V
#37380000
0(
b00000000000000000000111000001100 /
b011010 0
b00000000000000000000000000000100 K
0P
#37385000
b0111 E
1P
b00000000 V
1W
#37390000
1$
1(
b00000000000000000000111000001101 /
b111100 0
b00000000000000000000000000000101 K
0P
#37395000
1@
0A
0C
1P
b0111 T
b00000001 V
0W
#37400000
0$
0%
0&
0'
0(
b00000000000000000000111000001110 /
b000000 0
b0111 J
b00000000000000000000000000000001 K
0P
b0111 R
#37405000
b0000 E
1P
b00000000 V
1W
#37410000
1$
1'
1(
b00000000000000000000111000001111 /
b110001 0
b00000000000000000000000000000010 K
0P
#37415000
1?
0@
1P
b0000 T
b00000001 V
0W
#37420000
0$
1&
b00000000000000000000111000010000 /
b111000 0
b0000 J
b00000000000000000000000000000001 K
0P
b0000 R
#37425000
b0101 E
b0100 G
b100 H
1P
b00000000 V
1W
#37430000
1$
0'
0(
b00000000000000000000111000010001 /
b001001 0
b0001 E
b00000000000000000000000000000010 K
0P
#37435000
07
19
1P
b0001 T
b001 U
b00000010 V
0W
#37440000
1%
0&
1(
b00000000000000000000111000010010 /
b100100 0
b00000000000000000000000000101110 1
b0001 J
b00000000000000000000000000000001 K
b00000000000000000000000111011111 M
b0001 N
0P
b0001 R
#37445000
1P
b00000001 V
#37450000
0$
0%
1'
0(
b00000000000000000000111000010011 /
b010000 0
b00000000000000000000000000000010 K
0P
#37455000
b0111 E
1P
b00000000 V
1W
#37460000
1%
1&
1(
b00000000000000000000111000010100 /
b111010 0
b00000000000000000000000000000011 K
0P
#37465000
18
09
1P
b0111 T
b00000001 V
0W
#37470000
1$
0%
0&
0'
b00000000000000000000111000010101 /
b100001 0
b0111 J
b00000000000000000000000000000001 K
0P
b0111 R
#37475000
b0000 E
1P
b00000000 V
1W
#37480000
0$
1%
1&
1'
b00000000000000000000111000010110 /
b111010 0
b00000000000000000000000000000010 K
0P
#37485000
17
08
1P
b0000 T
b00000001 V
0W
#37490000
1$
0&
b00000000000000000000111000010111 /
b110100 0
b0000 J
b00000000000000000000000000000001 K
0P
b0000 R
#37495000
b0011 E
b0001 G
b001 H
1P
b00000000 V
1W
#37500000
0$
0'
0(
b00000000000000000000111000011000 /
b000010 0
b0010 E
b00000000000000000000000000000010 K
0P
#37505000
0;
1=
1P
b0010 T
b010 U
b00000010 V
0W
#37510000
1$
0%
b00000000000000000000111000011001 /
b000001 0
b00000000000000000000000001000011 2
b0010 J
b00000000000000000000000000000001 K
b00000000000000000000000111100000 M
b0010 N
0P
b0010 R
#37515000
1P
b00000001 V
#37520000
1%
b00000000000000000000111000011010 /
b000100 0
b00000000000000000000000000000010 K
0P
#37525000
b0111 E
1P
b00000000 V
1W
#37530000
1&
b00000000000000000000111000011011 /
b001100 0
b00000000000000000000000000000011 K
0P
#37535000
1<
0=
1P
b0111 T
b00000001 V
0W
#37540000
0$
0%
1(
b00000000000000000000111000011100 /
b101000 0
b0111 J
b00000000000000000000000000000001 K
0P
b0111 R
#37545000
b0000 E
1P
b00000000 V
1W
#37550000
0&
1'
b00000000000000000000111000011101 /
b110000 0
b00000000000000000000000000000010 K
0P
#37555000
1;
0<
1P
b0000 T
b00000001 V
0W
#37560000
1$
0(
b00000000000000000000111000011110 /
b010001 0
b0000 J
b00000000000000000000000000000001 K
0P
b0000 R
#37565000
b0101 E
b0010 G
b010 H
1P
b00000000 V
1W
#37570000
1%
1&
0'
b00000000000000000000111000011111 /
b001100 0
b0011 E
b00000000000000000000000000000010 K
0P
#37575000
07
19
0;
1=
1P
b0011 T
b011 U
b00000010 V
0W
#37580000
0$
0&
b00000000000000000000111000100000 /
b000010 0
b00000000000000000000000001001001 3
b0011 J
b00000000000000000000000000000001 K
b00000000000000000000000111100001 M
b0011 N
0P
b0011 R
#37585000
1P
b00000001 V
#37590000
1$
1(
b00000000000000000000111000100001 /
b100100 0
b00000000000000000000000000000010 K
0P
#37595000
b0111 E
1P
b00000000 V
1W
#37600000
0(
b00000000000000000000111000100010 /
b000100 0
b00000000000000000000000000000011 K
0P
#37605000
18
09
1<
0=
1P
b0111 T
b00000001 V
0W
#37610000
0%
1&
b00000000000000000000111000100011 /
b001001 0
b0111 J
b00000000000000000000000000000001 K
0P
b0111 R
#37615000
b0000 E
1P
b00000000 V
1W
#37620000
0$
1%
0&
1'
b00000000000000000000111000100100 /
b010010 0
b00000000000000000000000000000010 K
0P
#37625000
17
08
1;
0<
1P
b0000 T
b00000001 V
0W
#37630000
1$
0'
b00000000000000000000111000100101 /
b000100 0
b0000 J
b00000000000000000000000000000001 K
0P
b0000 R
#37635000
b0011 E
b0011 G
b011 H
1P
b00000000 V
1W
#37640000
0$
1'
1(
b00000000000000000000111000100110 /
b110010 0
b0101 E
b00000000000000000000000000000010 K
0P
#37645000
07
1:
1P
b0101 T
b101 U
b00000011 V
0W
#37650000
0%
1&
0(
b00000000000000000000111000100111 /
b011000 0
b00000000000000000000000001100101 5
b0101 J
b00000000000000000000000000000001 K
b00000000000000000000000111100010 M
b0101 N
0P
b0101 R
#37655000
1P
b00000010 V
#37660000
1%
b00000000000000000000111000101000 /
b011010 0
b00000000000000000000000000000010 K
0P
#37665000
1P
b00000001 V
#37670000
1$
0&
0'
b00000000000000000000111000101001 /
b000100 0
b00000000000000000000000000000011 K
0P
#37675000
b0111 E
1P
b00000000 V
1W
#37680000
0$
1&
1(
b00000000000000000000111000101010 /
b101010 0
b00000000000000000000000000000100 K
0P
#37685000
18
0:
1P
b0111 T
b00000001 V
0W
#37690000
1$
0%
0(
b00000000000000000000111000101011 /
b001001 0
b0111 J
b00000000000000000000000000000001 K
0P
b0111 R
#37695000
b0000 E
1P
b00000000 V
1W
#37700000
0$
1%
b00000000000000000000111000101100 /
b001010 0
b00000000000000000000000000000010 K
0P
#37705000
17
08
1P
b0000 T
b00000001 V
0W
#37710000
1(
b00000000000000000000111000101101 /
b101010 0
b0000 J
b00000000000000000000000000000001 K
0P
b0000 R
#37715000
b0110 E
b0101 G
b101 H
1P
b00000000 V
1W
#37720000
1'
0(
b00000000000000000000111000101110 /
b011010 0
b0010 E
b00000000000000000000000000000010 K
0P
#37725000
0;
1=
1P
b0010 T
b010 U
b00000010 V
0W
#37730000
1$
0&
0'
b00000000000000000000111000101111 /
b000100 0
b00000000000000000000000001000100 2
b0010 J
b00000000000000000000000000000001 K
b00000000000000000000000111100011 M
b0010 N
0P
b0010 R
#37735000
1P
b00000001 V
#37740000
1&
1'
1(
b00000000000000000000111000110000 /
b111100 0
b00000000000000000000000000000010 K
0P
#37745000
b0111 E
1P
b00000000 V
1W
#37750000
0$
0'
b00000000000000000000111000110001 /
b101010 0
b00000000000000000000000000000011 K
0P
#37755000
1<
0=
1P
b0111 T
b00000001 V
0W
#37760000
0%
0&
1'
0(
b00000000000000000000111000110010 /
b010000 0
b0111 J
b00000000000000000000000000000001 K
0P
b0111 R
#37765000
b0000 E
1P
b00000000 V
1W
#37770000
1$
b00000000000000000000111000110011 /
b010001 0
b00000000000000000000000000000010 K
0P
#37775000
1;
0<
1P
b0000 T
b00000001 V
0W
#37780000
1%
0'
b00000000000000000000111000110100 /
b000100 0
b0000 J
b00000000000000000000000000000001 K
0P
b0000 R
#37785000
b0011 E
b0010 G
b010 H
1P
b00000000 V
1W
#37790000
0$
1&
b00000000000000000000111000110101 /
b001010 0
b0100 E
b00000000000000000000000000000010 K
0P
#37795000
0?
1A
1C
1P
b0100 T
b100 U
b00000100 V
0W
#37800000
1$
1'
1(
b00000000000000000000111000110110 /
b111100 0
b00000000000000000000000001100001 4
b0100 J
b00000000000000000000000000000001 K
b00000000000000000000000111100100 M
b0100 N
0P
b0100 R
#37805000
1P
b00000011 V
#37810000
0%
b00000000000000000000111000110111 /
b111001 0
b00000000000000000000000000000010 K
0P
#37815000
1P
b00000010 V
#37820000
0$
0&
b00000000000000000000111000111000 /
b110000 0
b00000000000000000000000000000011 K
0P
#37825000
1P
b00000001 V
#37830000
1$
1%
1&
0'
0(
b00000000000000000000111000111001 /
b001100 0
b00000000000000000000000000000100 K
0P
#37835000
b0111 E
1P
b00000000 V
1W
#37840000
0%
0&
1'
1(
b00000000000000000000111000111010 /
b110001 0
b00000000000000000000000000000101 K
0P
#37845000
1@
0A
0C
1P
b0111 T
b00000001 V
0W
#37850000
0$
1%
1&
b00000000000000000000111000111011 /
b111010 0
b0111 J
b00000000000000000000000000000001 K
0P
b0111 R
#37855000
b0000 E
1P
b00000000 V
1W
#37860000
0&
0(
b00000000000000000000111000111100 /
b010010 0
b00000000000000000000000000000010 K
0P
#37865000
1?
0@
1P
b0000 T
b00000001 V
0W
#37870000
0%
1&
0'
b00000000000000000000111000111101 /
b001000 0
b0000 J
b00000000000000000000000000000001 K
0P
b0000 R
#37875000
b0100 E
b0100 G
b100 H
1P
b00000000 V
1W
#37880000
1$
b00000000000000000000111000111110 /
b001001 0
b0001 E
b00000000000000000000000000000010 K
0P
#37885000
07
19
1P
b0001 T
b001 U
b00000010 V
0W
#37890000
1(
b00000000000000000000111000111111 /
b101001 0
b00000000000000000000000000101111 1
b0001 J
b00000000000000000000000000000001 K
b00000000000000000000000111100101 M
b0001 N
0P
b0001 R
#37895000
1P
b00000001 V
#37900000
1%
1'
b00000000000000000000111001000000 /
b111100 0
b00000000000000000000000000000010 K
0P
#37905000
b0111 E
1P
b00000000 V
1W
#37910000
0$
0%
0&
0'
0(
b00000000000000000000111001000001 /
b000000 0
b00000000000000000000000000000011 K
0P
#37915000
18
09
1P
b0111 T
b00000001 V
0W
#37920000
1$
1%
1'
b00000000000000000000111001000010 /
b010100 0
b0111 J
b00000000000000000000000000000001 K
0P
b0111 R
#37925000
b0000 E
1P
b00000000 V
1W
#37930000
1&
0'
b00000000000000000000111001000011 /
b001100 0
b00000000000000000000000000000010 K
0P
#37935000
17
08
1P
b0000 T
b00000001 V
0W
#37940000
0$
0&
1(
b00000000000000000000111001000100 /
b100010 0
b0000 J
b00000000000000000000000000000001 K
0P
b0000 R
#37945000
b0010 E
b0001 G
b001 H
1P
b00000000 V
1W
#37950000
0%
b00000000000000000000111001000101 /
b100000 0
b0110 E
b00000000000000000000000000000010 K
0P
#37955000
0;
1>
1B
1P
b0110 T
b110 U
b00000011 V
0W
#37960000
1%
1'
0(
b00000000000000000000111001000110 /
b010010 0
b00000000000000000000000001100100 6
b0110 J
b00000000000000000000000000000001 K
b00000000000000000000000111100110 M
b0110 N
0P
b0110 R
#37965000
1P
b00000010 V
#37970000
b00000000000000000000111001000111 /
b00000000000000000000000000000010 K
0P
#37975000
1P
b00000001 V
#37980000
0%
1&
b00000000000000000000111001001000 /
b011000 0
b00000000000000000000000000000011 K
0P
#37985000
b0111 E
1P
b00000000 V
1W
#37990000
b00000000000000000000111001001001 /
b00000000000000000000000000000100 K
0P
#37995000
1<
0>
0B
1P
b0111 T
b00000001 V
0W
#38000000
1$
1%
b00000000000000000000111001001010 /
b011100 0
b0111 J
b00000000000000000000000000000001 K
0P
b0111 R
#38005000
b0000 E
1P
b00000000 V
1W
#38010000
0$
0'
1(
b00000000000000000000111001001011 /
b101010 0
b00000000000000000000000000000010 K
0P
#38015000
1;
0<
1P
b0000 T
b00000001 V
0W
#38020000
1$
0%
1'
0(
b00000000000000000000111001001100 /
b011001 0
b0000 J
b00000000000000000000000000000001 K
0P
b0000 R
#38025000
b0001 E
b0110 G
b110 H
1P
b00000000 V
1W
#38030000
0$
0&
1(
b00000000000000000000111001001101 /
b110000 0
b0101 E
b00000000000000000000000000000010 K
0P
#38035000
07
1:
1P
b0101 T
b101 U
b00000011 V
0W
#38040000
1$
1&
b00000000000000000000111001001110 /
b111001 0
b00000000000000000000000001100110 5
b0101 J
b00000000000000000000000000000001 K
b00000000000000000000000111100111 M
b0101 N
0P
b0101 R
#38045000
1P
b00000010 V
#38050000
0(
b00000000000000000000111001001111 /
b011001 0
b00000000000000000000000000000010 K
0P
#38055000
1P
b00000001 V
#38060000
0$
1%
0&
0'
1(
b00000000000000000000111001010000 /
b100010 0
b00000000000000000000000000000011 K
0P
#38065000
b0111 E
1P
b00000000 V
1W
#38070000
b00000000000000000000111001010001 /
b00000000000000000000000000000100 K
0P
#38075000
18
0:
1P
b0111 T
b00000001 V
0W
#38080000
1$
0%
b00000000000000000000111001010010 /
b100001 0
b0111 J
b00000000000000000000000000000001 K
0P
b0111 R
#38085000
b0000 E
1P
b00000000 V
1W
#38090000
1&
1'
b00000000000000000000111001010011 /
b111001 0
b00000000000000000000000000000010 K
0P
#38095000
17
08
1P
b0000 T
b00000001 V
0W
#38100000
0$
1%
0(
b00000000000000000000111001010100 /
b011010 0
b0000 J
b00000000000000000000000000000001 K
0P
b0000 R
#38105000
b0010 E
b0101 G
b101 H
1P
b00000000 V
1W
#38110000
0%
1(
b00000000000000000000111001010101 /
b111000 0
b0110 E
b00000000000000000000000000000010 K
0P
#38115000
0;
1>
1B
1P
b0110 T
b110 U
b00000011 V
0W
#38120000
0&
b00000000000000000000111001010110 /
b110000 0
b00000000000000000000000001100101 6
b0110 J
b00000000000000000000000000000001 K
b00000000000000000000000111101000 M
b0110 N
0P
b0110 R
#38125000
1P
b00000010 V
#38130000
1$
0(
b00000000000000000000111001010111 /
b010001 0
b00000000000000000000000000000010 K
0P
#38135000
1P
b00000001 V
#38140000
0$
0'
1(
b00000000000000000000111001011000 /
b100000 0
b00000000000000000000000000000011 K
0P
#38145000
b0111 E
1P
b00000000 V
1W
#38150000
0(
b00000000000000000000111001011001 /
b000000 0
b00000000000000000000000000000100 K
0P
#38155000
1<
0>
0B
1P
b0111 T
b00000001 V
0W
#38160000
1$
1%
1(
b00000000000000000000111001011010 /
b100100 0
b0111 J
b00000000000000000000000000000001 K
0P
b0111 R
#38165000
b0000 E
1P
b00000000 V
1W
#38170000
0$
b00000000000000000000111001011011 /
b100010 0
b00000000000000000000000000000010 K
0P
#38175000
1;
0<
1P
b0000 T
b00000001 V
0W
#38180000
b00000000000000000000111001011100 /
b0000 J
b00000000000000000000000000000001 K
0P
b0000 R
#38185000
b0010 E
b0110 G
b110 H
1P
b00000000 V
1W
#38190000
1$
0%
1&
0(
b00000000000000000000111001011101 /
b001001 0
b0001 E
b00000000000000000000000000000010 K
0P
#38195000
07
19
1P
b0001 T
b001 U
b00000010 V
0W
#38200000
1'
1(
b00000000000000000000111001011110 /
b111001 0
b00000000000000000000000000110000 1
b0001 J
b00000000000000000000000000000001 K
b00000000000000000000000111101001 M
b0001 N
0P
b0001 R
#38205000
1P
b00000001 V
#38210000
0$
b00000000000000000000111001011111 /
b111000 0
b00000000000000000000000000000010 K
0P
#38215000
b0111 E
1P
b00000000 V
1W
#38220000
0&
0(
b00000000000000000000111001100000 /
b010000 0
b00000000000000000000000000000011 K
0P
#38225000
18
09
1P
b0111 T
b00000001 V
0W
#38230000
1$
1(
b00000000000000000000111001100001 /
b110001 0
b0111 J
b00000000000000000000000000000001 K
0P
b0111 R
#38235000
b0000 E
1P
b00000000 V
1W
#38240000
1%
1&
b00000000000000000000111001100010 /
b111100 0
b00000000000000000000000000000010 K
0P
#38245000
17
08
1P
b0000 T
b00000001 V
0W
#38250000
b00000000000000000000111001100011 /
b0000 J
b00000000000000000000000000000001 K
0P
b0000 R
#38255000
b0011 E
b0001 G
b001 H
1P
b00000000 V
1W
#38260000
0'
0(
b00000000000000000000111001100100 /
b001100 0
b00000000000000000000000000000010 K
0P
#38265000
07
19
0;
1=
1P
b0011 T
b011 U
b00000010 V
0W
#38270000
0%
0&
1'
1(
b00000000000000000000111001100101 /
b110001 0
b00000000000000000000000001001010 3
b0011 J
b00000000000000000000000000000001 K
b00000000000000000000000111101010 M
b0011 N
0P
b0011 R
#38275000
1P
b00000001 V
#38280000
1%
b00000000000000000000111001100110 /
b110100 0
b00000000000000000000000000000010 K
0P
#38285000
b0111 E
1P
b00000000 V
1W
#38290000
0$
1&
0)
b00000000000000000000111001100111 /
b111010 0
b00000000000000000000000000000011 K
0P
#38295000
18
09
1<
0=
1P
b0111 T
b00000001 V
0W
#38300000
1$
0%
0&
0(
b00000000000000000000111001101000 /
b010001 0
b0111 J
b00000000000000000000000000000001 K
0P
b0111 R
#38305000
b0000 E
1P
b00000000 V
1W
#38310000
1%
1&
0'
b00000000000000000000111001101001 /
b001100 0
b00000000000000000000000000000010 K
0P
#38315000
17
08
1;
0<
1P
b0000 T
b00000001 V
0W
#38320000
0&
1'
b00000000000000000000111001101010 /
b010100 0
b0000 J
b00000000000000000000000000000001 K
0P
b0000 R
#38325000
b0101 E
b0011 G
b011 H
1P
b00000000 V
1W
#38330000
1&
1(
b00000000000000000000111001101011 /
b111100 0
b0100 E
b00000000000000000000000000000010 K
0P
#38335000
0?
1A
1P
b0100 T
b100 U
b00000100 V
0W
#38340000
0%
0(
b00000000000000000000111001101100 /
b011001 0
b00000000000000000000000001100010 4
b0100 J
b00000000000000000000000000000001 K
b00000000000000000000000111101011 M
b0100 N
0P
b0100 R
#38345000
1P
b00000011 V
#38350000
0$
1%
0&
b00000000000000000000111001101101 /
b010010 0
b00000000000000000000000000000010 K
0P
#38355000
1P
b00000010 V
#38360000
1$
0'
1(
b00000000000000000000111001101110 /
b100100 0
b00000000000000000000000000000011 K
0P
#38365000
1P
b00000001 V
#38370000
0%
1&
1'
0(
b00000000000000000000111001101111 /
b011001 0
b00000000000000000000000000000100 K
0P
#38375000
b0111 E
1P
b00000000 V
1W
#38380000
0&
0'
b00000000000000000000111001110000 /
b000001 0
b00000000000000000000000000000101 K
0P
#38385000
1@
0A
1P
b0111 T
b00000001 V
0W
#38390000
0$
1%
1'
1(
b00000000000000000000111001110001 /
b110010 0
b0111 J
b00000000000000000000000000000001 K
0P
b0111 R
#38395000
b0000 E
1P
b00000000 V
1W
#38400000
1$
0%
1&
0'
0(
b00000000000000000000111001110010 /
b001001 0
b00000000000000000000000000000010 K
0P
#38405000
1?
0@
1P
b0000 T
b00000001 V
0W
#38410000
1%
1'
1(
b00000000000000000000111001110011 /
b111100 0
b0000 J
b00000000000000000000000000000001 K
0P
b0000 R
#38415000
b0101 E
b0100 G
b100 H
1P
b00000000 V
1W
#38420000
0$
0%
0'
0(
b00000000000000000000111001110100 /
b001000 0
b0100 E
b00000000000000000000000000000010 K
0P
#38425000
0?
1A
1P
b0100 T
b00000100 V
0W
#38430000
1$
1%
1'
b00000000000000000000111001110101 /
b011100 0
b00000000000000000000000001100011 4
b0100 J
b00000000000000000000000000000001 K
b00000000000000000000000111101100 M
0P
b0100 R
#38435000
1P
b00000011 V
#38440000
0%
0'
b00000000000000000000111001110110 /
b001001 0
b00000000000000000000000000000010 K
0P
#38445000
1P
b00000010 V
#38450000
0$
1%
0&
b00000000000000000000111001110111 /
b000010 0
b00000000000000000000000000000011 K
0P
#38455000
1P
b00000001 V
#38460000
1$
0%
1'
1(
b00000000000000000000111001111000 /
b110001 0
b00000000000000000000000000000100 K
0P
#38465000
b0111 E
1P
b00000000 V
1W
#38470000
0$
0'
b00000000000000000000111001111001 /
b100000 0
b00000000000000000000000000000101 K
0P
#38475000
1@
0A
1P
b0111 T
b00000001 V
0W
#38480000
1'
b00000000000000000000111001111010 /
b110000 0
b0111 J
b00000000000000000000000000000001 K
0P
b0111 R
#38485000
b0000 E
1P
b00000000 V
1W
#38490000
1$
1&
0(
b00000000000000000000111001111011 /
b011001 0
b00000000000000000000000000000010 K
0P
#38495000
1?
0@
1P
b0000 T
b00000001 V
0W
#38500000
1%
0&
0'
b00000000000000000000111001111100 /
b000100 0
b0000 J
b00000000000000000000000000000001 K
0P
b0000 R
#38505000
b0011 E
1P
b00000000 V
1W
#38510000
0$
0%
1&
1'
1(
b00000000000000000000111001111101 /
b111000 0
b0101 E
b00000000000000000000000000000010 K
0P
#38515000
07
1:
1P
b0101 T
b101 U
b00000011 V
0W
#38520000
1$
1%
0&
0(
b00000000000000000000111001111110 /
b010100 0
b00000000000000000000000001100111 5
b0101 J
b00000000000000000000000000000001 K
b00000000000000000000000111101101 M
b0101 N
0P
b0101 R
#38525000
1P
b00000010 V
#38530000
0$
0%
b00000000000000000000111001111111 /
b010000 0
b00000000000000000000000000000010 K
0P
#38535000
1P
b00000001 V
#38540000
1&
1(
b00000000000000000000111010000000 /
b111000 0
b00000000000000000000000000000011 K
0P
#38545000
b0111 E
1P
b00000000 V
1W
#38550000
1%
0&
0(
b00000000000000000000111010000001 /
b010010 0
b00000000000000000000000000000100 K
0P
#38555000
18
0:
1P
b0111 T
b00000001 V
0W
#38560000
1$
1&
0'
b00000000000000000000111010000010 /
b001100 0
b0111 J
b00000000000000000000000000000001 K
0P
b0111 R
#38565000
b0000 E
1P
b00000000 V
1W
#38570000
0$
0&
b00000000000000000000111010000011 /
b000010 0
b00000000000000000000000000000010 K
0P
#38575000
17
08
1P
b0000 T
b00000001 V
0W
#38580000
1&
1'
b00000000000000000000111010000100 /
b011010 0
b0000 J
b00000000000000000000000000000001 K
0P
b0000 R
#38585000
b0010 E
b0101 G
b101 H
1P
b00000000 V
1W
#38590000
1$
0%
0'
1(
b00000000000000000000111010000101 /
b101001 0
b0110 E
b00000000000000000000000000000010 K
0P
#38595000
0;
1>
1P
b0110 T
b110 U
b00000011 V
0W
#38600000
1%
b00000000000000000000111010000110 /
b101100 0
b00000000000000000000000001100110 6
b0110 J
b00000000000000000000000000000001 K
b00000000000000000000000111101110 M
b0110 N
0P
b0110 R
#38605000
1P
b00000010 V
#38610000
0&
0(
b00000000000000000000111010000111 /
b000100 0
b00000000000000000000000000000010 K
0P
#38615000
1P
b00000001 V
#38620000
0$
0%
1'
1(
b00000000000000000000111010001000 /
b110000 0
b00000000000000000000000000000011 K
0P
#38625000
b0111 E
1P
b00000000 V
1W
#38630000
1$
1%
0(
b00000000000000000000111010001001 /
b010100 0
b00000000000000000000000000000100 K
0P
#38635000
1<
0>
1P
b0111 T
b00000001 V
0W
#38640000
0'
1(
b00000000000000000000111010001010 /
b100100 0
b0111 J
b00000000000000000000000000000001 K
0P
b0111 R
#38645000
b0000 E
1P
b00000000 V
1W
#38650000
0$
0(
b00000000000000000000111010001011 /
b000010 0
b00000000000000000000000000000010 K
0P
#38655000
1;
0<
1P
b0000 T
b00000001 V
0W
#38660000
1$
0%
1'
1(
b00000000000000000000111010001100 /
b110001 0
b0000 J
b00000000000000000000000000000001 K
0P
b0000 R
#38665000
b0001 E
b0110 G
b110 H
1P
b00000000 V
1W
#38670000
0$
1&
0'
0(
b00000000000000000000111010001101 /
b001000 0
b0100 E
b00000000000000000000000000000010 K
0P
#38675000
0?
1A
1P
b0100 T
b100 U
b00000100 V
0W
#38680000
1%
0&
b00000000000000000000111010001110 /
b000010 0
b00000000000000000000000001100100 4
b0100 J
b00000000000000000000000000000001 K
b00000000000000000000000111101111 M
b0100 N
0P
b0100 R
#38685000
1P
b00000011 V
#38690000
0%
1&
b00000000000000000000111010001111 /
b001000 0
b00000000000000000000000000000010 K
0P
#38695000
1P
b00000010 V
#38700000
1%
0&
b00000000000000000000111010010000 /
b000010 0
b00000000000000000000000000000011 K
0P
#38705000
1P
b00000001 V
#38710000
1'
1(
b00000000000000000000111010010001 /
b110010 0
b00000000000000000000000000000100 K
0P
#38715000
b0111 E
1P
b00000000 V
1W
#38720000
1$
1&
b00000000000000000000111010010010 /
b111100 0
b00000000000000000000000000000101 K
0P
#38725000
1@
0A
1P
b0111 T
b00000001 V
0W
#38730000
0$
0%
0&
0'
b00000000000000000000111010010011 /
b100000 0
b0111 J
b00000000000000000000000000000001 K
0P
b0111 R
#38735000
b0000 E
1P
b00000000 V
1W
#38740000
1$
1%
0(
b00000000000000000000111010010100 /
b000100 0
b00000000000000000000000000000010 K
0P
#38745000
1?
0@
1P
b0000 T
b00000001 V
0W
#38750000
1&
1'
b00000000000000000000111010010101 /
b011100 0
b0000 J
b00000000000000000000000000000001 K
0P
b0000 R
#38755000
b0101 E
b0100 G
b100 H
1P
b00000000 V
1W
#38760000
0'
1(
b00000000000000000000111010010110 /
b101100 0
b0110 E
b00000000000000000000000000000010 K
0P
#38765000
0;
1>
1P
b0110 T
b110 U
b00000011 V
0W
#38770000
0$
0%
1'
0(
b00000000000000000000111010010111 /
b011000 0
b00000000000000000000000001100111 6
b0110 J
b00000000000000000000000000000001 K
b00000000000000000000000111110000 M
b0110 N
0P
b0110 R
#38775000
1P
b00000010 V
#38780000
1%
0'
b00000000000000000000111010011000 /
b001010 0
b00000000000000000000000000000010 K
0P
#38785000
1P
b00000001 V
#38790000
b00000000000000000000111010011001 /
b00000000000000000000000000000011 K
0P
#38795000
b0111 E
1P
b00000000 V
1W
#38800000
1$
0%
b00000000000000000000111010011010 /
b001001 0
b00000000000000000000000000000100 K
0P
#38805000
1<
0>
1P
b0111 T
b00000001 V
0W
#38810000
0$
1%
0&
1(
b00000000000000000000111010011011 /
b100010 0
b0111 J
b00000000000000000000000000000001 K
0P
b0111 R
#38815000
b0000 E
1P
b00000000 V
1W
#38820000
1$
1&
0(
b00000000000000000000111010011100 /
b001100 0
b00000000000000000000000000000010 K
0P
#38825000
1;
0<
1P
b0000 T
b00000001 V
0W
#38830000
0$
0&
1(
b00000000000000000000111010011101 /
b100010 0
b0000 J
b00000000000000000000000000000001 K
0P
b0000 R
#38835000
b0010 E
b0110 G
b110 H
1P
b00000000 V
1W
#38840000
1$
b00000000000000000000111010011110 /
b100100 0
b0011 E
b00000000000000000000000000000010 K
0P
#38845000
07
19
0;
1=
1P
b0011 T
b011 U
b00000010 V
0W
#38850000
b00000000000000000000111010011111 /
b00000000000000000000000001001011 3
b0011 J
b00000000000000000000000000000001 K
b00000000000000000000000111110001 M
b0011 N
0P
b0011 R
#38855000
1P
b00000001 V
#38860000
0$
0%
1&
1'
0(
b00000000000000000000111010100000 /
b011000 0
b00000000000000000000000000000010 K
0P
#38865000
b0111 E
1P
b00000000 V
1W
#38870000
1$
1%
b00000000000000000000111010100001 /
b011100 0
b00000000000000000000000000000011 K
0P
#38875000
18
09
1<
0=
1P
b0111 T
b00000001 V
0W
#38880000
0$
0'
b00000000000000000000111010100010 /
b001010 0
b0111 J
b00000000000000000000000000000001 K
0P
b0111 R
#38885000
b0000 E
1P
b00000000 V
1W
#38890000
1$
1'
1(
b00000000000000000000111010100011 /
b111100 0
b00000000000000000000000000000010 K
0P
#38895000
17
08
1;
0<
1P
b0000 T
b00000001 V
0W
#38900000
0&
0(
b00000000000000000000111010100100 /
b010100 0
b0000 J
b00000000000000000000000000000001 K
0P
b0000 R
#38905000
b0101 E
b0011 G
b011 H
1P
b00000000 V
1W
#38910000
1(
b00000000000000000000111010100101 /
b110100 0
b00000000000000000000000000000010 K
0P
#38915000
07
1:
1P
b0101 T
b101 U
b00000011 V
0W
#38920000
0%
0(
b00000000000000000000111010100110 /
b010001 0
b00000000000000000000000001101000 5
b0101 J
b00000000000000000000000000000001 K
b00000000000000000000000111110010 M
b0101 N
0P
b0101 R
#38925000
1P
b00000010 V
#38930000
1%
0'
b00000000000000000000111010100111 /
b000100 0
b00000000000000000000000000000010 K
0P
#38935000
1P
b00000001 V
#38940000
0%
b00000000000000000000111010101000 /
b000001 0
b00000000000000000000000000000011 K
0P
#38945000
b0111 E
1P
b00000000 V
1W
#38950000
0$
1'
1(
b00000000000000000000111010101001 /
b110000 0
b00000000000000000000000000000100 K
0P
#38955000
18
0:
1P
b0111 T
b00000001 V
0W
#38960000
1$
1&
0'
b00000000000000000000111010101010 /
b101001 0
b0111 J
b00000000000000000000000000000001 K
0P
b0111 R
#38965000
b0000 E
1P
b00000000 V
1W
#38970000
0$
0&
0(
b00000000000000000000111010101011 /
b000000 0
b00000000000000000000000000000010 K
0P
#38975000
17
08
1P
b0000 T
b00000001 V
0W
#38980000
1&
1(
b00000000000000000000111010101100 /
b101000 0
b0000 J
b00000000000000000000000000000001 K
0P
b0000 R
#38985000
b0110 E
b0101 G
b101 H
1P
b00000000 V
1W
#38990000
1$
0&
b00000000000000000000111010101101 /
b100001 0
b00000000000000000000000000000010 K
0P
#38995000
0;
1>
1P
b0110 T
b110 U
b00000011 V
0W
#39000000
0$
1%
1&
1'
0(
b00000000000000000000111010101110 /
b011010 0
b00000000000000000000000001101000 6
b0110 J
b00000000000000000000000000000001 K
b00000000000000000000000111110011 M
b0110 N
0P
b0110 R
#39005000
1P
b00000010 V
#39010000
1$
0%
0&
1(
b00000000000000000000111010101111 /
b110001 0
b00000000000000000000000000000010 K
0P
#39015000
1P
b00000001 V
#39020000
0$
1%
1&
0(
b00000000000000000000111010110000 /
b011010 0
b00000000000000000000000000000011 K
0P
#39025000
b0111 E
1P
b00000000 V
1W
#39030000
0&
b00000000000000000000111010110001 /
b010010 0
b00000000000000000000000000000100 K
0P
#39035000
1<
0>
1P
b0111 T
b00000001 V
0W
#39040000
1$
1&
b00000000000000000000111010110010 /
b011100 0
b0111 J
b00000000000000000000000000000001 K
0P
b0111 R
#39045000
b0000 E
1P
b00000000 V
1W
#39050000
0'
1(
b00000000000000000000111010110011 /
b101100 0
b00000000000000000000000000000010 K
0P
#39055000
1;
0<
1P
b0000 T
b00000001 V
0W
#39060000
0$
0&
0(
b00000000000000000000111010110100 /
b000010 0
b0000 J
b00000000000000000000000000000001 K
0P
b0000 R
#39065000
b0010 E
b0110 G
b110 H
1P
b00000000 V
1W
#39070000
1$
0%
1'
1(
b00000000000000000000111010110101 /
b110001 0
b0001 E
b00000000000000000000000000000010 K
0P
#39075000
07
19
1P
b0001 T
b001 U
b00000010 V
0W
#39080000
0$
1%
0(
b00000000000000000000111010110110 /
b010010 0
b00000000000000000000000000110001 1
b0001 J
b00000000000000000000000000000001 K
b00000000000000000000000111110100 M
b0001 N
0P
b0001 R
#39085000
1P
b00000001 V
#39090000
0%
1&
1(
b00000000000000000000111010110111 /
b111000 0
b00000000000000000000000000000010 K
0P
#39095000
b0111 E
1P
b00000000 V
1W
#39100000
0&
b00000000000000000000111010111000 /
b110000 0
b00000000000000000000000000000011 K
0P
#39105000
18
09
1P
b0111 T
b00000001 V
0W
#39110000
1%
0'
0(
b00000000000000000000111010111001 /
b000010 0
b0111 J
b00000000000000000000000000000001 K
0P
b0111 R
#39115000
b0000 E
1P
b00000000 V
1W
#39120000
1$
b00000000000000000000111010111010 /
b000100 0
b00000000000000000000000000000010 K
0P
#39125000
17
08
1P
b0000 T
b00000001 V
0W
#39130000
0$
0%
1'
b00000000000000000000111010111011 /
b010000 0
b0000 J
b00000000000000000000000000000001 K
0P
b0000 R
#39135000
b0101 E
b0001 G
b001 H
1P
b00000000 V
1W
#39140000
1$
1%
1&
1(
b00000000000000000000111010111100 /
b111100 0
b0011 E
b00000000000000000000000000000010 K
0P
#39145000
07
19
0;
1=
1P
b0011 T
b011 U
b00000010 V
0W
#39150000
0%
b00000000000000000000111010111101 /
b111001 0
b00000000000000000000000001001100 3
b0011 J
b00000000000000000000000000000001 K
b00000000000000000000000111110101 M
b0011 N
0P
b0011 R
#39155000
1P
b00000001 V
#39160000
0$
1%
0'
0(
b00000000000000000000111010111110 /
b001010 0
b00000000000000000000000000000010 K
0P
#39165000
b0111 E
1P
b00000000 V
1W
#39170000
0&
1'
1(
b00000000000000000000111010111111 /
b110010 0
b00000000000000000000000000000011 K
0P
#39175000
18
09
1<
0=
1P
b0111 T
b00000001 V
0W
#39180000
1$
0%
1&
0'
b00000000000000000000111011000000 /
b101001 0
b0111 J
b00000000000000000000000000000001 K
0P
b0111 R
#39185000
b0000 E
1P
b00000000 V
1W
#39190000
0$
1%
1'
0(
b00000000000000000000111011000001 /
b011010 0
b00000000000000000000000000000010 K
0P
#39195000
17
08
1;
0<
1P
b0000 T
b00000001 V
0W
#39200000
1$
0&
0'
1(
b00000000000000000000111011000010 /
b100100 0
b0000 J
b00000000000000000000000000000001 K
0P
b0000 R
#39205000
b0110 E
b0011 G
b011 H
1P
b00000000 V
1W
#39210000
0$
b00000000000000000000111011000011 /
b100010 0
b00000000000000000000000000000010 K
0P
#39215000
0;
1>
1P
b0110 T
b110 U
b00000011 V
0W
#39220000
1$
0(
b00000000000000000000111011000100 /
b000100 0
b00000000000000000000000001101001 6
b0110 J
b00000000000000000000000000000001 K
b00000000000000000000000111110110 M
b0110 N
0P
b0110 R
#39225000
1P
b00000010 V
#39230000
0$
b00000000000000000000111011000101 /
b000010 0
b00000000000000000000000000000010 K
0P
#39235000
1P
b00000001 V
#39240000
0%
1(
b00000000000000000000111011000110 /
b100000 0
b00000000000000000000000000000011 K
0P
#39245000
b0111 E
1P
b00000000 V
1W
#39250000
1$
1&
1'
b00000000000000000000111011000111 /
b111001 0
b00000000000000000000000000000100 K
0P
#39255000
1<
0>
1P
b0111 T
b00000001 V
0W
#39260000
1%
0'
b00000000000000000000111011001000 /
b101100 0
b0111 J
b00000000000000000000000000000001 K
0P
b0111 R
#39265000
b0000 E
1P
b00000000 V
1W
#39270000
0$
0%
0&
b00000000000000000000111011001001 /
b100000 0
b00000000000000000000000000000010 K
0P
#39275000
1;
0<
1P
b0000 T
b00000001 V
0W
#39280000
1$
1%
0(
b00000000000000000000111011001010 /
b000100 0
b0000 J
b00000000000000000000000000000001 K
0P
b0000 R
#39285000
b0011 E
b0110 G
b110 H
1P
b00000000 V
1W
#39290000
0$
b00000000000000000000111011001011 /
b000010 0
b0010 E
b00000000000000000000000000000010 K
0P
#39295000
0;
1=
1P
b0010 T
b010 U
b00000010 V
0W
#39300000
1&
1'
1(
b00000000000000000000111011001100 /
b111010 0
b00000000000000000000000001000101 2
b0010 J
b00000000000000000000000000000001 K
b00000000000000000000000111110111 M
b0010 N
0P
b0010 R
#39305000
1P
b00000001 V
#39310000
0(
b00000000000000000000111011001101 /
b011010 0
b00000000000000000000000000000010 K
0P
#39315000
b0111 E
1P
b00000000 V
1W
#39320000
0&
1(
b00000000000000000000111011001110 /
b110010 0
b00000000000000000000000000000011 K
0P
#39325000
1<
0=
1P
b0111 T
b00000001 V
0W
#39330000
0'
0(
b00000000000000000000111011001111 /
b000010 0
b0111 J
b00000000000000000000000000000001 K
0P
b0111 R
#39335000
b0000 E
1P
b00000000 V
1W
#39340000
1$
0%
1'
1(
b00000000000000000000111011010000 /
b110001 0
b00000000000000000000000000000010 K
0P
#39345000
1;
0<
1P
b0000 T
b00000001 V
0W
#39350000
0$
1%
1&
b00000000000000000000111011010001 /
b111010 0
b0000 J
b00000000000000000000000000000001 K
0P
b0000 R
#39355000
b0100 E
b0010 G
b010 H
1P
b00000000 V
1W
#39360000
0%
0&
0'
b00000000000000000000111011010010 /
b100000 0
b0110 E
b00000000000000000000000000000010 K
0P
#39365000
0;
1>
1P
b0110 T
b110 U
b00000011 V
0W
#39370000
1$
0(
b00000000000000000000111011010011 /
b000001 0
b00000000000000000000000001101010 6
b0110 J
b00000000000000000000000000000001 K
b00000000000000000000000111111000 M
b0110 N
0P
b0110 R
#39375000
1P
b00000010 V
#39380000
b00000000000000000000111011010100 /
b00000000000000000000000000000010 K
0P
#39385000
1P
b00000001 V
#39390000
1%
b00000000000000000000111011010101 /
b000100 0
b00000000000000000000000000000011 K
0P
#39395000
b0111 E
1P
b00000000 V
1W
#39400000
0$
1&
b00000000000000000000111011010110 /
b001010 0
b00000000000000000000000000000100 K
0P
#39405000
1<
0>
1P
b0111 T
b00000001 V
0W
#39410000
0%
1'
b00000000000000000000111011010111 /
b011000 0
b0111 J
b00000000000000000000000000000001 K
0P
b0111 R
#39415000
b0000 E
1P
b00000000 V
1W
#39420000
1$
b00000000000000000000111011011000 /
b011001 0
b00000000000000000000000000000010 K
0P
#39425000
1;
0<
1P
b0000 T
b00000001 V
0W
#39430000
0$
1%
0'
1(
b00000000000000000000111011011001 /
b101010 0
b0000 J
b00000000000000000000000000000001 K
0P
b0000 R
#39435000
b0010 E
b0110 G
b110 H
1P
b00000000 V
1W
#39440000
1$
0%
b00000000000000000000111011011010 /
b101001 0
b0001 E
b00000000000000000000000000000010 K
0P
#39445000
07
19
1P
b0001 T
b001 U
b00000010 V
0W
#39450000
0$
0&
1'
0(
b00000000000000000000111011011011 /
b010000 0
b00000000000000000000000000110010 1
b0001 J
b00000000000000000000000000000001 K
b00000000000000000000000111111001 M
b0001 N
0P
b0001 R
#39455000
1P
b00000001 V
#39460000
1$
1%
b00000000000000000000111011011100 /
b010100 0
b00000000000000000000000000000010 K
0P
#39465000
b0111 E
1P
b00000000 V
1W
#39470000
0%
1&
b00000000000000000000111011011101 /
b011001 0
b00000000000000000000000000000011 K
0P
#39475000
18
09
1P
b0111 T
b00000001 V
0W
#39480000
b00000000000000000000111011011110 /
b0111 J
b00000000000000000000000000000001 K
0P
b0111 R
#39485000
b0000 E
1P
b00000000 V
1W
#39490000
1%
0'
b00000000000000000000111011011111 /
b001100 0
b00000000000000000000000000000010 K
0P
#39495000
17
08
1P
b0000 T
b00000001 V
0W
#39500000
0$
0%
1'
1(
b00000000000000000000111011100000 /
b111000 0
b0000 J
b00000000000000000000000000000001 K
0P
b0000 R
#39505000
b0100 E
b0001 G
b001 H
1P
b00000000 V
1W
#39510000
1$
1%
b00000000000000000000111011100001 /
b111100 0
b0011 E
b00000000000000000000000000000010 K
0P
#39515000
07
19
0;
1=
1P
b0011 T
b011 U
b00000010 V
0W
#39520000
0$
0%
0&
0'
0(
b00000000000000000000111011100010 /
b000000 0
b00000000000000000000000001001101 3
b0011 J
b00000000000000000000000000000001 K
b00000000000000000000000111111010 M
b0011 N
0P
b0011 R
#39525000
1P
b00000001 V
#39530000
1(
b00000000000000000000111011100011 /
b100000 0
b00000000000000000000000000000010 K
0P
#39535000
b0111 E
1P
b00000000 V
1W
#39540000
1$
1&
b00000000000000000000111011100100 /
b101001 0
b00000000000000000000000000000011 K
0P
#39545000
18
09
1<
0=
1P
b0111 T
b00000001 V
0W
#39550000
0$
1%
1'
b00000000000000000000111011100101 /
b111010 0
b0111 J
b00000000000000000000000000000001 K
0P
b0111 R
#39555000
b0000 E
1P
b00000000 V
1W
#39560000
1$
0%
b00000000000000000000111011100110 /
b111001 0
b00000000000000000000000000000010 K
0P
#39565000
17
08
1;
0<
1P
b0000 T
b00000001 V
0W
#39570000
0$
1%
0&
0'
b00000000000000000000111011100111 /
b100010 0
b0000 J
b00000000000000000000000000000001 K
0P
b0000 R
#39575000
b0110 E
b0011 G
b011 H
1P
b00000000 V
1W
#39580000
0%
1'
b00000000000000000000111011101000 /
b110000 0
b0101 E
b00000000000000000000000000000010 K
0P
#39585000
07
1:
1P
b0101 T
b101 U
b00000011 V
0W
#39590000
0'
0(
b00000000000000000000111011101001 /
b000000 0
b00000000000000000000000001101001 5
b0101 J
b00000000000000000000000000000001 K
b00000000000000000000000111111011 M
b0101 N
0P
b0101 R
#39595000
1P
b00000010 V
#39600000
1%
1&
1(
b00000000000000000000111011101010 /
b101010 0
b00000000000000000000000000000010 K
0P
#39605000
1P
b00000001 V
#39610000
1$
1'
b00000000000000000000111011101011 /
b111100 0
b00000000000000000000000000000011 K
0P
#39615000
b0111 E
1P
b00000000 V
1W
#39620000
0'
0(
b00000000000000000000111011101100 /
b001100 0
b00000000000000000000000000000100 K
0P
#39625000
18
0:
1P
b0111 T
b00000001 V
0W
#39630000
0$
0%
0&
b00000000000000000000111011101101 /
b000000 0
b0111 J
b00000000000000000000000000000001 K
0P
b0111 R
#39635000
b0000 E
1P
b00000000 V
1W
#39640000
1%
1&
1(
b00000000000000000000111011101110 /
b101010 0
b00000000000000000000000000000010 K
0P
#39645000
17
08
1P
b0000 T
b00000001 V
0W
#39650000
0%
0&
1'
b00000000000000000000111011101111 /
b110000 0
b0000 J
b00000000000000000000000000000001 K
0P
b0000 R
#39655000
b0110 E
b0101 G
b101 H
1P
b00000000 V
1W
#39660000
1$
1&
0'
b00000000000000000000111011110000 /
b101001 0
b00000000000000000000000000000010 K
0P
#39665000
0;
1>
1P
b0110 T
b110 U
b00000011 V
0W
#39670000
0&
b00000000000000000000111011110001 /
b100001 0
b00000000000000000000000001101011 6
b0110 J
b00000000000000000000000000000001 K
b00000000000000000000000111111100 M
b0110 N
0P
b0110 R
#39675000
1P
b00000010 V
#39680000
1%
b00000000000000000000111011110010 /
b100100 0
b00000000000000000000000000000010 K
0P
#39685000
1P
b00000001 V
#39690000
0%
1'
0(
b00000000000000000000111011110011 /
b010001 0
b00000000000000000000000000000011 K
0P
#39695000
b0111 E
1P
b00000000 V
1W
#39700000
1&
0'
1(
b00000000000000000000111011110100 /
b101001 0
b00000000000000000000000000000100 K
0P
#39705000
1<
0>
1P
b0111 T
b00000001 V
0W
#39710000
0$
1%
0&
b00000000000000000000111011110101 /
b100010 0
b0111 J
b00000000000000000000000000000001 K
0P
b0111 R
#39715000
b0000 E
1P
b00000000 V
1W
#39720000
b00000000000000000000111011110110 /
b00000000000000000000000000000010 K
0P
#39725000
1;
0<
1P
b0000 T
b00000001 V
0W
#39730000
0%
1'
0(
b00000000000000000000111011110111 /
b010000 0
b0000 J
b00000000000000000000000000000001 K
0P
b0000 R
#39735000
b0101 E
b0110 G
b110 H
1P
b00000000 V
1W
#39740000
0'
b00000000000000000000111011111000 /
b000000 0
b0001 E
0I
b00000000000000000000000000000010 K
0P
#39745000
07
19
1P
b0001 T
b001 U
b00000010 V
0W
#39750000
1'
1(
b00000000000000000000111011111001 /
b110000 0
b00000000000000000000000000110011 1
b0001 J
b00000000000000000000000000000001 K
b00000000000000000000000111111101 M
b0001 N
0P
b0001 R
#39755000
1P
b00000001 V
#39760000
1$
1%
0(
b00000000000000000000111011111010 /
b010100 0
b00000000000000000000000000000010 K
0P
#39765000
b0111 E
1P
b00000000 V
1W
#39770000
0$
0%
1&
b00000000000000000000111011111011 /
b011000 0
b00000000000000000000000000000011 K
0P
#39775000
18
09
1P
b0111 T
b00000001 V
0W
#39780000
1$
0'
1(
b00000000000000000000111011111100 /
b101001 0
b0111 J
b00000000000000000000000000000001 K
0P
b0111 R
#39785000
b0000 E
1P
b00000000 V
1W
#39790000
1'
0(
b00000000000000000000111011111101 /
b011001 0
b00000000000000000000000000000010 K
0P
#39795000
17
08
1P
b0000 T
b00000001 V
0W
#39800000
0$
1%
0&
0'
1(
b00000000000000000000111011111110 /
b100010 0
b0000 J
b00000000000000000000000000000001 K
0P
b0000 R
#39805000
b0010 E
b0001 G
b001 H
1I
1P
b00000000 V
1W
#39810000
1$
0%
1&
1'
b00000000000000000000111011111111 /
b111001 0
b0100 E
b00000000000000000000000000000010 K
0P
#39815000
0?
1A
1P
b0100 T
b100 U
b00000100 V
0W
#39820000
0$
1%
0&
0'
b00000000000000000000111100000000 /
b100010 0
b00000000000000000000000001100101 4
b0100 J
b00000000000000000000000000000001 K
b00000000000000000000000111111110 M
b0100 N
0P
b0100 R
#39825000
1P
b00000011 V
#39830000
0%
1'
0(
b00000000000000000000111100000001 /
b010000 0
b00000000000000000000000000000010 K
0P
#39835000
1P
b00000010 V
#39840000
0'
b00000000000000000000111100000010 /
b000000 0
b00000000000000000000000000000011 K
0P
#39845000
1P
b00000001 V
#39850000
1&
b00000000000000000000111100000011 /
b001000 0
b00000000000000000000000000000100 K
0P
#39855000
b0111 E
1P
b00000000 V
1W
#39860000
1%
b00000000000000000000111100000100 /
b001010 0
b00000000000000000000000000000101 K
0P
#39865000
1@
0A
1P
b0111 T
b00000001 V
0W
#39870000
1$
0&
b00000000000000000000111100000101 /
b000100 0
b0111 J
b00000000000000000000000000000001 K
0P
b0111 R
#39875000
b0000 E
1P
b00000000 V
1W
#39880000
0$
1'
b00000000000000000000111100000110 /
b010010 0
b00000000000000000000000000000010 K
0P
#39885000
1?
0@
1P
b0000 T
b00000001 V
0W
#39890000
1&
b00000000000000000000111100000111 /
b011010 0
b0000 J
b00000000000000000000000000000001 K
0P
b0000 R
#39895000
b0101 E
b0100 G
b100 H
1P
b00000000 V
1W
#39900000
1$
0%
1(
b00000000000000000000111100001000 /
b111001 0
b00000000000000000000000000000010 K
0P
#39905000
07
1:
1P
b0101 T
b101 U
b00000011 V
0W
#39910000
0$
1%
0'
b00000000000000000000111100001001 /
b101010 0
b00000000000000000000000001101010 5
b0101 J
b00000000000000000000000000000001 K
b00000000000000000000000111111111 M
b0101 N
0P
b0101 R
#39915000
1P
b00000010 V
#39920000
1$
0&
0(
b00000000000000000000111100001010 /
b000100 0
b00000000000000000000000000000010 K
0P
#39925000
1P
b00000001 V
#39930000
1&
1'
b00000000000000000000111100001011 /
b011100 0
b00000000000000000000000000000011 K
0P
#39935000
b0111 E
1P
b00000000 V
1W
#39940000
0%
0&
1(
b00000000000000000000111100001100 /
b110001 0
b00000000000000000000000000000100 K
0P
#39945000
18
0:
1P
b0111 T
b00000001 V
0W
#39950000
0$
1%
0'
0(
b00000000000000000000111100001101 /
b000010 0
b0111 J
b00000000000000000000000000000001 K
0P
b0111 R
#39955000
b0000 E
1P
b00000000 V
1W
#39960000
1$
1&
1'
b00000000000000000000111100001110 /
b011100 0
b00000000000000000000000000000010 K
0P
#39965000
17
08
1P
b0000 T
b00000001 V
0W
#39970000
0$
0%
0&
0'
1(
b00000000000000000000111100001111 /
b100000 0
b0000 J
b00000000000000000000000000000001 K
0P
b0000 R
#39975000
b0110 E
b0101 G
b101 H
1P
b00000000 V
1W
#39980000
1$
0(
b00000000000000000000111100010000 /
b000001 0
b0001 E
b00000000000000000000000000000010 K
0P
#39985000
07
19
1P
b0001 T
b001 U
b00000010 V
0W
#39990000
0$
1&
1'
b00000000000000000000111100010001 /
b011000 0
b00000000000000000000000000110100 1
b0001 J
b00000000000000000000000000000001 K
b00000000000000000000001000000000 M
b0001 N
0P
b0001 R
#39995000
1P
b00000001 V
#40000000
0&
b00000000000000000000111100010010 /
b010000 0
b00000000000000000000000000000010 K
0P
#40005000
b0111 E
1P
b00000000 V
1W
#40010000
1$
1&
0'
b00000000000000000000111100010011 /
b001001 0
b00000000000000000000000000000011 K
0P
#40015000
18
09
1P
b0111 T
b00000001 V
0W
#40020000
1%
0&
b00000000000000000000111100010100 /
b000100 0
b0111 J
b00000000000000000000000000000001 K
0P
b0111 R
#40025000
b0000 E
1P
b00000000 V
1W
#40030000
1&
1'
b00000000000000000000111100010101 /
b011100 0
b00000000000000000000000000000010 K
0P
#40035000
17
08
1P
b0000 T
b00000001 V
0W
#40040000
0$
0&
0'
1(
b00000000000000000000111100010110 /
b100010 0
b0000 J
b00000000000000000000000000000001 K
0P
b0000 R
#40045000
b0010 E
b0001 G
b001 H
1P
b00000000 V
1W
#40050000
1$
0%
1'
b00000000000000000000111100010111 /
b110001 0
b0101 E
b00000000000000000000000000000010 K
0P
#40055000
07
1:
1P
b0101 T
b101 U
b00000011 V
0W
#40060000
0$
0'
0(
b00000000000000000000111100011000 /
b000000 0
b00000000000000000000000001101011 5
b0101 J
b00000000000000000000000000000001 K
b00000000000000000000001000000001 M
b0101 N
0P
b0101 R
#40065000
1P
b00000010 V
#40070000
1%
1&
1'
b00000000000000000000111100011001 /
b011010 0
b00000000000000000000000000000010 K
0P
#40075000
1P
b00000001 V
#40080000
0'
1(
b00000000000000000000111100011010 /
b101010 0
b00000000000000000000000000000011 K
0P
#40085000
b0111 E
1P
b00000000 V
1W
#40090000
0%
0(
b00000000000000000000111100011011 /
b001000 0
b00000000000000000000000000000100 K
0P
#40095000
18
0:
1P
b0111 T
b00000001 V
0W
#40100000
1%
1'
1(
b00000000000000000000111100011100 /
b111010 0
b0111 J
b00000000000000000000000000000001 K
0P
b0111 R
#40105000
b0000 E
1P
b00000000 V
1W
#40110000
1$
0'
0(
b00000000000000000000111100011101 /
b001100 0
b00000000000000000000000000000010 K
0P
#40115000
17
08
1P
b0000 T
b00000001 V
0W
#40120000
0$
1'
1(
b00000000000000000000111100011110 /
b111010 0
b0000 J
b00000000000000000000000000000001 K
0P
b0000 R
#40125000
b0110 E
b0101 G
b101 H
1P
b00000000 V
1W
#40130000
0%
0&
0(
b00000000000000000000111100011111 /
b010000 0
b0101 E
b00000000000000000000000000000010 K
0P
#40135000
07
1:
1P
b0101 T
b00000011 V
0W
#40140000
1&
1(
b00000000000000000000111100100000 /
b111000 0
b00000000000000000000000001101100 5
b0101 J
b00000000000000000000000000000001 K
b00000000000000000000001000000010 M
0P
b0101 R
#40145000
1P
b00000010 V
#40150000
1%
0&
0(
b00000000000000000000111100100001 /
b010010 0
b00000000000000000000000000000010 K
0P
#40155000
1P
b00000001 V
#40160000
1&
0'
b00000000000000000000111100100010 /
b001010 0
b00000000000000000000000000000011 K
0P
#40165000
b0111 E
1P
b00000000 V
1W
#40170000
1$
b00000000000000000000111100100011 /
b001100 0
b00000000000000000000000000000100 K
0P
#40175000
18
0:
1P
b0111 T
b00000001 V
0W
#40180000
1'
b00000000000000000000111100100100 /
b011100 0
b0111 J
b00000000000000000000000000000001 K
0P
b0111 R
#40185000
b0000 E
1P
b00000000 V
1W
#40190000
0$
0%
0&
0'
1(
b00000000000000000000111100100101 /
b100000 0
b00000000000000000000000000000010 K
0P
#40195000
17
08
1P
b0000 T
b00000001 V
0W
#40200000
1%
0(
b00000000000000000000111100100110 /
b000010 0
b0000 J
b00000000000000000000000000000001 K
0P
b0000 R
#40205000
b0010 E
1P
b00000000 V
1W
#40210000
1&
b00000000000000000000111100100111 /
b001010 0
b00000000000000000000000000000010 K
0P
#40215000
0;
1=
1P
b0010 T
b010 U
b00000010 V
0W
#40220000
1$
0%
0&
b00000000000000000000111100101000 /
b000001 0
b00000000000000000000000001000110 2
b0010 J
b00000000000000000000000000000001 K
b00000000000000000000001000000011 M
b0010 N
0P
b0010 R
#40225000
1P
b00000001 V
#40230000
1'
1(
1)
b00000000000000000000111100101001 /
b110001 0
b00000000000000000000000000000010 K
0P
#40235000
b0111 E
1P
b00000000 V
1W
#40240000
1&
0'
b00000000000000000000111100101010 /
b101001 0
b00000000000000000000000000000011 K
0P
#40245000
1<
0=
1P
b0111 T
b00000001 V
0W
#40250000
0(
b00000000000000000000111100101011 /
b001001 0
b0111 J
b00000000000000000000000000000001 K
0P
b0111 R
#40255000
b0000 E
1P
b00000000 V
1W
#40260000
1%
0&
b00000000000000000000111100101100 /
b000100 0
b00000000000000000000000000000010 K
0P
#40265000
1;
0<
1P
b0000 T
b00000001 V
0W
#40270000
0$
0%
1'
b00000000000000000000111100101101 /
b010000 0
b0000 J
b00000000000000000000000000000001 K
0P
b0000 R
#40275000
b0101 E
b0010 G
b010 H
1P
b00000000 V
1W
#40280000
1$
1%
b00000000000000000000111100101110 /
b010100 0
b0011 E
b00000000000000000000000000000010 K
0P
#40285000
07
19
0;
1=
1P
b0011 T
b011 U
b00000010 V
0W
#40290000
0$
1&
1(
b00000000000000000000111100101111 /
b111010 0
b00000000000000000000000001001110 3
b0011 J
b00000000000000000000000000000001 K
b00000000000000000000001000000100 M
b0011 N
0P
b0011 R
#40295000
1P
b00000001 V
#40300000
0%
b00000000000000000000111100110000 /
b111000 0
b00000000000000000000000000000010 K
0P
#40305000
b0111 E
1P
b00000000 V
1W
#40310000
1$
0&
0'
0(
b00000000000000000000111100110001 /
b000001 0
b00000000000000000000000000000011 K
0P
#40315000
18
09
1<
0=
1P
b0111 T
b00000001 V
0W
#40320000
1'
1(
b00000000000000000000111100110010 /
b110001 0
b0111 J
b00000000000000000000000000000001 K
0P
b0111 R
#40325000
b0000 E
1P
b00000000 V
1W
#40330000
1&
0'
0(
b00000000000000000000111100110011 /
b001001 0
b00000000000000000000000000000010 K
0P
#40335000
17
08
1;
0<
1P
b0000 T
b00000001 V
0W
#40340000
0$
1%
0&
b00000000000000000000111100110100 /
b000010 0
b0000 J
b00000000000000000000000000000001 K
0P
b0000 R
#40345000
b0010 E
b0011 G
b011 H
1P
b00000000 V
1W
#40350000
0%
b00000000000000000000111100110101 /
b000000 0
b0100 E
0I
b00000000000000000000000000000010 K
0P
#40355000
0?
1A
1C
1P
b0100 T
b100 U
b00000100 V
0W
#40360000
1$
1%
1&
b00000000000000000000111100110110 /
b001100 0
b00000000000000000000000001100110 4
b0100 J
b00000000000000000000000000000001 K
b00000000000000000000001000000101 M
b0100 N
0P
b0100 R
#40365000
1P
b00000011 V
#40370000
1(
b00000000000000000000111100110111 /
b101100 0
b00000000000000000000000000000010 K
0P
#40375000
1P
b00000010 V
#40380000
0$
0%
0&
1'
b00000000000000000000111100111000 /
b110000 0
b00000000000000000000000000000011 K
0P
#40385000
1P
b00000001 V
#40390000
1$
1&
0(
b00000000000000000000111100111001 /
b011001 0
b00000000000000000000000000000100 K
0P
#40395000
b0111 E
1P
b00000000 V
1W
#40400000
0$
1%
0&
1(
b00000000000000000000111100111010 /
b110010 0
b00000000000000000000000000000101 K
0P
#40405000
1@
0A
0C
1P
b0111 T
b00000001 V
0W
#40410000
1$
0%
0'
0(
b00000000000000000000111100111011 /
b000001 0
b0111 J
b00000000000000000000000000000001 K
0P
b0111 R
#40415000
b0000 E
1P
b00000000 V
1W
#40420000
1(
b00000000000000000000111100111100 /
b100001 0
b00000000000000000000000000000010 K
0P
#40425000
1?
0@
1P
b0000 T
b00000001 V
0W
#40430000
1%
1'
b00000000000000000000111100111101 /
b110100 0
b0000 J
b00000000000000000000000000000001 K
0P
b0000 R
#40435000
b0101 E
b0100 G
b100 H
1I
1P
b00000000 V
1W
#40440000
0$
0%
b00000000000000000000111100111110 /
b110000 0
b00000000000000000000000000000010 K
0P
#40445000
07
1:
1P
b0101 T
b101 U
b00000011 V
0W
#40450000
1&
0(
b00000000000000000000111100111111 /
b011000 0
b00000000000000000000000001101101 5
b0101 J
b00000000000000000000000000000001 K
b00000000000000000000001000000110 M
b0101 N
0P
b0101 R
#40455000
1P
b00000010 V
#40460000
0'
1(
b00000000000000000000111101000000 /
b101000 0
b00000000000000000000000000000010 K
0P
#40465000
1P
b00000001 V
#40470000
1$
0&
0(
b00000000000000000000111101000001 /
b000001 0
b00000000000000000000000000000011 K
0P
#40475000
b0111 E
1P
b00000000 V
1W
#40480000
1'
1(
b00000000000000000000111101000010 /
b110001 0
b00000000000000000000000000000100 K
0P
#40485000
18
0:
1P
b0111 T
b00000001 V
0W
#40490000
1&
b00000000000000000000111101000011 /
b111001 0
b0111 J
b00000000000000000000000000000001 K
0P
b0111 R
#40495000
b0000 E
1P
b00000000 V
1W
#40500000
1%
0(
b00000000000000000000111101000100 /
b011100 0
b00000000000000000000000000000010 K
0P
#40505000
17
08
1P
b0000 T
b00000001 V
0W
#40510000
0$
0%
1(
b00000000000000000000111101000101 /
b111000 0
b0000 J
b00000000000000000000000000000001 K
0P
b0000 R
#40515000
b0110 E
b0101 G
b101 H
1P
b00000000 V
1W
#40520000
0'
0(
b00000000000000000000111101000110 /
b001000 0
b0100 E
b00000000000000000000000000000010 K
0P
#40525000
0?
1A
1C
1P
b0100 T
b100 U
b00000100 V
0W
#40530000
1%
0&
1'
b00000000000000000000111101000111 /
b010010 0
b00000000000000000000000001100111 4
b0100 J
b00000000000000000000000000000001 K
b00000000000000000000001000000111 M
b0100 N
0P
b0100 R
#40535000
1P
b00000011 V
#40540000
1$
0'
b00000000000000000000111101001000 /
b000100 0
b00000000000000000000000000000010 K
0P
#40545000
1P
b00000010 V
#40550000
1&
1'
b00000000000000000000111101001001 /
b011100 0
b00000000000000000000000000000011 K
0P
#40555000
1P
b00000001 V
#40560000
0%
0'
b00000000000000000000111101001010 /
b001001 0
b00000000000000000000000000000100 K
0P
#40565000
b0111 E
1P
b00000000 V
1W
#40570000
0$
1'
b00000000000000000000111101001011 /
b011000 0
b00000000000000000000000000000101 K
0P
#40575000
1@
0A
0C
1P
b0111 T
b00000001 V
0W
#40580000
0&
0'
1(
b00000000000000000000111101001100 /
b100000 0
b0111 J
b00000000000000000000000000000001 K
0P
b0111 R
#40585000
b0000 E
1P
b00000000 V
1W
#40590000
1%
1'
0(
b00000000000000000000111101001101 /
b010010 0
b00000000000000000000000000000010 K
0P
#40595000
1?
0@
1P
b0000 T
b00000001 V
0W
#40600000
0%
1&
b00000000000000000000111101001110 /
b011000 0
b0000 J
b00000000000000000000000000000001 K
0P
b0000 R
#40605000
b0101 E
b0100 G
b100 H
1P
b00000000 V
1W
#40610000
0&
1(
b00000000000000000000111101001111 /
b110000 0
b00000000000000000000000000000010 K
0P
#40615000
07
1:
1P
b0101 T
b101 U
b00000011 V
0W
#40620000
1$
1&
0(
b00000000000000000000111101010000 /
b011001 0
b00000000000000000000000001101110 5
b0101 J
b00000000000000000000000000000001 K
b00000000000000000000001000001000 M
b0101 N
0P
b0101 R
#40625000
1P
b00000010 V
#40630000
1%
0&
0'
b00000000000000000000111101010001 /
b000100 0
b00000000000000000000000000000010 K
0P
#40635000
1P
b00000001 V
#40640000
0$
1&
1(
b00000000000000000000111101010010 /
b101010 0
b00000000000000000000000000000011 K
0P
#40645000
b0111 E
1P
b00000000 V
1W
#40650000
1$
0%
1'
b00000000000000000000111101010011 /
b111001 0
b00000000000000000000000000000100 K
0P
#40655000
18
0:
1P
b0111 T
b00000001 V
0W
#40660000
0$
0&
b00000000000000000000111101010100 /
b110000 0
b0111 J
b00000000000000000000000000000001 K
0P
b0111 R
#40665000
b0000 E
1P
b00000000 V
1W
#40670000
1%
b00000000000000000000111101010101 /
b110010 0
b00000000000000000000000000000010 K
0P
#40675000
17
08
1P
b0000 T
b00000001 V
0W
#40680000
1&
b00000000000000000000111101010110 /
b111010 0
b0000 J
b00000000000000000000000000000001 K
0P
b0000 R
#40685000
b0110 E
b0101 G
b101 H
1P
b00000000 V
1W
#40690000
0&
0'
0(
b00000000000000000000111101010111 /
b000010 0
b0010 E
b00000000000000000000000000000010 K
0P
#40695000
0;
1=
1P
b0010 T
b010 U
b00000010 V
0W
#40700000
0%
1&
1'
1(
b00000000000000000000111101011000 /
b111000 0
b00000000000000000000000001000111 2
b0010 J
b00000000000000000000000000000001 K
b00000000000000000000001000001001 M
b0010 N
0P
b0010 R
#40705000
1P
b00000001 V
#40710000
1%
0&
0'
b00000000000000000000111101011001 /
b100010 0
b00000000000000000000000000000010 K
0P
#40715000
b0111 E
1P
b00000000 V
1W
#40720000
0%
1&
0(
b00000000000000000000111101011010 /
b001000 0
b00000000000000000000000000000011 K
0P
#40725000
1<
0=
1P
b0111 T
b00000001 V
0W
#40730000
0&
1'
b00000000000000000000111101011011 /
b010000 0
b0111 J
b00000000000000000000000000000001 K
0P
b0111 R
#40735000
b0000 E
1P
b00000000 V
1W
#40740000
1$
0'
1(
b00000000000000000000111101011100 /
b100001 0
b00000000000000000000000000000010 K
0P
#40745000
1;
0<
1P
b0000 T
b00000001 V
0W
#40750000
0$
1%
1&
1'
0(
b00000000000000000000111101011101 /
b011010 0
b0000 J
b00000000000000000000000000000001 K
0P
b0000 R
#40755000
b0100 E
b0010 G
b010 H
1P
b00000000 V
1W
#40760000
1$
0%
1(
b00000000000000000000111101011110 /
b111001 0
b00000000000000000000000000000010 K
0P
#40765000
0?
1A
1C
1P
b0100 T
b100 U
b00000100 V
0W
#40770000
0&
0'
0(
b00000000000000000000111101011111 /
b000001 0
b00000000000000000000000001101000 4
b0100 J
b00000000000000000000000000000001 K
b00000000000000000000001000001010 M
b0100 N
0P
b0100 R
#40775000
1P
b00000011 V
#40780000
0$
1&
1'
1(
b00000000000000000000111101100000 /
b111000 0
b00000000000000000000000000000010 K
0P
#40785000
1P
b00000010 V
#40790000
1%
0(
b00000000000000000000111101100001 /
b011010 0
b00000000000000000000000000000011 K
0P
#40795000
1P
b00000001 V
#40800000
0%
0&
1(
b00000000000000000000111101100010 /
b110000 0
b00000000000000000000000000000100 K
0P
#40805000
b0111 E
1P
b00000000 V
1W
#40810000
1%
0(
b00000000000000000000111101100011 /
b010010 0
b00000000000000000000000000000101 K
0P
#40815000
1@
0A
0C
1P
b0111 T
b00000001 V
0W
#40820000
1&
1(
b00000000000000000000111101100100 /
b111010 0
b0111 J
b00000000000000000000000000000001 K
0P
b0111 R
#40825000
b0000 E
1P
b00000000 V
1W
#40830000
1$
0%
b00000000000000000000111101100101 /
b111001 0
b00000000000000000000000000000010 K
0P
#40835000
1?
0@
1P
b0000 T
b00000001 V
0W
#40840000
0$
1%
0'
b00000000000000000000111101100110 /
b101010 0
b0000 J
b00000000000000000000000000000001 K
0P
b0000 R
#40845000
b0110 E
b0100 G
b100 H
1P
b00000000 V
1W
#40850000
1$
0(
b00000000000000000000111101100111 /
b001100 0
b0011 E
b00000000000000000000000000000010 K
0P
#40855000
07
19
0;
1=
1P
b0011 T
b011 U
b00000010 V
0W
#40860000
0$
0%
b00000000000000000000111101101000 /
b001000 0
b00000000000000000000000001001111 3
b0011 J
b00000000000000000000000000000001 K
b00000000000000000000001000001011 M
b0011 N
0P
b0011 R
#40865000
1P
b00000001 V
#40870000
1'
1(
b00000000000000000000111101101001 /
b111000 0
b00000000000000000000000000000010 K
0P
#40875000
b0111 E
1P
b00000000 V
1W
#40880000
b00000000000000000000111101101010 /
b00000000000000000000000000000011 K
0P
#40885000
18
09
1<
0=
1P
b0111 T
b00000001 V
0W
#40890000
1$
1%
b00000000000000000000111101101011 /
b111100 0
b0111 J
b00000000000000000000000000000001 K
0P
b0111 R
#40895000
b0000 E
1P
b00000000 V
1W
#40900000
0$
0%
0'
0(
b00000000000000000000111101101100 /
b001000 0
b00000000000000000000000000000010 K
0P
#40905000
17
08
1;
0<
1P
b0000 T
b00000001 V
0W
#40910000
1$
1%
0&
1(
b00000000000000000000111101101101 /
b100100 0
b0000 J
b00000000000000000000000000000001 K
0P
b0000 R
#40915000
b0110 E
b0011 G
b011 H
1P
b00000000 V
1W
#40920000
0%
b00000000000000000000111101101110 /
b100001 0
b00000000000000000000000000000010 K
0P
#40925000
0;
1>
1B
1P
b0110 T
b110 U
b00000011 V
0W
#40930000
0$
1&
1'
b00000000000000000000111101101111 /
b111000 0
b00000000000000000000000001101100 6
b0110 J
b00000000000000000000000000000001 K
b00000000000000000000001000001100 M
b0110 N
0P
b0110 R
#40935000
1P
b00000010 V
#40940000
1$
1%
0(
b00000000000000000000111101110000 /
b011100 0
b00000000000000000000000000000010 K
0P
#40945000
1P
b00000001 V
#40950000
0%
0&
1(
b00000000000000000000111101110001 /
b110001 0
b00000000000000000000000000000011 K
0P
#40955000
b0111 E
1P
b00000000 V
1W
#40960000
1%
0(
b00000000000000000000111101110010 /
b010100 0
b00000000000000000000000000000100 K
0P
#40965000
1<
0>
0B
1P
b0111 T
b00000001 V
0W
#40970000
0%
0'
b00000000000000000000111101110011 /
b000001 0
b0111 J
b00000000000000000000000000000001 K
0P
b0111 R
#40975000
b0000 E
1P
b00000000 V
1W
#40980000
1(
b00000000000000000000111101110100 /
b100001 0
b00000000000000000000000000000010 K
0P
#40985000
1;
0<
1P
b0000 T
b00000001 V
0W
#40990000
0$
1&
1'
0(
b00000000000000000000111101110101 /
b011000 0
b0000 J
b00000000000000000000000000000001 K
0P
b0000 R
#40995000
b0100 E
b0110 G
b110 H
1P
b00000000 V
1W
#41000000
0&
1(
b00000000000000000000111101110110 /
b110000 0
b0101 E
b00000000000000000000000000000010 K
0P
#41005000
07
1:
1P
b0101 T
b101 U
b00000011 V
0W
#41010000
1$
1%
1&
b00000000000000000000111101110111 /
b111100 0
b00000000000000000000000001101111 5
b0101 J
b00000000000000000000000000000001 K
b00000000000000000000001000001101 M
b0101 N
0P
b0101 R
#41015000
1P
b00000010 V
#41020000
0%
0(
b00000000000000000000111101111000 /
b011001 0
b00000000000000000000000000000010 K
0P
#41025000
1P
b00000001 V
#41030000
0$
0&
0'
1(
b00000000000000000000111101111001 /
b100000 0
b00000000000000000000000000000011 K
0P
#41035000
b0111 E
1P
b00000000 V
1W
#41040000
1'
b00000000000000000000111101111010 /
b110000 0
b00000000000000000000000000000100 K
0P
#41045000
18
0:
1P
b0111 T
b00000001 V
0W
#41050000
1$
1%
1&
0'
0(
b00000000000000000000111101111011 /
b001100 0
b0111 J
b00000000000000000000000000000001 K
0P
b0111 R
#41055000
b0000 E
1P
b00000000 V
1W
#41060000
0$
0%
0&
b00000000000000000000111101111100 /
b000000 0
b00000000000000000000000000000010 K
0P
#41065000
17
08
1P
b0000 T
b00000001 V
0W
#41070000
1%
1&
1'
1(
b00000000000000000000111101111101 /
b111010 0
b0000 J
b00000000000000000000000000000001 K
0P
b0000 R
#41075000
b0110 E
b0101 G
b101 H
1P
b00000000 V
1W
#41080000
1$
0%
0&
0(
b00000000000000000000111101111110 /
b010001 0
b0001 E
b00000000000000000000000000000010 K
0P
#41085000
07
19
1P
b0001 T
b001 U
b00000010 V
0W
#41090000
0'
b00000000000000000000111101111111 /
b000001 0
b00000000000000000000000000110101 1
b0001 J
b00000000000000000000000000000001 K
b00000000000000000000001000001110 M
b0001 N
0P
b0001 R
#41095000
1P
b00000001 V
#41100000
0$
1%
1&
1'
b00000000000000000000111110000000 /
b011010 0
b00000000000000000000000000000010 K
0P
#41105000
b0111 E
1P
b00000000 V
1W
#41110000
0%
0&
0'
b00000000000000000000111110000001 /
b000000 0
b00000000000000000000000000000011 K
0P
#41115000
18
09
1P
b0111 T
b00000001 V
0W
#41120000
1&
1(
b00000000000000000000111110000010 /
b101000 0
b0111 J
b00000000000000000000000000000001 K
0P
b0111 R
#41125000
b0000 E
1P
b00000000 V
1W
#41130000
1$
1'
0(
b00000000000000000000111110000011 /
b011001 0
b00000000000000000000000000000010 K
0P
#41135000
17
08
1P
b0000 T
b00000001 V
0W
#41140000
1%
0&
b00000000000000000000111110000100 /
b010100 0
b0000 J
b00000000000000000000000000000001 K
0P
b0000 R
#41145000
b0011 E
b0001 G
b001 H
1P
b00000000 V
1W
#41150000
1&
0'
b00000000000000000000111110000101 /
b001100 0
b00000000000000000000000000000010 K
0P
#41155000
07
19
0;
1=
1P
b0011 T
b011 U
b00000010 V
0W
#41160000
0&
b00000000000000000000111110000110 /
b000100 0
b00000000000000000000000001010000 3
b0011 J
b00000000000000000000000000000001 K
b00000000000000000000001000001111 M
b0011 N
0P
b0011 R
#41165000
1P
b00000001 V
#41170000
1'
b00000000000000000000111110000111 /
b010100 0
b00000000000000000000000000000010 K
0P
#41175000
b0111 E
1P
b00000000 V
1W
#41180000
0%
0'
b00000000000000000000111110001000 /
b000001 0
b00000000000000000000000000000011 K
0P
#41185000
18
09
1<
0=
1P
b0111 T
b00000001 V
0W
#41190000
1&
1(
b00000000000000000000111110001001 /
b101001 0
b0111 J
b00000000000000000000000000000001 K
0P
b0111 R
#41195000
b0000 E
1P
b00000000 V
1W
#41200000
0$
1%
0)
b00000000000000000000111110001010 /
b101010 0
b00000000000000000000000000000010 K
0P
#41205000
17
08
1;
0<
1P
b0000 T
b00000001 V
0W
#41210000
1$
0&
1'
0(
b00000000000000000000111110001011 /
b010100 0
b0000 J
b00000000000000000000000000000001 K
0P
b0000 R
#41215000
b0101 E
b0011 G
b011 H
1P
b00000000 V
1W
#41220000
0%
1(
b00000000000000000000111110001100 /
b110001 0
b00000000000000000000000000000010 K
0P
#41225000
07
1:
1P
b0101 T
b101 U
b00000011 V
0W
#41230000
1&
0(
b00000000000000000000111110001101 /
b011001 0
b00000000000000000000000001110000 5
b0101 J
b00000000000000000000000000000001 K
b00000000000000000000001000010000 M
b0101 N
0P
b0101 R
#41235000
1P
b00000010 V
#41240000
0$
0&
0'
b00000000000000000000111110001110 /
b000000 0
b00000000000000000000000000000010 K
0P
#41245000
1P
b00000001 V
#41250000
1&
1(
b00000000000000000000111110001111 /
b101000 0
b00000000000000000000000000000011 K
0P
#41255000
b0111 E
1P
b00000000 V
1W
#41260000
1$
0&
0(
b00000000000000000000111110010000 /
b000001 0
b00000000000000000000000000000100 K
0P
#41265000
18
0:
1P
b0111 T
b00000001 V
0W
#41270000
0$
1&
1(
b00000000000000000000111110010001 /
b101000 0
b0111 J
b00000000000000000000000000000001 K
0P
b0111 R
#41275000
b0000 E
1P
b00000000 V
1W
#41280000
1%
1'
0(
b00000000000000000000111110010010 /
b011010 0
b00000000000000000000000000000010 K
0P
#41285000
17
08
1P
b0000 T
b00000001 V
0W
#41290000
0%
0'
1(
b00000000000000000000111110010011 /
b101000 0
b0000 J
b00000000000000000000000000000001 K
0P
b0000 R
#41295000
b0110 E
b0101 G
b101 H
1P
b00000000 V
1W
#41300000
1$
1%
b00000000000000000000111110010100 /
b101100 0
b00000000000000000000000000000010 K
0P
#41305000
0;
1>
1P
b0110 T
b110 U
b00000011 V
0W
#41310000
0&
1'
b00000000000000000000111110010101 /
b110100 0
b00000000000000000000000001101101 6
b0110 J
b00000000000000000000000000000001 K
b00000000000000000000001000010001 M
b0110 N
0P
b0110 R
#41315000
1P
b00000010 V
#41320000
0$
0(
b00000000000000000000111110010110 /
b010010 0
b00000000000000000000000000000010 K
0P
#41325000
1P
b00000001 V
#41330000
1$
0%
1&
0'
1(
b00000000000000000000111110010111 /
b101001 0
b00000000000000000000000000000011 K
0P
#41335000
b0111 E
1P
b00000000 V
1W
#41340000
0$
1'
0(
b00000000000000000000111110011000 /
b011000 0
b00000000000000000000000000000100 K
0P
#41345000
1<
0>
1P
b0111 T
b00000001 V
0W
#41350000
1%
b00000000000000000000111110011001 /
b011010 0
b0111 J
b00000000000000000000000000000001 K
0P
b0111 R
#41355000
b0000 E
1P
b00000000 V
1W
#41360000
1$
0&
0'
1(
b00000000000000000000111110011010 /
b100100 0
b00000000000000000000000000000010 K
0P
#41365000
1;
0<
1P
b0000 T
b00000001 V
0W
#41370000
0$
0%
1'
0(
b00000000000000000000111110011011 /
b010000 0
b0000 J
b00000000000000000000000000000001 K
0P
b0000 R
#41375000
b0101 E
b0110 G
b110 H
1P
b00000000 V
1W
#41380000
1$
1%
1&
0'
b00000000000000000000111110011100 /
b001100 0
b0011 E
b00000000000000000000000000000010 K
0P
#41385000
07
19
0;
1=
1P
b0011 T
b011 U
b00000010 V
0W
#41390000
0$
0%
1'
b00000000000000000000111110011101 /
b011000 0
b00000000000000000000000001010001 3
b0011 J
b00000000000000000000000000000001 K
b00000000000000000000001000010010 M
b0011 N
0P
b0011 R
#41395000
1P
b00000001 V
#41400000
1$
b00000000000000000000111110011110 /
b011001 0
b00000000000000000000000000000010 K
0P
#41405000
b0111 E
1P
b00000000 V
1W
#41410000
0$
0&
1(
b00000000000000000000111110011111 /
b110000 0
b00000000000000000000000000000011 K
0P
#41415000
18
09
1<
0=
1P
b0111 T
b00000001 V
0W
#41420000
b00000000000000000000111110100000 /
b0111 J
b00000000000000000000000000000001 K
0P
b0111 R
#41425000
b0000 E
1P
b00000000 V
1W
#41430000
b00000000000000000000000000000010 K
0P
#41435000
17
08
1;
0<
1P
b0000 T
b00000001 V
0W
#41440000
b0000 J
b00000000000000000000000000000001 K
0P
b0000 R
#41445000
b0101 E
b0011 G
b011 H
1P
b00000000 V
1W
#41450000
b00000000000000000000000000000010 K
0P
#41455000
07
1:
1P
b0101 T
b101 U
b00000011 V
0W
#41460000
b00000000000000000000000001110001 5
b0101 J
b00000000000000000000000000000001 K
b00000000000000000000001000010011 M
b0101 N
0P
b0101 R
#41465000
1P
b00000010 V
#41470000
b00000000000000000000000000000010 K
0P
#41475000
1P
b00000001 V
#41480000
b00000000000000000000000000000011 K
0P
#41485000
b0111 E
1P
b00000000 V
1W
#41490000
b00000000000000000000000000000100 K
0P
#41495000
18
0:
1P
b0111 T
b00000001 V
0W
#41500000
b0111 J
b00000000000000000000000000000001 K
0P
b0111 R
#41505000
b0000 E
1P
b00000000 V
1W
#41510000
b00000000000000000000000000000010 K
0P
#41515000
17
08
1P
b0000 T
b00000001 V
0W
#41520000
b0000 J
b00000000000000000000000000000001 K
0P
b0000 R
#41525000
b0110 E
b0101 G
b101 H
1P
b00000000 V
1W
#41530000
b00000000000000000000000000000010 K
0P
#41535000
0;
1>
1P
b0110 T
b110 U
b00000011 V
0W
#41540000
b00000000000000000000000001101110 6
b0110 J
b00000000000000000000000000000001 K
b00000000000000000000001000010100 M
b0110 N
0P
b0110 R
#41545000
1P
b00000010 V
#41550000
b00000000000000000000000000000010 K
0P
#41555000
1P
b00000001 V
#41560000
b00000000000000000000000000000011 K
0P
#41565000
b0111 E
1P
b00000000 V
1W
#41570000
b00000000000000000000000000000100 K
0P
#41575000
1<
0>
1P
b0111 T
b00000001 V
0W
#41580000
b0111 J
b00000000000000000000000000000001 K
0P
b0111 R
#41585000
b0000 E
1P
b00000000 V
1W
#41590000
b00000000000000000000000000000010 K
0P
#41595000
1;
0<
1P
b0000 T
b00000001 V
0W
#41600000
b0000 J
b00000000000000000000000000000001 K
0P
b0000 R
#41605000
b0101 E
b0110 G
b110 H
1P
b00000000 V
1W
#41610000
b00000000000000000000000000000010 K
0P
#41615000
07
1:
1P
b0101 T
b101 U
b00000011 V
0W
#41620000
b00000000000000000000000001110010 5
b0101 J
b00000000000000000000000000000001 K
b00000000000000000000001000010101 M
b0101 N
0P
b0101 R
#41625000
1P
b00000010 V
#41630000
b00000000000000000000000000000010 K
0P
#41635000
1P
b00000001 V
#41640000
b00000000000000000000000000000011 K
0P
#41645000
b0111 E
1P
b00000000 V
1W
#41650000
b00000000000000000000000000000100 K
0P
#41655000
18
0:
1P
b0111 T
b00000001 V
0W
#41660000
b0111 J
b00000000000000000000000000000001 K
0P
b0111 R
#41665000
b0000 E
1P
b00000000 V
1W
#41670000
b00000000000000000000000000000010 K
0P
#41675000
17
08
1P
b0000 T
b00000001 V
0W
#41680000
b0000 J
b00000000000000000000000000000001 K
0P
b0000 R
#41685000
b0110 E
b0101 G
b101 H
1P
b00000000 V
1W
#41690000
b00000000000000000000000000000010 K
0P
#41695000
0;
1>
1P
b0110 T
b110 U
b00000011 V
0W
#41700000
b00000000000000000000000001101111 6
b0110 J
b00000000000000000000000000000001 K
b00000000000000000000001000010110 M
b0110 N
0P
b0110 R
#41705000
1P
b00000010 V
#41710000
b00000000000000000000000000000010 K
0P
#41715000
1P
b00000001 V
#41720000
b00000000000000000000000000000011 K
0P
